period,start_equity,end_equity,return_pct
2023,10000,54110.85691323007,441.10856913230066
2024,54110.85691323007,71212.56721292023,31.604951899234845
2025,71212.56721292023,71035.0857946804,-0.24922766470301116