period,start_equity,end_equity,return_pct
2023,10000,19475.438306860015,94.75438306860016
2024,19475.438306860015,21045.269232850038,8.060567886870441
2025,21045.269232850038,17927.73333506004,-14.813475956505073