period,start_equity,end_equity,return_pct
2023,10000,16382.287790710003,63.822877907100015
2024,16382.287790710003,18182.55592580002,10.989113108554394
2025,18182.55592580002,38952.00258587003,114.22732175182992