period,start_equity,end_equity,return_pct
2026-02,10000,10000,0
2026-03,10000,9427.360203340002,-5.726397966599983
2026-04,9427.360203340002,10099.333555736506,7.127905775345589