period,start_equity,end_equity,return_pct
2026,10000,10099.333555736506,0.9933355573650715