period,start_equity,end_equity,return_pct
2023,10000,51065.13775311004,410.65137753110037
2024,52471.93665711004,72125.77440919024,37.45590310590732
2025,72125.77440919024,79271.14465591036,9.906819448734637