period,start_equity,end_equity,return_pct
2023,10000,59513.329059000054,495.13329059000057
2024,61152.86365500006,77625.44462119025,26.93672868554757
2025,77625.44462119025,84953.84911869033,9.440724666071109