period,start_equity,end_equity,return_pct
2026-02,10000,10000,0
2026-03,10000,9376.017179740002,-6.239828202599984
2026-04,9376.017179740002,10222.229308500002,9.025283470987254