period,start_equity,end_equity,return_pct
2026,10000,10222.229308500002,2.2222930850000155