period,start_equity,end_equity,return_pct
2023,10000,55683.14564475006,456.8314564475006
2024,55891.33300335006,79958.54782535021,43.060727895964824
2025,79958.54782535021,99476.92575453312,24.410620827952023