period,start_equity,end_equity,return_pct
2023,10000,53822.337442600045,438.2233744260004
2024,55305.095782600045,72301.76962418016,30.73256379193825
2025,72301.76962418016,93984.13285392022,29.98870337813799