period,start_equity,end_equity,return_pct
2023,10000,32036.36958449005,220.3636958449005
2024,32036.36958449005,27932.129549770172,-12.811189557217762
2025,27932.129549770172,30305.96633008025,8.49858860950905