period,start_equity,end_equity,return_pct
2023-02,10000,9638.263802800002,-3.617361971999977
2023-03,9638.263802800002,9455.172470200003,-1.8996298124441147
2023-04,9455.172470200003,9824.302360240008,3.903999543143155
2023-05,9824.302360240008,9737.75195234001,-0.8809827377695201
2023-06,9737.75195234001,9268.59938508001,-4.8178734635694
2023-07,9119.614684080012,13325.725873800016,46.12158885465365
2023-08,13325.725873800016,13244.828445880019,-0.60707708297566
2023-09,13244.828445880019,13460.35601233002,1.6272582716391648
2023-10,13460.35601233002,20381.196445530026,51.41647387974244
2023-11,20751.18813053002,28717.780292610034,38.39101699607854
2023-12,28717.780292610034,48066.611617350056,67.3757899377727
2024-01,49390.80707735006,54078.91396279007,9.491861264988156
2024-02,54078.91396279007,55574.36165339009,2.7653064401940153
2024-03,56320.7769196401,72943.44194544014,29.514267975240593
2024-04,71110.65883944013,69384.57899994013,-2.427315212192449
2024-05,69384.57899994013,62240.49130699015,-10.296362384725487
2024-06,62763.916905190155,62273.11339947017,-0.7819835502959172
2024-07,62273.11339947017,59916.50009827018,-3.784319062518615
2024-08,59916.50009827018,59916.50009827018,0
2024-09,59916.50009827018,58882.979111120185,-1.7249355110109943
2024-10,58882.979111120185,58564.40657752022,-0.5410265214312204
2024-11,58564.40657752022,72933.30319312023,24.535203983635114
2024-12,72815.90763952023,57168.35291218025,-21.489198218614803
2025-01,57168.35291218025,53942.73088130025,-5.642321085995028
2025-02,53942.73088130025,54633.32327730026,1.280232544250759
2025-03,54633.32327730026,54633.32327730026,0
2025-04,54633.32327730026,96198.38703774338,76.08005749434813
2025-05,96198.38703774338,109707.0938238655,14.04255019454952
2025-06,109707.0938238655,120774.68735839553,10.088311656763981
2025-07,120774.68735839553,220710.81201407555,82.74591873636761
2025-08,220710.81201407555,246124.15965569552,11.514319307564902
2025-09,246124.15965569552,228805.33059039555,-7.036622934346381
2025-10,228805.33059039555,211551.1002180956,-7.541008912588776
2025-11,211551.1002180956,211551.1002180956,0
2025-12,211551.1002180956,211551.1002180956,0
2026-01,211551.1002180956,205523.80849263785,-2.849094955896714
2026-02,205523.80849263785,205523.80849263785,0
2026-03,205523.80849263785,185554.5589626179,-9.716270672716377
2026-04,185554.5589626179,179506.63550545793,-3.2593774526328945