period,start_equity,end_equity,return_pct
2023,10000,55107.22601871004,451.0722601871004
2024,56625.381846710035,81949.57311887018,44.72233201131426
2025,81949.57311887018,117153.05010354026,42.957486713941066