period,start_equity,end_equity,return_pct
2025,10000,15006.819797136026,50.06819797136026
2026,15006.819797136026,11504.397978252218,-23.338867703017442