period,start_equity,end_equity,return_pct
2023,10000,42902.791721870024,329.0279172187002
2024,44084.72724587003,50551.65935882015,14.669325448885374
2025,50551.65935882015,117328.33534722024,132.09591304295935