period,start_equity,end_equity,return_pct
2023-02,10000,10000,0
2023-03,10000,10000,0
2023-04,10000,10000,0
2023-05,10000,10000,0
2023-06,10000,10000,0
2023-07,10000,10000,0
2023-08,10000,10000,0
2023-09,10000,10000,0
2023-10,10000,11502.396766000003,15.023967660000025
2023-11,11951.262117999999,16025.578390000002,34.091096252199236
2023-12,16172.322832000002,17502.649782400003,8.225948518463277
2024-01,16766.8300838,15462.8458078,-7.777166402252145
2024-02,15462.8458078,19076.35882,23.369003721017624
2024-03,19463.944564000005,33741.6344086,73.35455461072178
2024-04,33741.6344086,33741.6344086,0
2024-05,33741.6344086,33741.6344086,0
2024-06,33741.6344086,33741.6344086,0
2024-07,33741.6344086,28363.79363260001,-15.938293654883829
2024-08,28363.79363260001,28363.79363260001,0
2024-09,28363.79363260001,29258.772049000014,3.1553551263021395
2024-10,29668.449319000014,25183.848803400015,-15.115722656687725
2024-11,25183.848803400015,27913.58945340002,10.83925126500709
2024-12,27716.711863400018,26057.31503340002,-5.986990225168931
2025-01,26057.31503340002,26057.31503340002,0
2025-02,26057.31503340002,26057.31503340002,0
2025-03,26057.31503340002,26057.31503340002,0
2025-04,26057.31503340002,26057.31503340002,0
2025-05,26057.31503340002,24232.605928500023,-7.002675074393128
2025-06,24232.605928500023,24232.605928500023,0
2025-07,24232.605928500023,24232.605928500023,0
2025-08,24232.605928500023,24232.605928500023,0
2025-09,24232.605928500023,24232.605928500023,0
2025-10,24232.605928500023,24232.605928500023,0
2025-11,24232.605928500023,24232.605928500023,0
2025-12,24232.605928500023,24232.605928500023,0
2026-01,24232.605928500023,24232.605928500023,0
2026-02,24232.605928500023,24232.605928500023,0
2026-03,24232.605928500023,20684.425138500024,-14.642175919788203
2026-04,20684.425138500024,20684.425138500024,0