period,start_equity,end_equity,return_pct
2023,10000,54548.30733999004,445.48307339990043
2024,56051.053535990046,81118.83475750024,44.72312229673672
2025,81118.83475750024,115218.81019087035,42.03706270597931