period,start_equity,end_equity,return_pct
2023,10000,34448.734542630016,244.48734542630018
2024,35397.76687863003,47784.86009097015,34.993996245052195
2025,47784.86009097015,44402.0941444302,-7.079158419842657