period,start_equity,end_equity,return_pct
2023,10000,55107.22601871004,451.0722601871004
2024,56625.381846710035,82652.56770255025,45.96381517796759
2025,82652.56770255025,119459.98251697037,44.53269370515203