period,start_equity,end_equity,return_pct
2023-02,10000,10000,0
2023-03,10000,10000,0
2023-04,10000,10000,0
2023-05,10000,10000,0
2023-06,10000,10000,0
2023-07,10000,10000,0
2023-08,10000,10000,0
2023-09,10000,10000,0
2023-10,10000,10343.020744000001,3.4302074400000215
2023-11,10629.8263382,10735.379326400001,0.9929888301249079
2023-12,10735.379326400001,10735.379326400001,0
2024-01,10735.379326400001,10735.379326400001,0
2024-02,10735.379326400001,10735.379326400001,0
2024-03,10735.379326400001,10735.379326400001,0
2024-04,10735.379326400001,10735.379326400001,0
2024-05,10735.379326400001,10735.379326400001,0
2024-06,10735.379326400001,10735.379326400001,0
2024-07,10735.379326400001,10735.379326400001,0
2024-08,10735.379326400001,10735.379326400001,0
2024-09,10735.379326400001,10735.379326400001,0
2024-10,10735.379326400001,10735.379326400001,0
2024-11,10735.379326400001,12367.953026000003,15.207415126778457
2024-12,12598.258231400003,15604.347228200002,23.861147641088976
2025-01,15604.347228200002,15604.347228200002,0
2025-02,15604.347228200002,15604.347228200002,0
2025-03,15604.347228200002,15604.347228200002,0
2025-04,15604.347228200002,15604.347228200002,0
2025-05,15604.347228200002,15604.347228200002,0
2025-06,15604.347228200002,15604.347228200002,0
2025-07,15604.347228200002,15604.347228200002,0
2025-08,15604.347228200002,14577.198620200004,-6.5824516269655025
2025-09,14577.198620200004,14577.198620200004,0
2025-10,14577.198620200004,14577.198620200004,0
2025-11,14577.198620200004,14577.198620200004,0
2025-12,14577.198620200004,14577.198620200004,0
2026-01,14577.198620200004,14577.198620200004,0
2026-02,14577.198620200004,14577.198620200004,0
2026-03,14577.198620200004,14577.198620200004,0
2026-04,14577.198620200004,14577.198620200004,0