period,start_equity,end_equity,return_pct
2023,10000,55107.22601871004,451.0722601871004
2024,56625.381846710035,79158.1576243202,39.792713166347205
2025,79158.1576243202,110331.0615755403,39.380532451455984