period,start_equity,end_equity,return_pct
2023-02,10000,9638.263802800002,-3.617361971999977
2023-03,9638.263802800002,9631.789973350002,-0.06716800434658499
2023-04,9652.085354000003,9824.997687250005,1.791450519843818
2023-05,9824.997687250005,9738.447279350006,-0.880920389552009
2023-06,9738.447279350006,9632.465428890006,-1.0882828383199317
2023-07,9477.630331890008,13191.143681730013,39.18187584659112
2023-08,13191.143681730013,13191.143681730013,0
2023-09,13191.143681730013,13191.143681730013,0
2023-10,13191.143681730013,19230.445607330017,45.78300465307306
2023-11,19579.54914533002,30612.97422820003,56.351783184454106
2023-12,31175.620211200032,54790.55337700005,75.74807816434782
2024-01,56299.97149700006,55362.31129892006,-1.6654718877254893
2024-02,55362.31129892006,66365.00788812008,19.87398345743314
2024-03,67256.01432562007,106855.83541812008,58.87922662317966
2024-04,104173.25238312007,95128.81234812006,-8.682113525396218
2024-05,95128.81234812006,88321.75247766008,-7.155623730011285
2024-06,89064.52282158009,86378.45249992008,-3.0158701091801965
2024-07,86378.45249992008,87326.73137992008,1.0978187876205192
2024-08,86837.88233992008,83436.3077699201,-3.9171551382204184
2024-09,83436.3077699201,81241.2123519101,-2.6308635612964593
2024-10,82245.4944399101,80220.64276911011,-2.4619606029353647
2024-11,80487.05074031012,96662.40452769015,20.09683997438232
2024-12,96506.81557905015,78703.36357884019,-18.44787012542849
2025-01,78703.36357884019,74262.86274034019,-5.64207250691614
2025-02,74262.86274034019,74262.86274034019,0
2025-03,74262.86274034019,74262.86274034019,0
2025-04,74262.86274034019,75160.0974593402,1.2081876268858593
2025-05,77248.5033893402,104980.82038854022,35.90013499604823
2025-06,104980.82038854022,97113.44697574024,-7.494105479155488
2025-07,97113.44697574024,120012.95432737026,23.580161208107974
2025-08,119398.05435803026,120482.48139822025,0.9082451519169643
2025-09,120482.48139822025,112680.84385322026,-6.47532940429233
2025-10,112680.84385322026,104183.58119012028,-7.541000202455561
2025-11,104183.58119012028,104183.58119012028,0
2025-12,104183.58119012028,104183.58119012028,0
2026-01,104183.58119012028,103349.7980682203,-0.800301844470519
2026-02,103349.7980682203,103349.7980682203,0
2026-03,103349.7980682203,90336.78268736032,-12.591234452408129
2026-04,90336.78268736032,97418.02218128034,7.838711190796932