period,start_equity,end_equity,return_pct
2026,10000,10044.352248534062,0.44352248534060834