period,start_equity,end_equity,return_pct
2023-02,10000,9638.263802800002,-3.617361971999977
2023-03,9638.263802800002,9631.789973350002,-0.06716800434658499
2023-04,9652.085354000003,9824.997687250005,1.791450519843818
2023-05,9824.997687250005,9738.447279350006,-0.880920389552009
2023-06,9738.447279350006,9632.465428890006,-1.0882828383199317
2023-07,9477.630331890008,13191.143681730013,39.18187584659112
2023-08,13191.143681730013,13191.143681730013,0
2023-09,13191.143681730013,13191.143681730013,0
2023-10,13191.143681730013,19230.445607330017,45.78300465307306
2023-11,19579.54914533002,30612.97422820003,56.351783184454106
2023-12,31175.620211200032,54790.55337700005,75.74807816434782
2024-01,56299.97149700006,55362.31129892006,-1.6654718877254893
2024-02,55362.31129892006,66365.00788812008,19.87398345743314
2024-03,67256.01432562007,104425.1259762201,55.26511201012556
2024-04,101804.03929702009,92966.93677782008,-8.680502836844395
2024-05,92966.93677782008,86314.66121843012,-7.155528395313393
2024-06,87040.53468551012,84415.56831042013,-3.0157976218486815
2024-07,84415.56831042013,85342.29160002014,1.09781087558658
2024-08,84864.55472322014,77109.06888802016,-9.138663203376197
2024-09,77109.06888802016,75080.42831632015,-2.6308715705620322
2024-10,76008.55954432015,74137.26081852018,-2.461957886083632
2024-11,74383.4687721202,89332.10471058026,20.09671797406547
2024-12,89188.31433970026,72735.00317548026,-18.447832864687474
2025-01,72735.00317548026,68631.18591386024,-5.6421490100428855
2025-02,68631.18591386024,68631.18591386024,0
2025-03,68631.18591386024,68631.18591386024,0
2025-04,68631.18591386024,69460.32923676026,1.2081145209128064
2025-05,71390.33679176026,97019.17906866028,35.899595699705465
2025-06,97019.17906866028,89748.46663356028,-7.494098079261757
2025-07,89748.46663356028,110910.82298961029,23.57962999240437
2025-08,110342.5691807103,111344.67803195027,0.908179733969039
2025-09,111344.67803195027,104134.67863795027,-6.4753875276652995
2025-10,104134.67863795027,96281.9347526503,-7.540949843041211
2025-11,96281.9347526503,96281.9347526503,0
2025-12,96281.9347526503,96281.9347526503,0
2026-01,96281.9347526503,95511.39279475033,-0.8002975427109038
2026-02,95511.39279475033,95511.39279475033,0
2026-03,95511.39279475033,83485.54512213034,-12.591008591470331
2026-04,83485.54512213034,90029.82690993036,7.838820215195863