period,start_equity,end_equity,return_pct
2023,10000,55107.22601871004,451.0722601871004
2024,56625.381846710035,83357.47519965023,47.20867653538543
2025,83357.47519965023,122586.2393944603,47.06088338310739