period,start_equity,end_equity,return_pct
2023,10000,49504.87422495003,395.04874224950026
2024,50868.682488950035,62647.78954167015,23.15591141028439
2025,62647.78954167015,65088.8689372702,3.8965132105361233