period,start_equity,end_equity,return_pct
2023,10000,55107.22601871004,451.0722601871004
2024,56625.381846710035,75734.88174717019,33.74723362076617
2025,75734.88174717019,107571.7725967203,42.03728865099823