period,start_equity,end_equity,return_pct
2023,10000,54423.349016390035,444.23349016390034
2024,55922.66154439004,73109.40150798016,30.73305076860069
2025,73109.40150798016,95033.95374756026,29.988690629873304