period,start_equity,end_equity,return_pct
2023,10000,10192.043386224896,1.9204338622489603
2024,10192.043386224896,47165.25386523291,362.76543454455197
2025,47165.25386523291,28912.799302103762,-38.698942690486916