accepted_gross,candidate_id,candidate_requested_gross,coverage_failures,entry_equity,entry_fee,entry_price,entry_ts_ms,entry_version,exit_fee,exit_price,exit_reason_actual,exit_ts_ms,family,funding_pnl,historical_fill_verified,modeled_realized_pnl_jpy_at_exit_fx,notional_entry_jpy,original_quantity,partial_actual,planned_exit_price,planned_exit_reason,planned_exit_ts_ms,position_id,price_pnl,priority_reductions,quantity,rank,reference_fx_exit_jpy_per_usd,route,settlement_currency,side,source_runtime_sha,strategy_id,symbol,total_pnl_jpy,wallet_after_exit
1.0,C000006,1.0,[],67.65013358113603,0.033825066790568015,3.2548,1754798400000,,0.03394005997592305,3.2658651612903227,V12_STOP,1754809200000,,0.0,False,23.979441777306118,67.65013358113603,20.784728272439484,,3.2658651612903227,V12_STOP,1754809200000,1,0.22998637071007436,,20.784728272439484,1,147.81936813186812,,USD,LONG,dbf84542311c15f69508f91a0e7311ff7e686d96,V12,XRPUSDT,0.16222124394358328,67.77856358335583
0.9994997498749374,C000005,1.0,[],67.61630851434546,0.03379124172377745,0.8216,1754798400000,,0.03419828199770617,0.8314967741935484,V12_STOP,1754809200000,,0.0,False,110.28670375663548,67.58248344755489,82.25716096343098,,0.8314967741935484,V12_STOP,1754809200000,2,0.8140805478574402,,82.25716096343098,2,147.81936813186812,,USD,LONG,dbf84542311c15f69508f91a0e7311ff7e686d96,V12,ADAUSDT,0.7460910241359566,68.55844584921557
1.0,C000021,1.0,[],71.62931528851513,0.035814657644257564,4216.9,1754841600000,,0.03597216949153903,4235.445806451613,V12_STOP,1754852400000,,0.0,False,35.955120049452745,71.62931528851513,0.016986249445923578,,4235.445806451613,V12_STOP,1754852400000,4,0.3150236945629226,,0.016986249445923578,1,147.81936813186812,,USD,LONG,dbf84542311c15f69508f91a0e7311ff7e686d96,V12,ETHUSDT,0.24323686742712602,68.71909723613166
1.0,C000031,1.0,[],70.51552122851508,0.03525776061425754,21.906,1754870400000,,0.03590460407206523,22.307890322580644,V12_STOP,1754881200000,,0.0,False,180.71280664402715,70.51552122851508,3.219004894938149,,22.307890322580644,V12_STOP,1754881200000,5,1.293686915615367,,3.219004894938149,1,147.81936813186812,,USD,LONG,dbf84542311c15f69508f91a0e7311ff7e686d96,V12,LINKUSDT,1.2225245509290443,69.92320311149344
0.12231122029848596,C000035,1.0,[],74.00718781222099,0.004525954726085994,4314.0,1754877600000,,0.004545996528385993,4333.1032258064515,V12_STOP,1754888400000,,0.0,False,4.5841230022602915,9.051909452171987,0.0020982636653157135,,4333.1032258064515,V12_STOP,1754888400000,6,0.04008360459999869,,0.0020982636653157135,1,147.81936813186812,,USD,LONG,dbf84542311c15f69508f91a0e7311ff7e686d96,V12,ETHUSDT,0.031011653345526705,69.93994744802181
0.5,C000039,0.5,[],75.17308617291488,0.01879327154322872,0.23933,1754884800000,,0.01889041396416497,0.24056709677419355,V12_STOP,1754895600000,,0.0,False,23.148683982608944,37.58654308645744,157.04902472091857,,0.24056709677419355,V12_STOP,1754895600000,7,0.19428484187249356,,157.04902472091857,1,147.81936813186812,,USD,LONG,dbf84542311c15f69508f91a0e7311ff7e686d96,V12,DOGEUSDT,0.1566011563650999,70.11534187593014
2.0,C000013,2.0,[],68.55844584921557,0.06855844584921557,23.48,1754816400000,,0.0699599813691314,23.96,Q102_TIME_EXIT,1754902800000,PB,-0.04191175177681603,False,387.67711488566727,137.11689169843115,5.839731332982587,,23.96,Q102_TIME_EXIT,1754902800000,3,2.8030710398316443,,5.839731332982587,,147.81936813186812,,USD,LONG,dbf84542311c15f69508f91a0e7311ff7e686d96,Q102,AVAXUSDT,2.622640860836481,72.79800872765908
1.0,C000045,1.0,[],72.90442091948796,0.036452210459743985,0.8078,1754899200000,,0.03686646063555538,0.81698,V12_STOP,1754910000000,,0.0,False,111.63047884033877,72.90442091948796,90.25058296544685,,0.81698,V12_STOP,1754910000000,8,0.8285003516228091,,90.25058296544685,2,147.81936813186812,,USD,LONG,dbf84542311c15f69508f91a0e7311ff7e686d96,V12,ADAUSDT,0.7551816805275097,73.57138896611464
0.5,C000050,0.5,[],73.01461012677616,0.01825365253169404,0.23313,1754906400000,,0.01821807485323395,0.2326756129032258,V12_STOP,1754917200000,,0.0,False,-15.90936759585726,36.50730506338808,156.59634136914204,,0.2326756129032258,V12_STOP,1754917200000,9,-0.07115535692018606,,156.59634136914204,1,147.81936813186812,,USD,LONG,dbf84542311c15f69508f91a0e7311ff7e686d96,V12,DOGEUSDT,-0.10762708430511406,73.44566517768716
1.0,C000054,1.0,[],72.70071330810221,0.036350356654051105,178.94,1754913600000,,0.03642641066374383,179.3143870967742,V12_STOP,1754924400000,,0.0,False,11.72669555375188,72.70071330810221,0.4062854214155706,,179.3143870967742,V12_STOP,1754924400000,10,0.1521080193854578,,0.4062854214155706,1,147.81936813186812,,USD,LONG,dbf84542311c15f69508f91a0e7311ff7e686d96,V12,SOLUSDT,0.07933125206766285,73.52448784820386
1.0,C000057,1.0,[],73.7178764100356,0.0368589382050178,4280.0,1754920800000,,0.03718145669234443,4317.450322580646,V12_STOP,1754931600000,,-0.007460317987907201,False,83.3015741339411,73.7178764100356,0.01722380289954103,,4317.450322580646,V12_STOP,1754931600000,11,0.6450369746532716,,0.01722380289954103,1,147.81936813186812,,USD,LONG,dbf84542311c15f69508f91a0e7311ff7e686d96,V12,ETHUSDT,0.5635362617680021,74.12488304817688
0.75,C000074,0.75,[],74.12488304817688,0.02779683114306633,11.371,1754974800000,,0.02825395957713136,11.558,Q102_TIME_EXIT,1755061200000,MR,0.012757568596735382,False,-142.15567857201432,55.59366228613266,4.889074161123267,,11.558,Q102_TIME_EXIT,1755061200000,12,-0.9142568681300479,,4.889074161123267,,148.45769429605377,,USD,SHORT,dbf84542311c15f69508f91a0e7311ff7e686d96,Q102,UNIUSDT,-0.9575500902535102,73.14645807693243
1.0,C000083,1.0,[],74.47996967827615,0.037239984839138075,0.036,1755003600000,RECOVERY_V8,0.03853097098022819,0.037247999999999996,RECOVERY_V8_TRAILING_STOP,1755064800000,,0.0163651038481845,False,374.49439593746376,74.47996967827615,2068.888046618782,,0.037247999999999996,RECOVERY_V8_TRAILING_STOP,1755064800000,13,2.581972282180238,,2068.888046618782,,148.45769429605377,RECOVERY_V8,USD,LONG,dbf84542311c15f69508f91a0e7311ff7e686d96,PENGU,PENGUUSDT,2.5225664302090562,75.66116606688422
1.0,C000130,1.0,[],73.07173596143261,0.036535867980716306,4670.3,1755093600000,,0.036693575093099555,4690.459354838709,V12_STOP,1755104400000,,-0.007306704214716192,False,34.8694578230688,73.07173596143261,0.01564604756898542,,4690.459354838709,V12_STOP,1755104400000,15,0.31541422476649866,,0.01564604756898542,1,148.45769429605377,,USD,LONG,dbf84542311c15f69508f91a0e7311ff7e686d96,V12,ETHUSDT,0.23487807747796663,75.8643545610591
0.9994997498749374,C000131,1.0,[],73.03520009345189,0.03649933211273559,202.56,1755093600000,,0.03642958105763557,202.17290322580646,V12_STOP,1755104400000,,-0.007121117718677481,False,-32.59420464384577,72.99866422547117,0.3603804513500749,,202.17290322580646,V12_STOP,1755104400000,16,-0.13950211020002504,,0.3603804513500749,2,148.45769429605377,,USD,LONG,dbf84542311c15f69508f91a0e7311ff7e686d96,V12,SOLUSDT,-0.2195521410890737,75.68842286980144
1.0,C000138,1.0,[],73.29687977923325,0.03664843988961663,0.8752,1755108000000,,0.03685519116525149,0.8801374193548387,V12_STOP,1755118800000,,0.0,False,50.47545575824715,73.29687977923325,83.74872004025737,,0.8801374193548387,V12_STOP,1755118800000,17,0.41350255126973545,,83.74872004025737,2,148.45769429605377,,USD,LONG,dbf84542311c15f69508f91a0e7311ff7e686d96,V12,ADAUSDT,0.33999892021486733,75.99155823232013
0.9999075554308696,C000142,1.0,[],73.73393169390089,0.03686355769617758,325.81,1755115200000,,0.03780618874861922,334.1412258064516,V12_STOP,1755133200000,,-0.0075084847482696565,False,265.5433999618752,73.72711539235516,0.22628868172356637,,334.1412258064516,V12_STOP,1755133200000,18,1.8852621048832852,,0.22628868172356637,2,147.27179574758773,,USD,LONG,dbf84542311c15f69508f91a0e7311ff7e686d96,V12,AAVEUSDT,1.8030838736902188,77.7933059018334
0.9943893504277579,C000146,1.0,[],74.05160179366376,0.03681806210286815,4717.5,1755122400000,,0.03723642737206187,4771.105161290323,V12_STOP,1755133200000,,-0.007415746952602703,False,111.22854092650086,73.6361242057363,0.015609141326070226,,4771.105161290323,V12_STOP,1755133200000,19,0.8367305383874398,,0.015609141326070226,1,147.27179574758773,,USD,LONG,dbf84542311c15f69508f91a0e7311ff7e686d96,V12,ETHUSDT,0.755260301959907,78.59280001284878
0.75,C000112,0.75,[],76.62218999525199,0.028733321248219496,11.558,1755061200000,,0.029866942505287163,12.014,Q102_TIME_EXIT,1755147600000,MR,0.01796491371068813,False,-339.8853174236235,57.46664249643899,4.972023057314328,,12.014,Q102_TIME_EXIT,1755147600000,14,-2.267242514135331,,4.972023057314328,,147.27179574758773,,USD,SHORT,dbf84542311c15f69508f91a0e7311ff7e686d96,Q102,UNIUSDT,-2.30787786417815,76.23893689183575
1.0,C000154,1.0,[],75.68416652431989,0.037842083262159945,0.9597,1755136800000,,0.03881801716636135,0.9844503225806451,V12_STOP,1755147600000,,0.0,False,276.1652065530923,75.68416652431989,78.86231793718859,,0.9844503225806451,V12_STOP,1755147600000,20,1.9518678084028147,,78.86231793718859,1,147.27179574758773,,USD,LONG,dbf84542311c15f69508f91a0e7311ff7e686d96,V12,ADAUSDT,1.8752077079742935,78.15198668307221
0.5,C000155,0.5,[],75.64632444105773,0.018911581110264433,0.24952,1755136800000,,0.01924110449219535,0.2538677419354839,V12_STOP,1755147600000,,0.0,False,91.44018587430065,37.823162220528864,151.58368956608234,,0.2538677419354839,V12_STOP,1755147600000,21,0.6590467638618296,,151.58368956608234,2,147.27179574758773,,USD,LONG,dbf84542311c15f69508f91a0e7311ff7e686d96,V12,DOGEUSDT,0.6208940782593697,78.79179234244184
0.75,C000161,0.75,[],78.79179234244184,0.029546922128415688,0.25207,1755147600000,,0.026194512191205038,0.22347,Q102_TIME_EXIT,1755190800000,MR,0.01105427872512544,False,980.8497054188879,59.093844256831375,234.4342613434021,,0.22347,Q102_TIME_EXIT,1755190800000,22,6.704819874421304,,234.4342613434021,,147.27179574758773,,USD,SHORT,dbf84542311c15f69508f91a0e7311ff7e686d96,Q102,DOGEUSDT,6.660132718826809,85.45192506126864
1.0,C000184,1.0,[],85.45192506126864,0.04272596253063432,0.034666,1755223200000,RECOVERY_V8,0.04016240477879627,0.032586040000000004,RECOVERY_V8_HARD_STOP,1755270000000,,0.09686798616163464,False,-749.2559256375841,85.45192506126864,2465.0067807439173,,0.032586040000000004,RECOVERY_V8_HARD_STOP,1755270000000,23,-5.127115503676115,,2465.0067807439173,,146.535500427716,RECOVERY_V8,USD,LONG,dbf84542311c15f69508f91a0e7311ff7e686d96,PENGU,PENGUUSDT,-5.113135884823911,80.33878917644472
1.0,C000251,1.0,[],78.89046751748246,0.03944523375874123,118002.0,1755417600000,,0.03944592236725247,118004.06000000001,V12_STOP,1755428400000,,0.0,False,-11.799203619643817,78.89046751748246,0.0006685519526574335,,118004.06000000001,V12_STOP,1755428400000,25,-0.001377217022482485,,0.0006685519526574335,1,146.99691991786446,,USD,SHORT,dbf84542311c15f69508f91a0e7311ff7e686d96,V12,BTCUSDT,-0.0802683731484762,80.24063781042854
0.75,C000234,0.75,[],80.33878917644472,0.03012704594116677,24.01,1755363600000,,0.03199665437316754,25.5,Q102_TIME_EXIT,1755450000000,MR,0.018535473662761995,False,-556.060696975625,60.25409188233354,2.5095415194641206,,25.5,Q102_TIME_EXIT,1755450000000,24,-3.739216864001536,,2.5095415194641206,,146.99691991786446,,USD,SHORT,dbf84542311c15f69508f91a0e7311ff7e686d96,Q102,AVAXUSDT,-3.7828050906531083,76.47571571264312
1.0,C000270,1.0,[],76.47571571264312,0.03823785785632156,116232.8,1755482400000,,0.0378532474163945,115063.68774193549,V12_STOP,1755493200000,,0.0,False,101.88794196683045,76.47571571264312,0.0006579529677736674,,115063.68774193549,V12_STOP,1755493200000,26,0.7692208798541226,,0.0006579529677736674,1,146.99691991786446,,USD,SHORT,dbf84542311c15f69508f91a0e7311ff7e686d96,V12,BTCUSDT,0.6931297745814065,77.14973611776084
0.5,C000271,0.5,[],76.4374778547868,0.019109369463696704,119.0,1755482400000,,0.01860644442642606,115.86812903225807,V12_STOP,1755493200000,,0.0,False,142.3127543826785,38.2187389273934,0.32116587333944036,,115.86812903225807,V12_STOP,1755493200000,27,1.005850074541276,,0.32116587333944036,2,146.99691991786446,,USD,SHORT,dbf84542311c15f69508f91a0e7311ff7e686d96,V12,LTCUSDT,0.9681342606511532,78.13697974787569
1.0,C000281,1.0,[],78.09791125800174,0.039048955629000875,4264.8,1755504000000,,0.038873376982471924,4245.623870967742,V12_STOP,1755514800000,,0.0,False,40.16469759950337,78.09791125800174,0.01831220954276912,,4245.623870967742,V12_STOP,1755514800000,29,0.3511572930578935,,0.01831220954276912,1,146.99691991786446,,USD,SHORT,dbf84542311c15f69508f91a0e7311ff7e686d96,V12,ETHUSDT,0.2732349604464207,78.37114621844816
1.0,C000289,1.0,[],79.01215216041133,0.03950607608020567,4288.48,1755525600000,,0.03952763783566206,4290.8205806451615,V12_STOP,1755536400000,,0.008007375911846708,False,-16.779676199859665,79.01215216041133,0.01842427903602473,,4290.8205806451615,V12_STOP,1755536400000,30,-0.043123510912782284,,0.01842427903602473,1,146.99691991786446,,USD,SHORT,dbf84542311c15f69508f91a0e7311ff7e686d96,V12,ETHUSDT,-0.11414984891680331,78.2649000482296
1.0,C000305,1.0,[],80.3089912850635,0.04015449564253175,4220.36,1755576000000,,0.04006578086720243,4211.035806451612,V12_STOP,1755586800000,,0.0,False,14.34613351977377,80.3089912850635,0.019028943333048248,,4211.035806451612,V12_STOP,1755586800000,31,0.1774295506586395,,0.019028943333048248,1,147.57988520517435,,USD,SHORT,dbf84542311c15f69508f91a0e7311ff7e686d96,V12,ETHUSDT,0.09720927414890533,78.33863809997555
0.5,C000304,0.5,[],80.26883678942097,0.020067209197355242,0.216266,1755576000000,,0.019985544878657318,0.21538589677419356,V12_STOP,1755586800000,,0.0,False,18.193040708907755,40.13441839471049,185.57895552102727,,0.21538589677419356,V12_STOP,1755586800000,32,0.16332863739584783,,185.57895552102727,2,147.57988520517435,,USD,SHORT,dbf84542311c15f69508f91a0e7311ff7e686d96,V12,DOGEUSDT,0.12327588331983526,78.48198119249274
1.0,C000320,1.0,[],79.55706790180137,0.03977853395090069,4190.5,1755619200000,,0.03942797772594792,4153.5703870967745,V12_STOP,1755630000000,,0.0,False,91.78080697220591,79.55706790180137,0.01898510151576217,,4153.5703870967745,V12_STOP,1755630000000,33,0.7011124499055359,,0.01898510151576217,1,147.57988520517435,,USD,SHORT,dbf84542311c15f69508f91a0e7311ff7e686d96,V12,ETHUSDT,0.6219059382286872,79.07582653465313
0.9994997498749376,C000319,1.0,[],79.51728936785048,0.039738755416949795,0.867,1755619200000,,0.03920030023416359,0.8552522580645162,V12_STOP,1755637200000,,0.0,False,147.2804913562406,79.47751083389959,91.66956266885765,,0.8552522580645162,V12_STOP,1755637200000,34,1.0769103655723975,,91.66956266885765,2,147.57988520517435,,USD,SHORT,dbf84542311c15f69508f91a0e7311ff7e686d96,V12,ADAUSDT,0.9979713099212842,80.09612832066409
0.5,C000327,0.5,[],83.29584033176486,0.020823960082941215,0.21208,1755633600000,,0.020817369372171605,0.21201287741935482,V12_STOP,1755644400000,,0.0,False,-4.2001099431770035,41.64792016588243,196.3783485754547,,0.21201287741935482,V12_STOP,1755644400000,35,0.013181421539221975,,196.3783485754547,1,147.57988520517435,,USD,SHORT,dbf84542311c15f69508f91a0e7311ff7e686d96,V12,DOGEUSDT,-0.028459907915890845,80.0470615028931
1.0,C000332,1.0,[],82.86173987608925,0.04143086993804462,4155.1,1755640800000,,0.04069174080727637,4080.972774193548,V12_STOP,1755651600000,,0.00813138280931762,False,207.56273642509902,82.86173987608925,0.019942177053762663,,4080.972774193548,V12_STOP,1755651600000,36,1.478258261536517,,0.019942177053762663,2,147.8085944187639,,USD,SHORT,dbf84542311c15f69508f91a0e7311ff7e686d96,V12,ETHUSDT,1.4042670336005136,81.47505836491773
0.5,C000336,0.5,[],85.62743675210567,0.021406859188026418,113.0,1755648000000,,0.02137504528310696,112.83206451612904,V12_STOP,1755662400000,,0.0,False,3.081203971798589,42.81371837605283,0.37888246350489235,,112.83206451612904,V12_STOP,1755662400000,37,0.0636278098389165,,0.37888246350489235,2,147.8085944187639,,USD,SHORT,dbf84542311c15f69508f91a0e7311ff7e686d96,V12,LTCUSDT,0.020845905367783125,81.47404605154463
1.0,C000339,1.0,[],86.5301558578194,0.0432650779289097,2.8831,1755655200000,,0.04335254129193622,2.888928387096774,V12_STOP,1755666000000,,0.0,False,-38.65850205311051,86.5301558578194,30.012887467593696,,2.888928387096774,V12_STOP,1755666000000,38,-0.17492672605305057,,30.012887467593696,1,147.8085944187639,,USD,SHORT,dbf84542311c15f69508f91a0e7311ff7e686d96,V12,XRPUSDT,-0.2615443452738965,81.23837781600925
0.5,C000342,0.5,[],84.4450797457905,0.021111269936447623,0.211813,1755662400000,,0.021191656183333234,0.21261952903225806,V12_STOP,1755673200000,,0.0,False,-30.01629237508915,42.22253987289525,199.33875575576215,,0.21261952903225806,V12_STOP,1755673200000,39,-0.16077249377122016,,199.33875575576215,2,147.8085944187639,,USD,SHORT,dbf84542311c15f69508f91a0e7311ff7e686d96,V12,DOGEUSDT,-0.20307541989100103,81.0564136660547
1.0,C000351,1.0,[],85.08074574954487,0.042540372874772435,2.8642,1755676800000,,0.042656241109960955,2.8720012903225807,V12_STOP,1755687600000,,0.0,False,-46.84543372431545,85.08074574954487,29.704889934203226,,2.8720012903225807,V12_STOP,1755687600000,40,-0.2317364703770278,,29.704889934203226,1,147.8085944187639,,USD,SHORT,dbf84542311c15f69508f91a0e7311ff7e686d96,V12,XRPUSDT,-0.3169330843617612,80.72213348623434
0.5,C000354,0.5,[],84.21165253080328,0.02105291313270082,0.214348,1755684000000,,0.020838238805573766,0.21216231612903225,V12_STOP,1755694800000,,0.0,False,57.26954881430806,42.10582626540164,196.4367582874654,,0.21216231612903225,V12_STOP,1755694800000,41,0.4293486542541064,,196.4367582874654,2,147.8085944187639,,USD,SHORT,dbf84542311c15f69508f91a0e7311ff7e686d96,V12,DOGEUSDT,0.3874575023158318,81.13434971935698
1.0,C000363,1.0,[],86.07957129784222,0.04303978564892111,2.8424,1755698400000,,0.04281252778106959,2.827391612903226,V12_STOP,1755709200000,,0.008786027731821695,False,55.79027266935862,86.07957129784222,30.284115992767457,,2.827391612903226,V12_STOP,1755709200000,42,0.4545157357030613,,30.284115992767457,1,147.8085944187639,,USD,SHORT,dbf84542311c15f69508f91a0e7311ff7e686d96,V12,XRPUSDT,0.3774494500048923,81.48539606899227
0.9216789783738311,C000366,1.0,[],81.60796505578213,0.037608172929890285,2.516,1755705600000,,0.03892197092955787,2.603893548387097,V12_STOP,1755712800000,,0.007482770814269904,False,-398.5870665202116,75.21634585978057,29.89520900627209,,2.603893548387097,V12_STOP,1755712800000,43,-2.627595999335149,,29.89520900627209,1,147.8085944187639,,USD,SHORT,dbf84542311c15f69508f91a0e7311ff7e686d96,V12,NEARUSDT,-2.696643372380328,78.81887809872757
1.0,C000280,1.0,[],78.13697974787569,0.039068489873937844,0.031522,1755504000000,SHORT_V20,0.03912550245353943,0.031568,SHORT_MAX_HOLD,1755763200000,,0.05384430855416196,False,-20.400520794841263,78.13697974787569,2478.8078087645354,,0.031568,SHORT_MAX_HOLD,1755763200000,28,-0.11402515920316227,,2478.8078087645354,,147.42940520127027,SHORT_V20,USD,SHORT,dbf84542311c15f69508f91a0e7311ff7e686d96,PENGU,PENGUUSDT,-0.1383748429764776,78.66056716008742
0.75,C000374,0.75,[],77.91306892679867,0.029217400847549504,10.605,1755723600000,,0.028173233481097713,10.226,Q102_TIME_EXIT,1755810000000,MR,0.01341275360525087,False,301.3983147360661,58.434801695099004,5.510118028769354,,10.226,Q102_TIME_EXIT,1755810000000,44,2.088334732903583,,5.510118028769354,,147.42940520127027,,USD,SHORT,dbf84542311c15f69508f91a0e7311ff7e686d96,Q102,UNIUSDT,2.0443568521801865,80.66511996056528
1.0,C000404,1.0,[],80.34619753504607,0.040173098767523036,2.9034,1755799200000,,0.03957255590087585,2.8599974193548388,V12_STOP,1755810000000,,0.0,False,165.31850082017343,80.34619753504607,27.673140984723453,,2.8599974193548388,V12_STOP,1755810000000,45,1.201085733294376,,27.673140984723453,1,147.42940520127027,,USD,SHORT,dbf84542311c15f69508f91a0e7311ff7e686d96,V12,XRPUSDT,1.121340078625977,81.82663313795878
0.5,C000407,0.5,[],81.91990544448245,0.020479976361120613,0.215096,1755806400000,,0.020426879957752452,0.21453834193548388,V12_STOP,1755817200000,,0.0,False,9.625068838045049,40.959952722241226,190.42638041730774,,0.21453834193548388,V12_STOP,1755817200000,46,0.10619280673632832,,190.42638041730774,1,147.42940520127027,,USD,SHORT,dbf84542311c15f69508f91a0e7311ff7e686d96,V12,DOGEUSDT,0.06528595041745525,81.91239906473736
1.0,C000429,1.0,[],81.61090361778781,0.04080545180889391,4620.8,1755878400000,,0.04293788800861753,4862.276585967742,V12_TAKE_PROFIT,1755882000000,,0.0,False,618.2064609259221,81.61090361778781,0.017661639460220698,,4862.276585967742,V12_TAKE_PROFIT,1755882000000,48,4.264872399447245,,0.017661639460220698,1,147.85634504682534,,USD,LONG,dbf84542311c15f69508f91a0e7311ff7e686d96,V12,ETHUSDT,4.181129059629733,86.07389733505732
1.0,C000435,1.0,[],84.85293552480043,0.042426467762400215,197.03,1755885600000,,0.04283781972572643,198.94033290322582,V12_STOP,1755896400000,,0.0,False,109.03512973948149,84.85293552480043,0.43065997830178365,,198.94033290322582,V12_STOP,1755896400000,49,0.8227039266524157,,0.43065997830178365,2,147.85634504682534,,USD,LONG,dbf84542311c15f69508f91a0e7311ff7e686d96,V12,SOLUSDT,0.737439639164289,86.76888384835641
0.9952140821649771,C000439,1.0,[],85.31456020569448,0.042453125865209454,4834.51,1755892800000,,0.04354673246426573,4959.048580645162,V12_STOP,1755903600000,,0.0,False,310.6777245839598,84.9062517304189,0.017562535133947163,,4959.048580645162,V12_STOP,1755903600000,50,2.187213198112558,,0.017562535133947163,1,147.85634504682534,,USD,LONG,dbf84542311c15f69508f91a0e7311ff7e686d96,V12,ETHUSDT,2.101213339783083,88.9125503140047
1.0,C000452,1.0,[],87.0909479274555,0.04354547396372775,200.6703,1755907200000,,0.04341480434712219,200.06813612903227,V12_STOP,1755918000000,,0.0,False,-51.78884880142325,87.0909479274555,0.4340001880071715,,200.06813612903227,V12_STOP,1755918000000,51,-0.26133923321112057,,0.4340001880071715,2,148.6905582356995,,USD,LONG,dbf84542311c15f69508f91a0e7311ff7e686d96,V12,SOLUSDT,-0.34829951152197053,88.56934821640667
1.0,C000503,1.0,[],88.02077657962727,0.044010388289813636,4751.9,1756022400000,,0.04416809490241472,4768.927935483871,V12_STOP,1756033200000,,0.02570816351379297,False,37.610221824082274,88.02077657962727,0.018523280494039705,,4768.927935483871,V12_STOP,1756033200000,52,0.3154132252021591,,0.018523280494039705,1,148.6905582356995,,USD,LONG,dbf84542311c15f69508f91a0e7311ff7e686d96,V12,ETHUSDT,0.25294290552372367,88.84242886108835
1.0,C000512,1.0,[],88.84242886108835,0.04442121443054418,4770.0,1756044000000,,0.044818134669101714,4812.621741935483,V12_STOP,1756054800000,,-0.008931346136127638,False,103.43952821533898,88.84242886108835,0.01862524714068938,,4812.621741935483,V12_STOP,1756054800000,53,0.7938404771150637,,0.01862524714068938,1,148.6905582356995,,USD,LONG,dbf84542311c15f69508f91a0e7311ff7e686d96,V12,ETHUSDT,0.6956697818792902,89.54304157337731
1.0,C000523,1.0,[],88.69744760045799,0.044348723800228994,348.93,1756072800000,,0.04416285557037241,347.4676129032258,V12_STOP,1756083600000,,-0.008781029518557363,False,-69.74019403924983,88.69744760045799,0.25419839968033126,,347.4676129032258,V12_STOP,1756083600000,54,-0.3717364597131657,,0.25419839968033126,1,148.6905582356995,,USD,LONG,dbf84542311c15f69508f91a0e7311ff7e686d96,V12,AAVEUSDT,-0.46902906860232446,89.0789836216504
1.0,C000532,1.0,[],89.36084827929017,0.044680424139645084,340.89,1756101600000,,0.044510667456313616,339.5948387096774,V12_STOP,1756112400000,,-0.008626497683049902,False,-65.0269839727594,89.36084827929017,0.26213983478333236,,339.5948387096774,V12_STOP,1756112400000,55,-0.33951336666293297,,0.26213983478333236,1,148.6905582356995,,USD,LONG,dbf84542311c15f69508f91a0e7311ff7e686d96,V12,AAVEUSDT,-0.43733095594194155,88.64637254360537
0.6,C000427,0.6,[],81.91239906473736,0.024573719719421207,3.6268,1755874800000,,0.023497078034350066,3.4679,Q102_TIME_EXIT,1756134000000,HIGH_VOL,0.044812008673520684,False,319.68835517859,49.14743943884241,13.551185463450539,,3.4679,Q102_TIME_EXIT,1756134000000,47,2.1532833701422853,,13.551185463450539,,148.6905582356995,,USD,SHORT,dbf84542311c15f69508f91a0e7311ff7e686d96,Q102,SUIUSDT,2.150024581062035,90.7761588357133
1.0,C000550,1.0,[],89.74856469494428,0.04487428234747214,23.291,1756159200000,,0.04502690019062691,23.370212903225806,V12_STOP,1756170000000,,0.008978709827645428,False,-56.90195801375268,89.74856469494428,3.853358151000141,,23.370212903225806,V12_STOP,1756170000000,58,-0.3052356863095423,,3.853358151000141,2,147.35402239890573,,USD,SHORT,dbf84542311c15f69508f91a0e7311ff7e686d96,V12,LINKUSDT,-0.38615815901999595,90.31767675623347
0.5,C000551,0.5,[],89.77100744680598,0.022442751861701495,107.52,1756159200000,,0.022522540951071562,107.90225806451612,V12_STOP,1756180800000,,0.004488550372340299,False,-29.47889733665259,44.88550372340299,0.41746190218938795,,107.90225806451612,V12_STOP,1756180800000,57,-0.15957817874013425,,0.41746190218938795,1,147.35402239890573,,USD,SHORT,dbf84542311c15f69508f91a0e7311ff7e686d96,V12,LTCUSDT,-0.200054921180567,90.13557603654226
1.0,C000563,1.0,[],91.28729200792964,0.04564364600396482,23.139,1756195200000,,0.045536273744217495,23.084567741935484,V12_STOP,1756206000000,,0.009152794738683467,False,19.55644191968765,91.28729200792964,3.945170145984253,,23.084567741935484,V12_STOP,1756206000000,59,0.21474451949463833,,3.945170145984253,1,147.35402239890573,,USD,SHORT,dbf84542311c15f69508f91a0e7311ff7e686d96,V12,LINKUSDT,0.13271739448513947,90.23645002084531
0.5,C000566,0.5,[],90.60249080553419,0.022650622701383547,0.210769,1756202400000,,0.022598318372306272,0.21028229677419355,V12_STOP,1756213200000,,0.0,False,8.746893080326158,45.301245402767094,214.93315147278344,,0.21028229677419355,V12_STOP,1756213200000,60,0.10460865815455259,,214.93315147278344,1,147.35402239890573,,USD,SHORT,dbf84542311c15f69508f91a0e7311ff7e686d96,V12,DOGEUSDT,0.05935971708086277,90.2724297069365
1.0,C000571,1.0,[],92.0613073821007,0.04603065369105035,2.8998,1756209600000,,0.04597958123222509,2.8965825806451613,V12_STOP,1756220400000,,0.0,False,1.4933862655933454,92.0613073821007,31.74746788816494,,2.8965825806451613,V12_STOP,1756220400000,61,0.10214491765050064,,31.74746788816494,2,147.35402239890573,,USD,SHORT,dbf84542311c15f69508f91a0e7311ff7e686d96,V12,XRPUSDT,0.010134682727225203,90.28430442191686
0.9719437020480042,C000574,1.0,[],91.138244621766,0.044290621437917926,0.8463,1756216800000,,0.04443786686685586,0.8491135483870969,V12_STOP,1756227600000,,0.008932439166990231,False,-55.15268127970512,88.58124287583585,104.66884423471092,,0.8491135483870969,V12_STOP,1756227600000,62,-0.2944908578758569,,104.66884423471092,1,147.35402239890573,,USD,SHORT,dbf84542311c15f69508f91a0e7311ff7e686d96,V12,ADAUSDT,-0.3742869070136405,89.89938168014571
1.0,C000579,1.0,[],91.33820563868524,0.04566910281934262,24.112,1756224000000,,0.045590457372892385,24.07047741935484,V12_STOP,1756234800000,,0.0,False,9.72998247891972,91.33820563868524,3.7880808576097067,,24.07047741935484,V12_STOP,1756234800000,63,0.15729089290047585,,3.7880808576097067,2,147.35402239890573,,USD,SHORT,dbf84542311c15f69508f91a0e7311ff7e686d96,V12,LINKUSDT,0.06603133270824085,89.98829925189683
0.5,C000582,0.5,[],91.13145510580581,0.022782863776451452,0.215616,1756231200000,,0.022864174663063494,0.21638552258064517,V12_STOP,1756242000000,,0.0,False,-30.689247138871618,45.565727552902906,211.3281368400439,,0.21638552258064517,V12_STOP,1756242000000,64,-0.16262177322408525,,211.3281368400439,1,147.35402239890573,,USD,SHORT,dbf84542311c15f69508f91a0e7311ff7e686d96,V12,DOGEUSDT,-0.20826881166360017,89.80281330400969
1.0,C000547,1.0,[],90.7761588357133,0.04538807941785665,0.5202,1756152000000,,0.045754534499661714,0.5244,Q102_TIME_EXIT,1756411200000,HIGH_VOL,-0.08167236758915591,False,82.91998283827965,90.7761588357133,174.50241990717666,,0.5244,Q102_TIME_EXIT,1756411200000,56,0.7329101636101387,,174.50241990717666,,148.04623479686018,,USD,LONG,dbf84542311c15f69508f91a0e7311ff7e686d96,Q102,ARBUSDT,0.5600951821034644,90.43572834594042
1.0,C000707,1.0,[],90.43572834594042,0.04521786417297021,108330.7,1756641600000,,0.0452044158961842,108298.48129032258,V12_STOP,1756652400000,,0.0,False,-9.357212003851117,90.43572834594042,0.0008348116309221709,,108298.48129032258,V12_STOP,1756652400000,65,0.02689655357201004,,0.0008348116309221709,1,147.29799279464746,,USD,SHORT,dbf84542311c15f69508f91a0e7311ff7e686d96,V12,BTCUSDT,-0.06352572649714437,90.37220261944327
1.0,C000723,1.0,[],90.37220261944327,0.04518610130972164,108164.5,1756692000000,,0.04491507333299051,107515.72516129032,V12_STOP,1756702800000,,0.0,False,66.57203175406715,90.37220261944327,0.0008355070528634004,,107515.72516129032,V12_STOP,1756702800000,66,0.5420559534622525,,0.0008355070528634004,1,147.29799279464746,,USD,SHORT,dbf84542311c15f69508f91a0e7311ff7e686d96,V12,BTCUSDT,0.45195477881954044,90.77876462686844
1.0,C000727,1.0,[],90.78554278874499,0.0453927713943725,197.9535,1756699200000,,0.045243761435718,197.30368193548387,V12_STOP,1756710000000,,0.0,False,30.547156272704797,90.78554278874499,0.45862054870838354,,197.30368193548387,V12_STOP,1756710000000,67,0.2980199173090053,,0.45862054870838354,2,147.29799279464746,,USD,SHORT,dbf84542311c15f69508f91a0e7311ff7e686d96,V12,SOLUSDT,0.2073833844789148,91.03154078274173
1.0,C000733,1.0,[],91.03154078274173,0.04551577039137086,0.028797,1756713600000,RECOVERY_V8,0.04768115586333593,0.030167,RECOVERY_V8_TRAILING_STOP,1756886400000,,-0.05078461161092967,False,622.302289360952,91.03154078274173,3161.14667440156,,0.030167,RECOVERY_V8_TRAILING_STOP,1756886400000,68,4.330770943930136,,3161.14667440156,,148.63472436888202,RECOVERY_V8,USD,LONG,dbf84542311c15f69508f91a0e7311ff7e686d96,PENGU,PENGUUSDT,4.186789406064499,95.18232741565339
1.0,C000800,1.0,[],92.68072716926534,0.04634036358463267,211.53,1756915200000,,0.04624226413946116,211.08220516129032,V12_STOP,1756926000000,,0.0,False,-42.92296134073159,92.68072716926534,0.43814459967505953,,211.08220516129032,V12_STOP,1756926000000,70,-0.19619889034301194,,0.43814459967505953,1,148.63472436888202,,USD,LONG,dbf84542311c15f69508f91a0e7311ff7e686d96,V12,SOLUSDT,-0.2887815180671058,94.9081898536716
0.75,C000779,0.75,[],96.00739507421696,0.03600277315283136,24.61,1756861200000,,0.03674886881751824,25.12,Q102_TIME_EXIT,1756947600000,MR,0.022017136771642097,False,-229.28727947559702,72.00554630566272,2.9258653517132354,,25.12,Q102_TIME_EXIT,1756947600000,69,-1.4921913293737545,,2.9258653517132354,,148.60550931090705,,USD,SHORT,dbf84542311c15f69508f91a0e7311ff7e686d96,Q102,AVAXUSDT,-1.542925834572462,93.38662283616664
1.0,C000817,1.0,[],93.38662283616664,0.04669331141808332,111877.0,1756951200000,,0.04663921283637294,111747.37999999999,V12_STOP,1756962000000,,0.0,False,-29.94842187824418,93.38662283616664,0.000834725840308255,,111747.37999999999,V12_STOP,1756962000000,71,-0.10819716342076427,,0.000834725840308255,1,148.60550931090705,,USD,LONG,dbf84542311c15f69508f91a0e7311ff7e686d96,V12,BTCUSDT,-0.20152968767522056,93.18509314849142
1.0,C000906,1.0,[],92.4485295551991,0.04622426477759955,299.62,1757260800000,,0.04619936159690969,299.45858064516125,V12_STOP,1757275200000,,0.009244852955519911,False,-4.9383865947482315,92.4485295551991,0.3085525984753992,,299.45858064516125,V12_STOP,1757275200000,73,0.04980636137972071,,0.3085525984753992,1,147.97811404633669,,USD,SHORT,dbf84542311c15f69508f91a0e7311ff7e686d96,V12,AAVEUSDT,-0.03337241203926862,93.04202503217057
1.0,C000911,1.0,[],91.78259510429335,0.04589129755214667,876.061,1757275200000,,0.045865110444450234,875.5610903225806,V12_STOP,1757286000000,,0.0,False,-21.328177825497693,91.78259510429335,0.10476735650176568,,875.5610903225806,V12_STOP,1757286000000,74,-0.05237421539288052,,0.10476735650176568,1,147.97811404633669,,USD,LONG,dbf84542311c15f69508f91a0e7311ff7e686d96,V12,BNBUSDT,-0.14413062338947744,92.8978944087811
1.0,C000848,1.0,[],93.18509314849142,0.04659254657424571,0.0293,1757059200000,RECOVERY_V8,0.04808692697162276,0.03023975,RECOVERY_V8_TRAILING_STOP,1757293200000,,-0.06799489804088689,False,418.1989390322592,93.18509314849142,3180.3786057505604,,0.03023975,RECOVERY_V8_TRAILING_STOP,1757293200000,72,2.988760794754088,,3180.3786057505604,,147.97811404633669,RECOVERY_V8,USD,LONG,dbf84542311c15f69508f91a0e7311ff7e686d96,PENGU,PENGUUSDT,2.8260864231673324,95.78490517813503
1.0,C000918,1.0,[],97.54271619005492,0.04877135809502746,301.0,1757289600000,,0.04882859165746884,301.35322580645163,V12_STOP,1757300400000,,0.0,False,-31.381285755850975,97.54271619005492,0.32406218003340503,,301.35322580645163,V12_STOP,1757300400000,75,-0.11446712488277368,,0.32406218003340503,2,147.97811404633669,,USD,SHORT,dbf84542311c15f69508f91a0e7311ff7e686d96,V12,AAVEUSDT,-0.21206707463526997,95.57399801978951
0.9900126525603359,C000923,1.0,[],96.18350165957612,0.04761144180526922,879.095,1757296800000,,0.04789996052692551,884.4221935483871,V12_STOP,1757307600000,,0.0,False,71.25531540847659,95.22288361053843,0.10831921875398953,,884.4221935483871,V12_STOP,1757307600000,76,0.577037443312581,,0.10831921875398953,1,147.97811404633669,,USD,LONG,dbf84542311c15f69508f91a0e7311ff7e686d96,V12,BNBUSDT,0.48152604098038626,96.10313550257517
0.75,C000953,0.75,[],95.65429466307587,0.035870360498653456,0.237234,1757350800000,,0.035752573795109904,0.236455,Q102_TIME_EXIT,1757394000000,MR,0.007305497263684548,False,25.31895689647657,71.74072099730691,302.40488714647523,,0.236455,Q102_TIME_EXIT,1757394000000,78,0.23557340708710478,,302.40488714647523,,147.84276944065482,,USD,SHORT,dbf84542311c15f69508f91a0e7311ff7e686d96,Q102,DOGEUSDT,0.17125597005702595,96.20711657161273
0.75,C000981,0.75,[],99.63184724750786,0.037361942717815455,26.09,1757408400000,,0.03835005082342269,26.78,Q102_TIME_EXIT,1757494800000,MR,0.022574690111293323,False,-297.83665853551656,74.7238854356309,2.8640814655282063,,26.78,Q102_TIME_EXIT,1757494800000,79,-1.9762162112144661,,2.8640814655282063,,146.7643051771117,,USD,SHORT,dbf84542311c15f69508f91a0e7311ff7e686d96,Q102,AVAXUSDT,-2.029353514644411,162.28033044270734
0.75,C001010,0.75,[],162.86144434265472,0.06107304162849552,26.78,1757494800000,,0.06534815454249021,28.654600000000002,Q102_HARD_STOP,1757520000000,MR,0.013008238590326304,False,-1271.512926669662,122.14608325699103,4.56109347486897,,28.654600000000002,Q102_HARD_STOP,1757520000000,80,-8.550225827989376,,4.56109347486897,,146.7643051771117,,USD,SHORT,dbf84542311c15f69508f91a0e7311ff7e686d96,Q102,AVAXUSDT,-8.663638785570035,153.55939199188185
0.5,C001018,0.5,[],158.38338347169292,0.03959584586792323,0.24461,1757512800000,,0.03954764102166839,0.24431220645161292,V12_STOP,1757523600000,,-0.007888834103409067,False,-26.92273965201152,79.19169173584646,323.74674680449067,,0.24431220645161292,V12_STOP,1757523600000,81,-0.09640969250968166,,323.74674680449067,1,146.7643051771117,,USD,LONG,dbf84542311c15f69508f91a0e7311ff7e686d96,V12,DOGEUSDT,-0.18344201350268236,153.42343465835052
0.75,C001026,0.75,[],156.93575543597376,0.05885090828849016,0.247417,1757523600000,,0.059957200800523566,0.252068,Q102_TIME_EXIT,1757566800000,MR,0.011662002377011559,False,-342.1439944918229,117.70181657698032,475.7224304594281,,0.252068,Q102_TIME_EXIT,1757566800000,82,-2.212585024066808,,475.7224304594281,,147.49295293414195,,USD,SHORT,dbf84542311c15f69508f91a0e7311ff7e686d96,Q102,DOGEUSDT,-2.31973113077881,151.01280459926505
1.0,C001046,1.0,[],152.3279755324214,0.0761639877662107,4.69,1757563200000,,0.07612522213518587,4.687612903225807,V12_STOP,1757584800000,,-0.015232797553242137,False,-36.14363034535489,152.3279755324214,32.47931248026042,,4.687612903225807,V12_STOP,1757584800000,83,-0.07753126204965839,,32.47931248026042,1,147.49295293414195,,USD,LONG,dbf84542311c15f69508f91a0e7311ff7e686d96,V12,ATOMUSDT,-0.24505326950429707,150.79348845284846
0.75,C001049,0.75,[],151.59391849921244,0.05684771943720466,0.252068,1757566800000,,0.056246919952221586,0.249404,Q102_TIME_EXIT,1757610000000,MR,0.011121457001006706,False,162.18705453237217,113.69543887440932,451.05066440170634,,0.249404,Q102_TIME_EXIT,1757610000000,84,1.201598969966158,,451.05066440170634,,147.49295293414195,,USD,SHORT,dbf84542311c15f69508f91a0e7311ff7e686d96,Q102,DOGEUSDT,1.0996257875777387,151.92909145160877
0.5,C001080,0.5,[],160.30892808059033,0.04007723202014758,0.260964,1757649600000,,0.04037891634760856,0.2629284258064516,V12_STOP,1757660400000,,0.0,False,77.36509553537923,80.15446404029517,307.1475913930472,,0.2629284258064516,V12_STOP,1757660400000,85,0.6033686549219592,,307.1475913930472,1,147.95036371416344,,USD,LONG,dbf84542311c15f69508f91a0e7311ff7e686d96,V12,DOGEUSDT,0.5229125065542031,152.43702361094367
1.0,C000950,1.0,[],96.10313550257517,0.048051567751287584,0.033737,1757347200000,LONG_V2_FINAL,0.05259083643121493,0.03692402,LONG_TRAILING_STOP,1757678400000,,-0.11753968663627197,False,1310.8927846905653,96.10313550257517,2848.59754876175,,0.03692402,LONG_TRAILING_STOP,1757678400000,77,9.07853735985467,,2848.59754876175,,147.95036371416344,BASE_V64_LONG,USD,LONG,dbf84542311c15f69508f91a0e7311ff7e686d96,PENGU,PENGUUSDT,8.860355269035896,161.4525248968753
0.9994997498749374,C001109,1.0,[],161.37179863442685,0.0806455361859892,240.73,1757707200000,,0.08050104935136843,240.29870129032258,V12_STOP,1757718000000,,0.0,False,-66.595455409652,161.2910723719784,0.6700081932953035,,240.29870129032258,V12_STOP,1757718000000,87,-0.2889736692415548,,0.6700081932953035,2,147.95036371416344,,USD,LONG,dbf84542311c15f69508f91a0e7311ff7e686d96,V12,SOLUSDT,-0.45012025477891243,160.92167837964794
1.0,C001098,1.0,[],161.4525248968753,0.08072626244843766,14.187,1757692800000,,0.0814656470940129,14.316940983870968,V12_TAKE_PROFIT,1757739600000,,-0.016145252489687532,False,192.35697298180878,161.4525248968753,11.380314717479052,,14.316940983870968,V12_TAKE_PROFIT,1757739600000,86,1.4787692911504875,,11.380314717479052,2,147.91773340160438,,USD,LONG,dbf84542311c15f69508f91a0e7311ff7e686d96,V12,INJUSDT,1.3004321291183494,162.22064318483103
0.9966835751025138,C001123,1.0,[],164.93416453714585,0.08219358638371439,243.26,1757736000000,,0.08207423256711462,242.9067606451613,V12_STOP,1757746800000,,0.0,False,-59.6072154985697,164.38717276742878,0.6757673796243887,,242.9067606451613,V12_STOP,1757746800000,88,-0.23870763319954297,,0.6757673796243887,1,147.91773340160438,,USD,LONG,dbf84542311c15f69508f91a0e7311ff7e686d96,V12,SOLUSDT,-0.40297545215037195,161.8595861793761
0.5,C001130,0.5,[],161.1005587531036,0.0402751396882759,0.282461,1757743200000,,0.04087642809235671,0.28667800645161295,V12_STOP,1757754000000,,-0.008072680152627897,False,164.68458718585427,80.5502793765518,285.173101336297,,0.28667800645161295,V12_STOP,1757754000000,89,1.2025768081616344,,285.173101336297,1,147.91773340160438,,USD,LONG,dbf84542311c15f69508f91a0e7311ff7e686d96,V12,DOGEUSDT,1.1133525602283738,163.01321387929275
1.0,C001143,1.0,[],163.01321387929275,0.08150660693964637,243.2381,1757757600000,,0.08130882807442338,242.64787354838708,V12_STOP,1757768400000,,0.0,False,-82.59329302713003,163.01321387929275,0.6701796054125269,,242.64787354838708,V12_STOP,1757768400000,90,-0.3955577304459831,,0.6701796054125269,1,147.91773340160438,,USD,LONG,dbf84542311c15f69508f91a0e7311ff7e686d96,V12,SOLUSDT,-0.5583731654600529,162.45484071383268
1.0,C001158,1.0,[],162.45484071383268,0.08122742035691634,239.1116,1757779200000,,0.08238495373217905,242.5190658064516,V12_STOP,1757790000000,,-0.014346258949960378,False,316.1161887727474,162.45484071383268,0.679410119433071,,242.5190658064516,V12_STOP,1757790000000,91,2.3150667505253852,,0.679410119433071,1,147.91773340160438,,USD,LONG,dbf84542311c15f69508f91a0e7311ff7e686d96,V12,SOLUSDT,2.137108117486329,164.43038724248785
0.5,C001164,0.5,[],162.4417483533975,0.040610437088349376,120.71,1757786400000,,0.04056683144960949,120.58038709677419,V12_STOP,1757811600000,,-0.008122087417669874,False,-26.109052819041594,81.22087417669874,0.6728595325714418,,120.58038709677419,V12_STOP,1757811600000,93,-0.08721127747974274,,0.6728595325714418,1,147.91773340160438,,USD,LONG,dbf84542311c15f69508f91a0e7311ff7e686d96,V12,LTCUSDT,-0.17651063343537146,164.2698538614217
1.5,C001161,1.5,[],161.26820232372822,0.12095115174279616,29.49,1757782800000,,0.12423229522852818,30.29,Q102_TIME_EXIT,1757826000000,REV,-0.024633184719133058,False,930.7679501561294,241.9023034855923,8.202858714330022,,30.29,Q102_TIME_EXIT,1757826000000,92,6.562286971464023,,8.202858714330022,,147.91773340160438,,USD,LONG,dbf84542311c15f69508f91a0e7311ff7e686d96,Q102,AVAXUSDT,6.292470339773566,170.62306666735077
1.0,C001177,1.0,[],169.68374061287952,0.08484187030643976,115928.4,1757815200000,,0.08485492362681789,115946.23612903226,V12_STOP,1757826000000,,0.0,False,-21.239529996729885,169.68374061287952,0.0014636943200534082,,115946.23612903226,V12_STOP,1757826000000,94,0.02610664075626536,,0.0014636943200534082,1,147.91773340160438,,USD,LONG,dbf84542311c15f69508f91a0e7311ff7e686d96,V12,BTCUSDT,-0.1435901531769923,170.56431838448023
1.0,C001186,1.0,[],170.56431838448023,0.08528215919224012,247.907,1757829600000,,0.08513030732573716,247.46558129032258,V12_STOP,1757840400000,,-0.016941918229909685,False,-72.63620374659527,170.56431838448023,0.6880173548325792,,247.46558129032258,V12_STOP,1757840400000,95,-0.30370373300587944,,0.6880173548325792,2,147.91773340160438,,USD,LONG,dbf84542311c15f69508f91a0e7311ff7e686d96,V12,SOLUSDT,-0.49105811775376645,170.07326026672644
1.0,C001193,1.0,[],170.07326026672644,0.08503663013336323,4633.43,1757851200000,,0.0850355988217884,4633.373806451613,V12_STOP,1757862000000,,0.0,False,-25.461797162760337,170.07326026672644,0.036705693248139375,,4633.373806451613,V12_STOP,1757862000000,96,-0.002062623149634398,,0.036705693248139375,1,147.91773340160438,,USD,LONG,dbf84542311c15f69508f91a0e7311ff7e686d96,V12,ETHUSDT,-0.17213485210478602,169.90112541462165
2.0,C001215,2.0,[],169.90112541462165,0.16990112541462166,28.39,1757926800000,,0.1831868069370049,30.61,Q102_TIME_EXIT,1758013200000,PB,-0.1062016686018977,False,3847.791342587358,339.8022508292433,11.96908245259751,,30.61,Q102_TIME_EXIT,1758013200000,97,26.571363044766457,,11.96908245259751,,147.35679075301715,,USD,LONG,dbf84542311c15f69508f91a0e7311ff7e686d96,Q102,AVAXUSDT,26.112073443812932,195.8903932493211
1.0,C001257,1.0,[],200.4270772065322,0.10021353860326611,4465.65,1758038400000,,0.09994158294617704,4453.531290322581,V12_STOP,1758049200000,,0.0,False,50.654809347236224,200.4270772065322,0.04488194937053558,,4453.531290322581,V12_STOP,1758049200000,99,0.5439113141781093,,0.04488194937053558,1,147.35679075301715,,USD,SHORT,dbf84542311c15f69508f91a0e7311ff7e686d96,V12,ETHUSDT,0.3437561926286662,196.21493932618944
1.0,C001229,1.0,[],189.32651534821912,0.09466325767410956,0.033162,1757973600000,RECOVERY_V8,0.09735015044047869,0.03410326,RECOVERY_V8_TRAILING_STOP,1758067200000,,-0.06682120702202501,False,751.8419003555218,189.32651534821912,5709.140442320099,,0.03410326,RECOVERY_V8_TRAILING_STOP,1758067200000,98,5.373785532738252,,5709.140442320099,,146.9890742779707,RECOVERY_V8,USD,LONG,dbf84542311c15f69508f91a0e7311ff7e686d96,PENGU,PENGUUSDT,5.1149509176016394,201.47190596866483
1.0,C001273,1.0,[],201.47190596866483,0.10073595298433241,4495.23,1758081600000,,0.1001593776847636,4469.500967741936,V12_STOP,1758092400000,,0.0,False,139.9711203885082,201.47190596866483,0.044819042845119124,,4469.500967741936,V12_STOP,1758092400000,100,1.1531505991376159,,0.044819042845119124,1,146.9890742779707,,USD,SHORT,dbf84542311c15f69508f91a0e7311ff7e686d96,V12,ETHUSDT,0.9522552684685199,202.37381844462942
0.5,C001272,0.5,[],201.3711700156805,0.050342792503920125,0.266537,1758081600000,,0.04999693133453916,0.26470585806451613,V12_STOP,1758092400000,,0.0,False,86.9267831116844,100.68558500784025,377.75462696676345,,0.26470585806451613,V12_STOP,1758092400000,101,0.6917223387619152,,377.75462696676345,2,146.9890742779707,,USD,SHORT,dbf84542311c15f69508f91a0e7311ff7e686d96,V12,DOGEUSDT,0.5913826149234559,203.0155438520568
1.0,C001365,1.0,[],203.0155438520568,0.1015077719260284,995.177,1758268800000,,0.10218113522905228,1001.7786193548386,V12_STOP,1758279600000,,0.0,False,168.5250369394699,203.0155438520568,0.20399943311798482,,1001.7786193548386,V12_STOP,1758279600000,102,1.3467266060477892,,0.20399943311798482,1,147.43611440176005,,USD,LONG,dbf84542311c15f69508f91a0e7311ff7e686d96,V12,BNBUSDT,1.1430376988927085,204.1585815509495
1.0,C001442,1.0,[],204.1585815509495,0.10207929077547474,4468.7,1758492000000,,0.10154465881950679,4445.295548387097,V12_STOP_AMBIGUOUS,1758502800000,,-0.0015833855569095273,False,127.95193633205048,204.1585815509495,0.045686347606898985,,4445.295548387097,V12_STOP_AMBIGUOUS,1758502800000,103,1.0692639119359089,,0.045686347606898985,1,148.08282208588957,,USD,SHORT,dbf84542311c15f69508f91a0e7311ff7e686d96,V12,ETHUSDT,0.8640565767840177,204.9812952182597
0.5,C001441,0.5,[],204.05650226017403,0.051014125565043505,0.262135,1758492000000,,0.05076134333258729,0.2608360838709678,V12_STOP_AMBIGUOUS,1758502800000,,0.00967121609122811,False,61.22635502889059,102.02825113008701,389.2202534193717,,0.2608360838709678,V12_STOP_AMBIGUOUS,1758502800000,104,0.5055644649124271,,389.2202534193717,2,148.08282208588957,,USD,SHORT,dbf84542311c15f69508f91a0e7311ff7e686d96,V12,DOGEUSDT,0.41346021210602446,205.43609833983953
1.5,C001447,1.5,[],205.43609833983953,0.15407707375487964,31.7,1758502800000,,0.14714360543591007,30.2735,Q102_HARD_STOP,1758524400000,REV,0.0,False,-2098.0607192774514,308.1541475097593,9.720951025544458,,30.2735,Q102_HARD_STOP,1758524400000,105,-13.866936637939178,,9.720951025544458,,148.08282208588957,,USD,LONG,dbf84542311c15f69508f91a0e7311ff7e686d96,Q102,AVAXUSDT,-14.168157317129968,191.26794102270958
1.0,C001455,1.0,[],191.26794102270958,0.09563397051135479,21.214,1758528000000,,0.0953511843125628,21.151270967741937,V12_STOP,1758538800000,,0.019183595649760497,False,58.3106970068541,191.26794102270958,9.0161186491331,,21.151270967741937,V12_STOP,1758538800000,106,0.5655723975839849,,9.0161186491331,1,148.08282208588957,,USD,SHORT,dbf84542311c15f69508f91a0e7311ff7e686d96,V12,LINKUSDT,0.3937708384098278,191.58527878106906
0.9994997498749374,C001456,1.0,[],191.17230705219822,0.09553833654084343,221.9225,1758528000000,,0.0946767886289696,219.92124193548386,V12_STOP,1758538800000,,0.019105256490497522,False,229.82246006418623,191.07667308168686,0.861006311129727,,219.92124193548386,V12_STOP,1758538800000,107,1.7230958237476681,,0.861006311129727,2,148.08282208588957,,USD,SHORT,dbf84542311c15f69508f91a0e7311ff7e686d96,V12,SOLUSDT,1.5519859550683524,193.21369781618776
1.0,C001468,1.0,[],193.21369781618776,0.09660684890809389,223.7094,1758549600000,,0.0952320026090304,220.52571225806452,V12_STOP,1758560400000,,0.01906122023976129,False,381.59684056645364,193.21369781618776,0.8636816236429393,,220.52571225806452,V12_STOP,1758560400000,108,2.7496925981269515,,0.8636816236429393,1,148.08282208588957,,USD,SHORT,dbf84542311c15f69508f91a0e7311ff7e686d96,V12,SOLUSDT,2.5769149668495883,195.7132442810919
0.9994997498749374,C001467,1.0,[],193.11709096727967,0.09651024205918579,0.8308,1758549600000,,0.09542608131118684,0.8214670967741936,V12_STOP,1758560400000,,0.019141740113760995,False,295.50325678707327,193.02048411837157,232.33086677704813,,0.8214670967741936,V12_STOP,1758560400000,109,2.1683214959979042,,232.33086677704813,2,148.08282208588957,,USD,SHORT,dbf84542311c15f69508f91a0e7311ff7e686d96,V12,ADAUSDT,1.9955269127412922,197.78613969577862
1.0,C001476,1.0,[],197.78613969577862,0.09889306984788931,21.178,1758564000000,,0.09901008131849307,21.203058064516128,V12_STOP,1758574800000,,0.0,False,-63.96083469125597,197.78613969577862,9.339226541494883,,21.203058064516128,V12_STOP,1758574800000,110,-0.23402294120750564,,9.339226541494883,2,148.08282208588957,,USD,SHORT,dbf84542311c15f69508f91a0e7311ff7e686d96,V12,LINKUSDT,-0.431926092373888,197.25530927511926
1.0,C001479,1.0,[],197.8086565709702,0.0989043282854851,0.8159,1758571200000,,0.09920206304724262,0.8183561290322581,V12_STOP,1758582000000,,0.0,False,-117.51496101005151,197.8086565709702,242.44228039094276,,0.8183561290322581,V12_STOP,1758582000000,111,-0.5954695235150566,,242.44228039094276,1,148.08282208588957,,USD,SHORT,dbf84542311c15f69508f91a0e7311ff7e686d96,V12,ADAUSDT,-0.7935759148477843,196.56063768855697
1.0,C001488,1.0,[],196.56063768855697,0.09828031884427849,220.48,1758585600000,,0.0968249505667292,217.21505741935485,V12_STOP,1758596400000,,0.0196560637688557,False,404.38417592294667,196.56063768855697,0.8915123262361981,,217.21505741935485,V12_STOP,1758596400000,112,2.910736555098565,,0.8915123262361981,2,147.839741957389,,USD,SHORT,dbf84542311c15f69508f91a0e7311ff7e686d96,V12,SOLUSDT,2.735287349456413,199.1959232944523
1.0,C001494,1.0,[],200.0034871221145,0.10000174356105726,21.465,1758592800000,,0.09906811442480587,21.2646,V12_STOP,1758603600000,,0.0,False,246.62454473848172,200.0034871221145,9.317656050412975,,21.2646,V12_STOP,1758603600000,113,1.867258272502745,,9.317656050412975,1,147.839741957389,,USD,SHORT,dbf84542311c15f69508f91a0e7311ff7e686d96,V12,LINKUSDT,1.668188414516882,200.8671974397012
0.9805484863051386,C001499,1.0,[],197.677145358235,0.09691601282906909,12.333,1758600000000,,0.09617845105295973,12.239141935483872,V12_STOP,1758610800000,,0.0,False,189.53484960156214,193.83202565813818,15.716534959712817,,12.239141935483872,V12_STOP,1758610800000,114,1.4751235522187136,,15.716534959712817,1,147.839741957389,,USD,SHORT,dbf84542311c15f69508f91a0e7311ff7e686d96,V12,INJUSDT,1.2820290883366847,202.14574823348448
1.0,C001506,1.0,[],200.78861476490263,0.10039430738245132,217.1573,1758607200000,,0.10054985997560674,217.49376709677418,V12_STOP,1758618000000,,0.020255714100583876,False,-72.70664477006355,200.78861476490263,0.9246229105118854,,217.49376709677418,V12_STOP,1758618000000,115,-0.3111051863108319,,0.9246229105118854,1,147.839741957389,,USD,SHORT,dbf84542311c15f69508f91a0e7311ff7e686d96,V12,SOLUSDT,-0.4917936395683061,201.65415016244532
0.5,C001533,0.5,[],206.09835837303365,0.05152458959325841,105.54,1758650400000,,0.05168601044067627,105.87064516129033,V12_STOP,1758661200000,,0.0,False,-62.987461333881875,103.04917918651682,0.9763992721860605,,105.87064516129033,V12_STOP,1758661200000,117,-0.3228416948357113,,0.9763992721860605,1,147.839741957389,,USD,SHORT,dbf84542311c15f69508f91a0e7311ff7e686d96,V12,LTCUSDT,-0.42605229486964596,201.53477875070075
1.0,C001532,1.0,[],206.04683378344038,0.10302341689172019,0.8142,1758650400000,,0.10239270959232841,0.8092154838709678,V12_STOP,1758661200000,,0.0,False,156.11854165215988,206.04683378344038,253.0666099035131,,0.8092154838709678,V12_STOP,1758661200000,118,1.261414598783581,,253.0666099035131,2,147.839741957389,,USD,SHORT,dbf84542311c15f69508f91a0e7311ff7e686d96,V12,ADAUSDT,1.0559984722995324,202.693800639892
1.0,C001511,1.0,[],200.39747770664897,0.10019873885332449,0.030226,1758614400000,SHORT_V20,0.09946612715192223,0.030005,SHORT_V20_DEADLINE_EXIT,1758682800000,,0.41945400261859267,False,249.0440817608182,200.39747770664897,6629.970148436742,,0.030005,SHORT_V20_DEADLINE_EXIT,1758682800000,116,1.4652234028045132,,6629.970148436742,,147.79954210124652,SHORT_V20,USD,SHORT,dbf84542311c15f69508f91a0e7311ff7e686d96,PENGU,PENGUUSDT,1.6850125394178592,203.8613046956209
1.0,C001548,1.0,[],208.10697601346973,0.10405348800673486,12.249,1758672000000,,0.10410083997681686,12.254574193548388,V12_STOP,1758682800000,,0.0,False,-44.76231335378268,208.10697601346973,16.98971148775163,,12.254574193548388,V12_STOP,1758682800000,119,-0.09470394016398648,,16.98971148775163,1,147.79954210124652,,USD,SHORT,dbf84542311c15f69508f91a0e7311ff7e686d96,V12,INJUSDT,-0.3028582681475382,203.6624999154801
0.9994997498749374,C001547,1.0,[],208.002922525463,0.10394943451872812,0.8059,1758672000000,,0.10421722511171877,0.8079761290322581,V12_STOP,1758682800000,,0.0,False,-109.92559102020003,207.89886903745625,257.97104980451206,,0.8079761290322581,V12_STOP,1758682800000,120,-0.5355811859812679,,257.97104980451206,2,147.79954210124652,,USD,SHORT,dbf84542311c15f69508f91a0e7311ff7e686d96,V12,ADAUSDT,-0.7437478456117148,203.02270150438713
1.0,C001563,1.0,[],207.44826806670108,0.10372413403335054,4178.7,1758708000000,,0.10359042455514456,4173.3132903225805,V12_STOP,1758718800000,,0.0,False,8.883402476583152,207.44826806670108,0.04964421185217917,,4173.3132903225805,V12_STOP,1758718800000,122,0.26741895641198626,,0.04964421185217917,1,147.79954210124652,,USD,SHORT,dbf84542311c15f69508f91a0e7311ff7e686d96,V12,ETHUSDT,0.06010439782349117,202.89969689624994
1.5,C001557,1.5,[],203.02270150438713,0.15226702612829035,33.7,1758690000000,,0.15651423694611208,34.64,Q102_TIME_EXIT,1758733200000,REV,-0.06204542441524283,False,1200.6636135531357,304.5340522565807,9.036618761322869,,34.64,Q102_TIME_EXIT,1758733200000,121,8.494421635643477,,9.036618761322869,,147.79954210124652,,USD,LONG,dbf84542311c15f69508f91a0e7311ff7e686d96,Q102,AVAXUSDT,8.123594948153832,211.10121640685267
1.0,C001572,1.0,[],210.36888702356507,0.10518444351178254,4164.82,1758729600000,,0.10520574934343077,4165.663612903226,V12_STOP,1758740400000,,0.0,False,-37.39355848998407,210.36888702356507,0.0505109193251005,,4165.663612903226,V12_STOP,1758740400000,123,-0.0426116632964689,,0.0505109193251005,1,147.79954210124652,,USD,SHORT,dbf84542311c15f69508f91a0e7311ff7e686d96,V12,ETHUSDT,-0.25300185615168225,210.95339899421276
1.0,C001589,1.0,[],210.95339899421276,0.10547669949710638,4007.9,1758787200000,,0.10561107681005845,4013.0060645161293,V12_STOP,1758798000000,,-0.0017045459924658656,False,-71.48244124790726,210.95339899421276,0.05263439681484387,,4013.0060645161293,V12_STOP,1758798000000,124,-0.26875462590413857,,0.05263439681484387,1,148.4433480775774,,USD,SHORT,dbf84542311c15f69508f91a0e7311ff7e686d96,V12,ETHUSDT,-0.48154694820376925,210.36780891455714
0.991066491380056,C001593,1.0,[],209.96195988223386,0.10404313145188279,202.15,1758794400000,,0.10358394173623232,201.25782,V12_STOP,1758805200000,,0.0,False,105.50645969229788,208.08626290376557,1.0293656339538242,,201.25782,V12_STOP,1758805200000,125,0.9183794313009189,,1.0293656339538242,2,148.4433480775774,,USD,SHORT,dbf84542311c15f69508f91a0e7311ff7e686d96,V12,SOLUSDT,0.7107523581128038,211.12979371169598
0.5,C001598,0.5,[],211.24276970341788,0.05281069242585447,103.43,1758801600000,,0.052296442352119075,102.42283870967742,V12_STOP,1758812400000,,0.0,False,137.0715503955651,105.62138485170894,1.0211871299594792,,102.42283870967742,V12_STOP,1758812400000,126,1.0285001474708069,,1.0211871299594792,1,148.4433480775774,,USD,SHORT,dbf84542311c15f69508f91a0e7311ff7e686d96,V12,LTCUSDT,0.9233930126928334,212.00067249893436
1.0,C001601,1.0,[],210.64983576061502,0.10532491788030751,3969.0,1758808800000,,0.10557724775452416,3978.50864516129,V12_STOP,1758819600000,,0.02123720799456571,False,-103.06788402253868,210.64983576061502,0.0530737807408957,,3978.50864516129,V12_STOP,1758819600000,127,-0.5046597484332913,,0.0530737807408957,1,148.4433480775774,,USD,SHORT,dbf84542311c15f69508f91a0e7311ff7e686d96,V12,ETHUSDT,-0.6943247060735572,211.2539742490579
0.5,C001608,0.5,[],210.19451568912595,0.05254862892228149,0.230995,1758816000000,,0.05035136622380519,0.2213362,V12_STOP,1758826800000,,0.0,False,637.0632433389363,105.09725784456298,454.9763321481546,,0.2213362,V12_STOP,1758826800000,129,4.394525396952593,,454.9763321481546,1,148.4433480775774,,USD,SHORT,dbf84542311c15f69508f91a0e7311ff7e686d96,V12,DOGEUSDT,4.291625401806507,215.5411006176156
0.5,C001613,0.5,[],228.19064868438625,0.05704766217109656,100.91,1758823200000,,0.05701735307595003,100.8563870967742,V12_STOP,1758834000000,,0.0,False,-7.933825640284082,114.09532434219312,1.1306641992091282,,100.8563870967742,V12_STOP,1758834000000,130,0.0606181902930728,,1.1306641992091282,2,148.4433480775774,,USD,SHORT,dbf84542311c15f69508f91a0e7311ff7e686d96,V12,LTCUSDT,-0.05344682495397379,215.4436068132297
1.0,C001616,1.0,[],222.32171538432678,0.1111608576921634,0.7711,1758830400000,,0.11019136644958734,0.7643748387096775,V12_STOP,1758841200000,,0.0,False,254.9707867037378,222.32171538432678,288.31761818742933,,0.7643748387096775,V12_STOP,1758841200000,131,1.938982485152089,,288.31761818742933,1,148.4433480775774,,USD,SHORT,dbf84542311c15f69508f91a0e7311ff7e686d96,V12,ADAUSDT,1.7176302610103382,217.16029894951558
1.0,C001622,1.0,[],224.19796483327923,0.11209898241663961,2.773,1758837600000,,0.10998670234592928,2.720748387096774,V12_STOP,1758848400000,,0.022039799932763043,False,598.9289041881148,224.19796483327923,80.85032990742128,,2.720748387096774,V12_STOP,1758848400000,132,4.224560141420692,,80.85032990742128,2,148.82017207598602,,USD,SHORT,dbf84542311c15f69508f91a0e7311ff7e686d96,V12,NEARUSDT,4.024514256590887,221.21400122035888
1.0,C001626,1.0,[],232.00459436293815,0.11600229718146908,4.01,1758844800000,,0.11632704015805302,4.021225806451612,V12_STOP,1758855600000,,0.023142602928971388,False,-127.78781712237316,232.00459436293815,57.85650732242847,,4.021225806451612,V12_STOP,1758855600000,133,-0.6494859531678915,,57.85650732242847,1,148.82017207598602,,USD,SHORT,dbf84542311c15f69508f91a0e7311ff7e686d96,V12,ATOMUSDT,-0.8586726875784422,220.33840951527105
0.967476971497012,C001631,1.0,[],226.93813908980255,0.10977871176188492,195.85,1758852000000,,0.1098054346742005,195.8976748387097,V12_STOP,1758862800000,,0.0,False,-40.63236727612856,219.55742352376984,1.1210488819186615,,195.8976748387097,V12_STOP,1758862800000,134,-0.05344582463115737,,1.1210488819186615,1,148.82017207598602,,USD,SHORT,dbf84542311c15f69508f91a0e7311ff7e686d96,V12,SOLUSDT,-0.2730299710672428,220.07083404385904
1.0,C001635,1.0,[],228.7741639232034,0.1143870819616017,28.28,1758859200000,,0.11381324157917351,28.138129032258064,V12_STOP,1758870000000,,0.0,False,136.83723749708665,228.7741639232034,8.089609756831802,,28.138129032258064,V12_STOP,1758870000000,135,1.147680764856345,,8.089609756831802,1,148.82017207598602,,USD,SHORT,dbf84542311c15f69508f91a0e7311ff7e686d96,V12,AVAXUSDT,0.9194804413155697,220.98832418313697
1.0,C001639,1.0,[],232.75476799848593,0.11637738399924297,3919.3,1758866400000,,0.11638283226115435,3919.4834838709676,V12_STOP,1758877200000,,0.023379997605012103,False,-32.78162271993282,232.75476799848593,0.059386821115629304,,3919.4834838709676,V12_STOP,1758877200000,136,-0.010896523822743786,,0.059386821115629304,1,148.82017207598602,,USD,SHORT,dbf84542311c15f69508f91a0e7311ff7e686d96,V12,ETHUSDT,-0.220276742478129,220.78233762508398
0.9792559027709171,C001643,1.0,[],229.04857023890278,0.11214858221384229,196.3,1758873600000,,0.11118781793601562,194.61832,V12_STOP,1758884400000,,0.0,False,252.72524880011625,224.29716442768458,1.1426243730396564,,194.61832,V12_STOP,1758884400000,137,1.9215285556533295,,1.1426243730396564,1,148.82017207598602,,USD,SHORT,dbf84542311c15f69508f91a0e7311ff7e686d96,V12,SOLUSDT,1.6981921555034716,222.47575169315962
1.0,C001646,1.0,[],233.85333928337315,0.11692666964168658,0.7721,1758880800000,,0.11511144380576117,0.7601135483870968,V12_STOP,1758891600000,,0.0,False,505.7524905469495,233.85333928337315,302.87960015978905,,0.7601135483870968,V12_STOP,1758891600000,138,3.630451671850791,,302.87960015978905,2,148.82017207598602,,USD,SHORT,dbf84542311c15f69508f91a0e7311ff7e686d96,V12,ADAUSDT,3.3984135584033432,225.88258548000798
1.0,C001650,1.0,[],236.85158956943872,0.11842579478471936,937.95,1758888000000,,0.11810931167456425,935.4434064516129,V12_STOP,1758898800000,,0.0,False,58.99694657957605,236.85158956943872,0.252520485707595,,935.4434064516129,V12_STOP,1758898800000,139,0.6329662203102528,,0.252520485707595,2,148.82017207598602,,USD,SHORT,dbf84542311c15f69508f91a0e7311ff7e686d96,V12,BNBUSDT,0.39643111385096924,226.39744238864367
1.0,C001657,1.0,[],232.95881277393937,0.11647940638696969,195.9732,1758902400000,,0.11862018648304704,199.575,Q102_PREEMPT:REV:V12_R2,1758906000000,,0.0,False,-672.1700864160664,232.95881277393937,1.1887279116427112,,196.63634129032258,V12_STOP,1758913200000,140,-4.281560192154714,,1.1887279116427112,2,148.82017207598602,,USD,SHORT,dbf84542311c15f69508f91a0e7311ff7e686d96,V12,SOLUSDT,-4.51665978502473,221.890970027747
0.7562776794878325,C001665,1.0,[],219.51225530314946,0.08300610952990327,200.67,1758916800000,,0.08286646543459089,200.33240580645162,V12_STOP,1758927600000,,0.0,False,16.878531438664698,166.01221905980654,0.8272896748881574,,200.33240580645162,V12_STOP,1758927600000,142,0.2792881906247603,,0.8272896748881574,1,148.82017207598602,,USD,SHORT,dbf84542311c15f69508f91a0e7311ff7e686d96,V12,SOLUSDT,0.11341561566026612,221.87491801482068
1.25,C001659,1.25,[],223.98050738539524,0.13998781711587202,4.046,1758906000000,,0.14272114325332974,4.125,Q102_TIME_EXIT,1758992400000,REV,0.08536281324475517,False,-848.1924984478621,279.97563423174404,69.19813006222047,,4.125,Q102_TIME_EXIT,1758992400000,141,-5.466652274915399,,69.19813006222047,,149.751542152159,,USD,SHORT,dbf84542311c15f69508f91a0e7311ff7e686d96,Q102,APTUSDT,-5.663998422039846,216.4037496532096
1.0,C001695,1.0,[],218.25387101793117,0.10912693550896559,109607.7,1759017600000,,0.10894806418122978,109428.04064516128,V12_STOP,1759028400000,,0.0,False,20.915446842041757,218.25387101793117,0.00199122754165931,,109428.04064516128,V12_STOP,1759028400000,143,0.35774265547159667,,0.00199122754165931,1,149.751542152159,,USD,SHORT,dbf84542311c15f69508f91a0e7311ff7e686d96,V12,BTCUSDT,0.13966765578140133,216.45325751221006
1.0,C001699,1.0,[],222.01292811917938,0.1110064640595897,3996.1,1759024800000,,0.11127668808690189,4005.827741935484,V12_STOP,1759039200000,,0.0,False,-114.22017446151821,222.01292811917938,0.05555740049527774,,4005.827741935484,V12_STOP,1759039200000,144,-0.5404480546243995,,0.05555740049527774,2,149.751542152159,,USD,SHORT,dbf84542311c15f69508f91a0e7311ff7e686d96,V12,ETHUSDT,-0.7627312067708911,215.8118499531531
1.0,C001704,1.0,[],220.92787024518867,0.11046393512259434,109318.5,1759039200000,,0.11049400107946124,109348.25419354839,V12_STOP,1759050000000,,0.022122575914847717,False,-38.78074865158725,220.92787024518867,0.0020209559246164984,,109348.25419354839,V12_STOP,1759050000000,145,-0.06013191373380394,,0.0020209559246164984,1,149.751542152159,,USD,SHORT,dbf84542311c15f69508f91a0e7311ff7e686d96,V12,BTCUSDT,-0.2589672740210118,215.45250016608264
0.9999789956515275,C001708,1.0,[],221.22111254313984,0.11060823296890125,11.599,1759046400000,,0.11036497231341702,11.573490322580644,V12_STOP,1759057200000,,0.0,False,39.7662383420851,221.2164659378025,19.072029135080825,,11.573490322580644,V12_STOP,1759057200000,146,0.48652131096846585,,19.072029135080825,2,149.751542152159,,USD,SHORT,dbf84542311c15f69508f91a0e7311ff7e686d96,V12,INJUSDT,0.26554810568614756,215.71630966814163
1.0,C001712,1.0,[],224.69367319209516,0.11234683659604758,2.7768,1759053600000,,0.11229825957006613,2.7755993548387097,V12_STOP,1759064400000,,0.0,False,-19.091980480015305,224.69367319209516,80.9182055575105,,2.7755993548387097,V12_STOP,1759064400000,147,0.0971540519629335,,80.9182055575105,2,149.751542152159,,USD,SHORT,dbf84542311c15f69508f91a0e7311ff7e686d96,V12,XRPUSDT,-0.1274910442031802,215.60005841718677
0.9952498679446566,C001716,1.0,[],223.53475175562855,0.11123646608291546,109354.2,1759060800000,,0.11113462079228549,109254.07806451613,V12_STOP,1759071600000,,0.0,False,-2.7974345240692227,222.4729321658309,0.0020344251264773636,,109254.07806451613,V12_STOP,1759071600000,148,0.20369058125992778,,0.0020344251264773636,1,149.751542152159,,USD,SHORT,dbf84542311c15f69508f91a0e7311ff7e686d96,V12,BTCUSDT,-0.018680505615273166,215.69261437765442
1.0,C001606,1.0,[],210.29966552188688,0.10514983276094345,0.028281,1758816000000,SHORT_V20,0.10390800806796388,0.027947,SHORT_MAX_HOLD,1759075200000,,0.1855278655235466,False,368.406675623864,210.29966552188688,7436.076005865665,,0.027947,SHORT_MAX_HOLD,1759075200000,128,2.4836493859591395,,7436.076005865665,,149.751542152159,SHORT_V20,USD,SHORT,dbf84542311c15f69508f91a0e7311ff7e686d96,PENGU,PENGUUSDT,2.460119410653779,218.0827562232512
1.0,C001725,1.0,[],218.0827562232512,0.1090413781116256,2.8097,1759075200000,,0.10904325596182851,2.809748387096774,V12_STOP,1759086000000,,0.0,False,-33.220932199818584,218.0827562232512,77.617808386394,,2.809748387096774,V12_STOP,1759086000000,149,-0.0037557004057967363,,77.617808386394,2,149.751542152159,,USD,SHORT,dbf84542311c15f69508f91a0e7311ff7e686d96,V12,XRPUSDT,-0.22184033447925083,217.7534738139595
0.9903398687706542,C001728,1.0,[],216.98020689779375,0.10744207481249522,110180.0,1759082400000,,0.10739064600773807,110127.2606451613,V12_STOP,1759093200000,,0.0,False,-16.768445600723084,214.88414962499044,0.0019503008678978984,,110127.2606451613,V12_STOP,1759093200000,150,0.10285760951430054,,0.0019503008678978984,1,149.751542152159,,USD,SHORT,dbf84542311c15f69508f91a0e7311ff7e686d96,V12,BTCUSDT,-0.11197511130593275,217.74894077746606
2.0,C001755,2.0,[],217.74894077746606,0.21774894077746607,438.0,1759167000000,,0.22023465927949193,443.0,BASIS_CONVERGED,1759174200000,,0.0,False,678.8916385231728,435.4978815549321,0.9942874008103473,,443.0,BASIS_CONVERGED,1759174200000,151,4.971437004051737,,0.9942874008103473,,149.751542152159,V50_POST_OPEN_BASIS,USD,LONG,,V52,TSLAUSDT,4.533453403994779,222.17168972511092
1.0,C001756,1.0,[],221.40891269984894,0.11070445634992447,30.48,1759168800000,,0.1107546018787935,30.493806451612905,V12_STOP,1759179600000,,0.0,False,-18.145094932969005,221.40891269984894,7.264071938971422,,30.493806451612905,V12_STOP,1759179600000,152,0.1002910577380639,,7.264071938971422,1,149.751542152159,,USD,LONG,dbf84542311c15f69508f91a0e7311ff7e686d96,V12,AVAXUSDT,-0.12116800049065407,222.1612261809702
1.0,C001763,1.0,[],222.1612261809702,0.1110806130904851,1031.0,1759183200000,,0.11151470365633102,1035.0290322580645,V12_STOP,1759194000000,,0.0,False,96.03109648563832,222.1612261809702,0.2154813057041418,,1035.0290322580645,V12_STOP,1759194000000,153,0.8681811316918431,,0.2154813057041418,1,148.75031988398874,,USD,LONG,dbf84542311c15f69508f91a0e7311ff7e686d96,V12,BNBUSDT,0.645585814945027,222.80681199591524
2.0,C001785,2.0,[],222.80681199591524,0.22280681199591523,187.9,1759246200000,,0.2212890221111107,186.62,BASIS_CONVERGED,1759249800000,,0.022140759944586107,False,388.7775095043783,445.6136239918305,2.3715466950070807,,186.62,BASIS_CONVERGED,1759249800000,154,3.035579769609066,,2.3715466950070807,,148.75031988398874,V50_POST_OPEN_BASIS,USD,SHORT,,V52,NVDAUSDT,2.6136246954466262,225.42043669136186
2.0,C001787,2.0,[],225.42043669136186,0.22542043669136186,738.91,1759249800000,,0.2253624730923155,738.72,BASIS_STOP,1759253400000,,0.0,False,-49.80989422901079,450.8408733827237,0.6101431478566046,,738.72,BASIS_STOP,1759253400000,155,0.11592719809271881,,0.6101431478566046,,148.75031988398874,V50_POST_OPEN_BASIS,USD,SHORT,,V52,METAUSDT,-0.3348557116909585,225.0855809796709
1.0,C001804,1.0,[],228.01101997778727,0.11400550998889364,30.03,1759305600000,,0.1180486624410472,31.095,Q102_PREEMPT:HIGH_VOL:V12_R1,1759312800000,,0.0,False,1162.3836190877944,228.01101997778727,7.592774558034874,,30.991208387096776,V12_STOP,1759316400000,157,8.086304904307124,,7.592774558034874,1,147.99420832978453,,USD,LONG,dbf84542311c15f69508f91a0e7311ff7e686d96,V12,AVAXUSDT,7.854250731877183,232.66615167058671
1.0,C001810,1.0,[],254.38246481048697,0.1271912324052435,217.54,1759312800000,,0.1269384998689609,217.1077419354839,V12_STOP,1759323600000,,0.0,False,-112.41563179361378,254.38246481048697,1.1693594962328169,,217.1077419354839,V12_STOP,1759323600000,158,-0.5054650725651254,,1.1693594962328169,1,147.99420832978453,,USD,LONG,dbf84542311c15f69508f91a0e7311ff7e686d96,V12,SOLUSDT,-0.7595948048393297,231.88394320294447
0.4726767577844355,C001815,1.0,[],258.6259199118976,0.06112323065148643,30.805,1759320000000,,0.06099447921986431,30.740111612903224,V12_STOP,1759330800000,,0.0,False,-56.1816461839386,122.24646130297285,3.9683967311466595,,30.740111612903224,V12_STOP,1759330800000,160,-0.25750286324422417,,3.9683967311466595,2,147.99420832978453,,USD,LONG,dbf84542311c15f69508f91a0e7311ff7e686d96,V12,AVAXUSDT,-0.37962057311557496,231.43881494257357
0.9834985922261206,C001820,1.0,[],257.5111320092103,0.12663091790680653,22.303,1759327200000,,0.13011500673205872,22.91663870967742,V12_STOP,1759338000000,,-0.025479482903581804,False,989.4822091279059,253.26183581361303,11.355505349666549,,22.91663870967742,V12_STOP,1759338000000,161,6.96817765050443,,11.355505349666549,2,147.99420832978453,,USD,LONG,dbf84542311c15f69508f91a0e7311ff7e686d96,V12,LINKUSDT,6.685952242961983,238.01702301035863
1.2535998556048416,C001830,2.0,[],266.42978181286105,0.16699816800471604,725.79,1759336200000,,0.16603638519941463,721.61,BASIS_CONVERGED,1759339800000,,0.0,False,235.38938466365175,333.99633600943207,0.4601831604312984,,721.61,BASIS_CONVERGED,1759339800000,163,1.9235656106028043,,0.4601831604312984,,147.99420832978453,V50_POST_OPEN_BASIS,USD,SHORT,,V52,METAUSDT,1.5905310573986735,239.77455223576203
1.0,C001791,1.0,[],225.0855809796709,0.11254279048983545,0.02777,1759262400000,RECOVERY_V8,0.1259444200238368,0.031076859999999998,RECOVERY_V8_TRAILING_STOP,1759341600000,,-0.05918283711340523,False,3922.6736633851147,225.0855809796709,8105.350413383901,,0.031076859999999998,RECOVERY_V8_TRAILING_STOP,1759341600000,156,26.80325906800267,,8105.350413383901,,147.99420832978453,RECOVERY_V8,USD,LONG,dbf84542311c15f69508f91a0e7311ff7e686d96,PENGU,PENGUUSDT,26.50558902037559,266.18118725787787
2.0,C001833,2.0,[],270.6796258630195,0.2706796258630195,466.11,1759339800000,,0.26640552308395055,458.75,BASIS_CONVERGED,1759343400000,,0.0,False,1185.5994227927904,541.359251726039,1.1614409725730814,,458.75,BASIS_CONVERGED,1759343400000,164,8.548205558137894,,1.1614409725730814,,147.99420832978453,V50_POST_OPEN_BASIS,USD,SHORT,,V52,TSLAUSDT,8.011120409190925,274.4629872929318
0.5177157035855746,C001826,1.0,[],266.2157658238126,0.06891204125452385,220.12,1759334400000,,0.06896386879078241,220.28554838709678,V12_STOP,1759345200000,,-0.0006464243125383481,False,-5.16015281274701,137.8240825090477,0.6261315759996716,,220.28554838709678,V12_STOP,1759345200000,162,0.10365507251710875,,0.6261315759996716,1,147.99420832978453,,USD,LONG,dbf84542311c15f69508f91a0e7311ff7e686d96,V12,SOLUSDT,-0.034867261840735866,274.4976784966581
0.5,C001841,0.5,[],275.8495337053478,0.06896238342633695,0.2466,1759348800000,,0.06889099979082267,0.2463447419354839,V12_STOP,1759359600000,,0.0,False,-41.53023156608635,137.9247668526739,559.3056238956768,,0.2463447419354839,V12_STOP,1759359600000,165,-0.14276727102859302,,559.3056238956768,1,147.99420832978453,,USD,LONG,dbf84542311c15f69508f91a0e7311ff7e686d96,V12,DOGEUSDT,-0.28062065424575267,274.07916755675143
1.0,C001840,1.0,[],275.7805713219215,0.13789028566096076,286.41,1759348800000,,0.13748345021716604,285.5649677419355,V12_STOP,1759359600000,,0.0,False,-161.17229688588847,275.7805713219215,0.9628873688834939,,285.5649677419355,V12_STOP,1759359600000,166,-0.813670887589424,,0.9628873688834939,2,147.99420832978453,,USD,LONG,dbf84542311c15f69508f91a0e7311ff7e686d96,V12,AAVEUSDT,-1.0890446234675508,273.12801321894483
1.0,C001849,1.0,[],274.6336194267028,0.13731680971335142,30.78,1759363200000,,0.13948602329379584,31.266236129032258,V12_STOP,1759374000000,,0.0,False,597.4994437305975,274.6336194267028,8.922469766949408,,31.266236129032258,V12_STOP,1759374000000,167,4.3384271608888225,,8.922469766949408,2,147.10849539406345,,USD,LONG,dbf84542311c15f69508f91a0e7311ff7e686d96,V12,AVAXUSDT,4.061624327881675,277.06843280039607
0.9930599732435414,C001853,1.0,[],274.51298591286206,0.13630392922281573,118595.3,1759370400000,,0.13661666211268242,118867.40258064517,V12_STOP,1759381200000,,0.0,False,51.86239222362173,272.60785844563145,0.0022986396463066535,,118867.40258064517,V12_STOP,1759381200000,168,0.6254657797333304,,0.0022986396463066535,1,147.10849539406345,,USD,LONG,dbf84542311c15f69508f91a0e7311ff7e686d96,V12,BTCUSDT,0.3525451883978322,277.4189370125257
1.0,C001862,1.0,[],276.68981098200584,0.13834490549100292,223.66,1759377600000,,0.13969625778398273,225.84470967741936,V12_STOP,1759388400000,,0.0,False,356.6885879481526,276.68981098200584,1.237100111696351,,225.84470967741936,V12_STOP,1759388400000,169,2.7027045859595926,,1.237100111696351,2,147.10849539406345,,USD,LONG,dbf84542311c15f69508f91a0e7311ff7e686d96,V12,SOLUSDT,2.4246634226846067,279.84319269444586
1.0,C001869,1.0,[],277.50529251092973,0.13875264625546488,30.765,1759384800000,,0.13920399189806382,30.865074838709678,V12_STOP,1759395600000,,-0.027619736898048655,False,87.84067600898523,277.50529251092973,9.020162278918567,,30.865074838709678,V12_STOP,1759395600000,170,0.9026912851978885,,9.020162278918567,2,147.10849539406345,,USD,LONG,dbf84542311c15f69508f91a0e7311ff7e686d96,V12,AVAXUSDT,0.5971149101463111,280.4552549959052
1.0,C001875,1.0,[],278.17630278286396,0.139088151391432,22.623,1759392000000,,0.13878257168071234,22.57329677419355,V12_STOP,1759402800000,,0.0,False,-130.78388691903766,278.17630278286396,12.29617216031755,,22.57329677419355,V12_STOP,1759402800000,171,-0.6111594214392477,,12.29617216031755,2,147.10849539406345,,USD,LONG,dbf84542311c15f69508f91a0e7311ff7e686d96,V12,LINKUSDT,-0.889030144511392,279.5656364774721
1.0,C001882,1.0,[],279.3530506263006,0.1396765253131503,118812.9,1759399200000,,0.13958868139698508,118738.17741935483,V12_STOP,1759410000000,,0.0,False,-66.9274570482182,279.3530506263006,0.002351201347886472,,118738.17741935483,V12_STOP,1759410000000,172,-0.1756878323304573,,0.002351201347886472,1,147.10849539406345,,USD,LONG,dbf84542311c15f69508f91a0e7311ff7e686d96,V12,BTCUSDT,-0.4549530390405927,279.25035996374464
1.0,C001890,1.0,[],278.4531120201584,0.13922655601007922,226.4,1759413600000,,0.13931776821008693,226.54832258064516,V12_STOP,1759424400000,,-0.019400299864458345,False,-16.994006350396763,278.4531120201584,1.2299165725272014,,226.54832258064516,V12_STOP,1759424400000,173,0.18242440001548108,,1.2299165725272014,2,147.10849539406345,,USD,LONG,dbf84542311c15f69508f91a0e7311ff7e686d96,V12,SOLUSDT,-0.11552022406914342,279.0107744969843
0.9991138742388914,C001894,1.0,[],279.0544770942962,0.13940359986669515,119839.6,1759420800000,,0.13970946447748442,120102.53935483871,V12_STOP,1759431600000,,0.0,False,48.9306624345008,278.8071997333903,0.0023265030902422093,,120102.53935483871,V12_STOP,1759431600000,174,0.6117292215785319,,0.0023265030902422093,1,147.10849539406345,,USD,LONG,dbf84542311c15f69508f91a0e7311ff7e686d96,V12,BTCUSDT,0.33261615723435234,279.12001334770554
2.0,C001897,2.0,[],277.20479559495755,0.27720479559495753,224.75,1759426200000,,0.2780065002318284,225.4,TIME_OR_SESSION_FLAT,1759433400000,,0.0,False,-317.5514241158968,554.4095911899151,2.4667834980641383,,225.4,TIME_OR_SESSION_FLAT,1759433400000,175,-1.6034092737417038,,2.4667834980641383,,147.10849539406345,V50_POST_OPEN_BASIS,USD,SHORT,,V52,AMZNUSDT,-2.1586205695684897,277.238597573732
0.6258295891510732,C001898,1.0,[],273.480552113045,0.08557611078485781,1060.1,1759428000000,,0.08686233953872075,1076.0335483870967,V12_STOP,1759438800000,,0.0,False,353.06319245152787,171.15222156971564,0.1614491289215316,,1076.0335483870967,V12_STOP,1759438800000,176,2.5724575077258587,,0.1614491289215316,2,147.10849539406345,,USD,LONG,dbf84542311c15f69508f91a0e7311ff7e686d96,V12,BNBUSDT,2.40001905740228,279.53177758503637
0.5,C001908,0.5,[],270.11203157406703,0.06752800789351676,0.26165,1759442400000,,0.06747558994497689,0.2614468967741935,V12_STOP,1759453200000,,-0.013521860949990538,False,-37.189411883567985,135.05601578703352,516.1705170534436,,0.2614468967741935,V12_STOP,1759453200000,178,-0.10483589707974633,,516.1705170534436,2,146.78407350689127,,USD,LONG,dbf84542311c15f69508f91a0e7311ff7e686d96,V12,DOGEUSDT,-0.2533613558682305,278.86988079432797
0.9995436439744347,C001914,1.0,[],275.1986164922345,0.13753651397268554,234.62,1759449600000,,0.13716519741848154,233.9865806451613,V12_STOP,1759460400000,,0.0,False,-149.32854897052206,275.07302794537105,1.1724193502061677,,233.9865806451613,V12_STOP,1759460400000,179,-0.7426331084080077,,1.1724193502061677,1,146.78407350689127,,USD,LONG,dbf84542311c15f69508f91a0e7311ff7e686d96,V12,SOLUSDT,-1.0173348197991747,277.9284877104708
0.4611551585554836,C001918,1.0,[],267.1325556613309,0.061594778030666306,119867.1,1759456800000,,0.06179033251113607,120247.66064516129,V12_STOP,1759467600000,,0.0,False,39.29759733632575,123.18955606133261,0.0010277178313426504,,120247.66064516129,V12_STOP,1759467600000,180,0.3911089609395146,,0.0010277178313426504,1,146.78407350689127,,USD,LONG,dbf84542311c15f69508f91a0e7311ff7e686d96,V12,BTCUSDT,0.2677238503977122,278.062736195615
1.0,C001924,1.0,[],272.3819160238231,0.13619095801191156,4499.55,1759464000000,,0.13613687649505538,4497.763225806452,V12_STOP,1759474800000,,0.0,False,-55.849999569408155,272.3819160238231,0.06053536820878157,,4497.763225806452,V12_STOP,1759474800000,181,-0.1081630337123708,,0.06053536820878157,2,146.78407350689127,,USD,LONG,dbf84542311c15f69508f91a0e7311ff7e686d96,V12,ETHUSDT,-0.38049086821933775,277.8184362854076
1.4017776168427647,C001905,1.4017776168427647,[],274.5302173053479,0.19241515688280844,50.8455,1759435200000,,0.1881273640485897,49.184428571428576,HYPE_HARD_STOP,1759482000000,,-0.25433801989715343,False,-1351.9497490936458,384.8303137656169,7.568620895961627,,49.184428571428576,HYPE_HARD_STOP,1759482000000,177,-8.575585668437498,"[{""cause"": ""V12"", ""fraction"": 0.32663372346429903, ""quantity"": 2.4721668247376454, ""ts"": 1759449600000}]",5.096454071223981,,146.78407350689127,HYPE_TREND_LONG,USD,LONG,123df49950e3d5aba61e2d50e9ee1a37fae620d7,HYPE_LONG,HYPEUSDT,-9.210466209266048,268.9591197265685
0.4965789737678503,C001931,1.0,[],270.02164136835904,0.06704353478290513,229.33,1759478400000,,0.06753116664972536,230.998,V12_STOP,1759489200000,,0.0,False,123.39976070003252,134.08706956581025,0.5846904877940533,,230.998,V12_STOP,1759489200000,183,0.975263733640468,,0.5846904877940533,2,146.78407350689127,,USD,LONG,dbf84542311c15f69508f91a0e7311ff7e686d96,V12,SOLUSDT,0.8406890322078375,269.8668522935592
1.0,C001930,1.0,[],270.15671972822315,0.13507835986411157,119599.0,1759478400000,,0.1356911608136047,120141.57677419354,V12_STOP,1759492800000,,0.0,False,140.1541860043892,270.15671972822315,0.002258854335974575,,120141.57677419354,V12_STOP,1759492800000,182,1.225601898986179,,0.002258854335974575,1,146.78407350689127,,USD,LONG,dbf84542311c15f69508f91a0e7311ff7e686d96,V12,BTCUSDT,0.9548323783084627,270.9567630317318
1.0,C001938,1.0,[],270.6794593991801,0.13533972969959004,22.292,1759492800000,,0.13627548160900443,22.446129032258064,V12_STOP,1759503600000,,0.0,False,234.83816696908013,270.6794593991801,12.142448385034095,,22.446129032258064,V12_STOP,1759503600000,184,1.8715038188287751,,12.142448385034095,2,146.78407350689127,,USD,LONG,dbf84542311c15f69508f91a0e7311ff7e686d96,V12,LINKUSDT,1.5998886075201808,272.42143334244264
0.999371771841147,C001941,1.0,[],270.60659630249177,0.1352182968093616,120337.7,1759500000000,,0.13792258469850968,122744.38454193548,V12_TAKE_PROFIT,1759510800000,,-0.027472626651341387,False,749.767509330207,270.4365936187232,0.0022473139641086973,,122744.38454193548,V12_TAKE_PROFIT,1759510800000,185,5.4085757782961466,,0.0022473139641086973,1,146.78407350689127,,USD,LONG,dbf84542311c15f69508f91a0e7311ff7e686d96,V12,BTCUSDT,5.107962270136934,277.302396469903
2.0,C001945,2.0,[],272.4112096597065,0.2724112096597065,191.27,1759505400000,,0.26490555234331264,186.0,BASIS_CONVERGED,1759516200000,,0.0,False,2124.5523674038527,544.822419319413,2.8484467993904583,,186.0,BASIS_CONVERGED,1759516200000,186,15.011314632787744,,2.8484467993904583,,146.78407350689127,V50_POST_OPEN_BASIS,USD,SHORT,,V52,NVDAUSDT,14.473997870784725,291.9777796586785
0.7591099432428483,C001947,1.0,[],277.9978883151111,0.10551548061025783,234.68,1759507200000,,0.10621980864093176,236.24651612903224,V12_STOP,1759518000000,,0.0,False,175.68890659336185,211.03096122051565,0.8992285717594838,,236.24651612903224,V12_STOP,1759518000000,187,1.408656061347854,,0.8992285717594838,1,146.78407350689127,,USD,LONG,dbf84542311c15f69508f91a0e7311ff7e686d96,V12,SOLUSDT,1.1969207720966644,293.2802159113854
0.5,C001951,0.5,[],284.1035666757041,0.07102589166892602,0.256365,1759514400000,,0.07213391958399253,0.26036438064516126,V12_STOP,1759525200000,,0.0,False,304.26812160743555,142.05178333785204,554.0997536241376,,0.26036438064516126,V12_STOP,1759525200000,188,2.2160558301329956,,554.0997536241376,1,146.78407350689127,,USD,LONG,dbf84542311c15f69508f91a0e7311ff7e686d96,V12,DOGEUSDT,2.072896018880077,295.351578269744
0.5,C001955,0.5,[],290.2382087619041,0.07255955219047602,122.52,1759521600000,,0.07235120319776665,122.1681935483871,V12_STOP,1759532400000,,0.0,False,-82.435218692726,145.11910438095205,1.1844523700698013,,122.1681935483871,V12_STOP,1759532400000,189,-0.41669798541874814,,1.1844523700698013,1,146.78407350689127,,USD,LONG,dbf84542311c15f69508f91a0e7311ff7e686d96,V12,LTCUSDT,-0.5616087408069909,294.71776575955766
1.0,C001959,1.0,[],289.52664313959826,0.14476332156979912,13.544,1759528800000,,0.14812036708167084,13.858083870967743,V12_STOP,1759539600000,,-0.02863415080371322,False,941.9429892308167,289.52664313959826,21.37674565413454,,13.858083870967743,V12_STOP,1759539600000,190,6.7140910237434435,,21.37674565413454,1,147.34958241009033,,USD,LONG,dbf84542311c15f69508f91a0e7311ff7e686d96,V12,INJUSDT,6.392573184288261,301.27071445992834
1.0,C001968,1.0,[],300.3694776541352,0.15018473882706762,229.15,1759550400000,,0.15035569232254606,229.4108387096774,V12_STOP,1759564800000,,0.0,False,6.0953453133467255,300.3694776541352,1.3107985060184821,,229.4108387096774,V12_STOP,1759564800000,191,0.3419069909569072,,1.3107985060184821,2,147.34958241009033,,USD,LONG,dbf84542311c15f69508f91a0e7311ff7e686d96,V12,SOLUSDT,0.04136655980729351,301.1620083026202
0.9982323975891689,C001971,1.0,[],300.6769114644013,0.15007271711540782,122480.9,1759557600000,,0.1499362792483952,122369.54709677419,V12_STOP,1759568400000,,-0.02997129123507369,False,-88.83058303972227,300.1454342308156,0.0024505488956303853,,122369.54709677419,V12_STOP,1759568400000,192,-0.27287573402524196,,0.0024505488956303853,1,147.34958241009033,,USD,LONG,dbf84542311c15f69508f91a0e7311ff7e686d96,V12,BTCUSDT,-0.6028560216241187,300.51300788818764
0.6,C001811,0.6,[],254.13722491564067,0.0762411674746922,0.4399,1759312800000,,0.075409256577037,0.4351,Q102_TIME_EXIT,1759572000000,HIGH_VOL,0.13829825414436325,False,243.1960100836767,152.4823349493844,346.6295406896667,,0.4351,Q102_TIME_EXIT,1759572000000,159,1.6638217953104095,,346.6295406896667,,147.34958241009033,,USD,SHORT,dbf84542311c15f69508f91a0e7311ff7e686d96,Q102,ARBUSDT,1.6504696254030435,302.10142042692104
1.0,C001974,1.0,[],300.0708902952311,0.15003544514761555,1167.7,1759564800000,,0.14985829748967178,1166.3212903225806,V12_STOP,1759575600000,,-0.061481892702240415,False,-105.45381580634427,300.0708902952311,0.2569760129273196,,1166.3212903225806,V12_STOP,1759575600000,193,-0.3542953158875651,,0.2569760129273196,2,147.34958241009033,,USD,LONG,dbf84542311c15f69508f91a0e7311ff7e686d96,V12,BNBUSDT,-0.7156709512270929,301.52281112109085
0.5,C001978,0.5,[],297.82276981168116,0.07445569245292029,118.3,1759572000000,,0.0746445471556163,118.60006451612904,V12_STOP,1759582800000,,0.0,False,33.68546511331593,148.91138490584058,1.2587606500916364,,118.60006451612904,V12_STOP,1759582800000,194,0.37770940539202363,,1.2587606500916364,2,147.34958241009033,,USD,LONG,dbf84542311c15f69508f91a0e7311ff7e686d96,V12,LTCUSDT,0.22860916578348706,301.67536632589673
1.0,C001981,1.0,[],301.0193068610542,0.1505096534305271,121948.5,1759579200000,,0.15096181977894316,122314.86193548387,V12_STOP,1759590000000,,0.0,False,88.83134955203131,301.0193068610542,0.0024684133618786143,,122314.86193548387,V12_STOP,1759590000000,195,0.904332696832105,,0.0024684133618786143,1,147.34958241009033,,USD,LONG,dbf84542311c15f69508f91a0e7311ff7e686d96,V12,BTCUSDT,0.6028612236226347,302.2774231160081
1.0,C001986,1.0,[],302.6281738835819,0.15131408694179094,2.949,1759586400000,,0.15171993489591565,2.956909677419355,V12_STOP,1759597200000,,-0.029647093738544187,False,70.5826296686508,302.6281738835819,102.62060830233364,,2.956909677419355,V12_STOP,1759597200000,196,0.8116959082494425,,102.62060830233364,2,147.34958241009033,,USD,LONG,dbf84542311c15f69508f91a0e7311ff7e686d96,V12,NEARUSDT,0.4790147926731917,302.83372936074204
0.5,C001989,0.5,[],296.0905395241295,0.07402263488103238,117.88,1759593600000,,0.07441953919812327,118.51206451612903,V12_STOP,1759604400000,,0.0,False,95.09447839760442,148.04526976206475,1.2558981147104238,,118.51206451612903,V12_STOP,1759604400000,197,0.7938086341818105,,1.2558981147104238,1,147.34958241009033,,USD,LONG,dbf84542311c15f69508f91a0e7311ff7e686d96,V12,LTCUSDT,0.6453664601026549,303.40136877804497
1.0,C001994,1.0,[],303.49935536153856,0.15174967768076927,226.47,1759600800000,,0.15241684652194523,227.46567741935485,V12_STOP,1759618800000,,0.0,False,151.79528996420288,303.49935536153856,1.3401305045327794,,227.46567741935485,V12_STOP,1759618800000,198,1.3343376823519086,,1.3401305045327794,1,147.34958241009033,,USD,LONG,dbf84542311c15f69508f91a0e7311ff7e686d96,V12,SOLUSDT,1.0301711581491941,304.4314168012444
0.9996775098120421,C001997,1.0,[],303.8436118445408,0.15187281263052366,1147.0,1759608000000,,0.1526886212536479,1153.1612903225805,V12_STOP,1759618800000,,0.0,False,195.54111978677005,303.7456252610473,0.26481745881521124,,1153.1612903225805,V12_STOP,1759618800000,199,1.6316172462485208,,0.26481745881521124,1,147.34958241009033,,USD,LONG,dbf84542311c15f69508f91a0e7311ff7e686d96,V12,BNBUSDT,1.3270558123643492,305.91034542623925
0.5,C002004,0.5,[],305.91034542623925,0.07647758635655981,0.25071,1759622400000,,0.0788993072182699,0.2586489225806452,V12_STOP_AMBIGUOUS,1759640400000,,0.0,False,690.784394989144,152.95517271311962,610.0880408165594,,0.2586489225806452,V12_STOP_AMBIGUOUS,1759640400000,200,4.843441723420183,,610.0880408165594,2,147.34958241009033,,USD,LONG,dbf84542311c15f69508f91a0e7311ff7e686d96,V12,DOGEUSDT,4.688064829845353,310.3504055386913
0.5,C002009,0.5,[],306.43480456008706,0.07660870114002177,122.07,1759629600000,,0.07778021096055593,123.93670967741934,V12_STOP,1759640400000,,0.0,False,322.4938239632898,153.21740228004353,1.2551601726881587,,123.93670967741934,V12_STOP,1759640400000,201,2.3430196410683295,,1.2551601726881587,1,147.34958241009033,,USD,LONG,dbf84542311c15f69508f91a0e7311ff7e686d96,V12,LTCUSDT,2.188630728967752,312.6156449687991
1.0,C002019,1.0,[],325.0646577589925,0.16253232887949626,125105.3,1759644000000,,0.16244685309401766,125039.50709677419,V12_STOP,1759654800000,,-0.03240107757477024,False,-77.84947459893803,325.0646577589925,0.0025983284302023373,,125039.50709677419,V12_STOP,1759654800000,203,-0.1709515709571751,,0.0025983284302023373,1,147.34958241009033,,USD,LONG,dbf84542311c15f69508f91a0e7311ff7e686d96,V12,BTCUSDT,-0.5283318305054592,311.8673462636472
0.9994997498749376,C002020,1.0,[],324.902125430113,0.1623697965506168,234.38,1759644000000,,0.1636292397203797,236.198,V12_STOP,1759654800000,,-0.026515528270423673,False,319.21397638894797,324.7395931012336,1.3855260393430908,,236.198,V12_STOP,1759654800000,204,2.5188863395257557,,1.3855260393430908,2,147.34958241009033,,USD,LONG,dbf84542311c15f69508f91a0e7311ff7e686d96,V12,SOLUSDT,2.166371774984335,314.2226033634526
1.0,C002012,1.0,[],311.72328026644345,0.15586164013322173,0.0313,1759633200000,RECOVERY_V8,0.16519342012075072,0.033174,RECOVERY_V8_TRAILING_STOP,1759658400000,,-0.04661592594549323,False,2695.8916023296742,311.72328026644345,9959.210232154743,,0.033174,RECOVERY_V8_TRAILING_STOP,1759658400000,202,18.663559975057993,,9959.210232154743,,147.34958241009033,RECOVERY_V8,USD,LONG,dbf84542311c15f69508f91a0e7311ff7e686d96,PENGU,PENGUUSDT,18.29588898885853,332.72096991838987
1.0,C002028,1.0,[],332.72096991838987,0.16636048495919495,1161.9,1759658400000,,0.16677450520611373,1164.791612903226,V12_STOP,1759669200000,,0.0,False,72.92411929856083,332.72096991838987,0.28635938541904626,,1164.791612903226,V12_STOP,1759669200000,205,0.8280404938375543,,0.28635938541904626,1,147.34958241009033,,USD,LONG,dbf84542311c15f69508f91a0e7311ff7e686d96,V12,BNBUSDT,0.4949055036722456,333.04874347060064
0.9995025555305195,C002035,1.0,[],334.43026340792545,0.16713195146148313,232.53,1759665600000,,0.16666680146207682,231.8828387096774,V12_STOP,1759676400000,,0.0,False,-186.2644231934405,334.2639029229663,1.437508721124011,,231.8828387096774,V12_STOP,1759676400000,206,-0.9302999988126059,,1.437508721124011,2,147.34958241009033,,USD,LONG,dbf84542311c15f69508f91a0e7311ff7e686d96,V12,SOLUSDT,-1.264098751736166,331.7865642575902
0.99633590788926,C002039,1.0,[],331.63998492389914,0.16521241273576678,3.04,1759672800000,,0.1652906011229486,3.0414387096774194,V12_STOP,1759683600000,,-0.03298813635875344,False,-30.518216793187143,330.42482547153355,108.69237679984656,,3.0414387096774194,V12_STOP,1759683600000,207,0.156376774363647,,108.69237679984656,2,147.34958241009033,,USD,LONG,dbf84542311c15f69508f91a0e7311ff7e686d96,V12,NEARUSDT,-0.20711437585382184,331.74466229447216
2.0,C002066,2.0,[],331.74466229447216,0.3317446622944722,711.9,1759764600000,,0.32797939066736265,703.82,BASIS_CONVERGED,1759768200000,,0.33124138341362097,False,1061.2206196434356,663.4893245889443,0.9319979275023801,,703.82,BASIS_CONVERGED,1759768200000,208,7.530543254219164,,0.9319979275023801,,147.34958241009033,V50_POST_OPEN_BASIS,USD,SHORT,,V52,METAUSDT,7.20206058467095,338.9467228791431
0.75,C002068,0.75,[],338.9467228791431,0.12710502107967867,0.265275,1759770000000,,0.12804414403252448,0.267235,Q102_TIME_EXIT,1759813200000,MR,0.025494792447945048,False,-316.2752926644265,254.21004215935733,958.2887273936758,,0.267235,Q102_TIME_EXIT,1759813200000,209,-1.8782459056916212,,958.2887273936758,,150.042815550608,,USD,SHORT,dbf84542311c15f69508f91a0e7311ff7e686d96,Q102,DOGEUSDT,-2.1079002783558796,336.83882260078724
0.75,C002082,0.75,[],336.83882260078724,0.1263145584752952,0.267235,1759813200000,,0.11938045713066377,0.252565,Q102_TIME_EXIT,1759856400000,MR,0.048387265235813354,False,2051.219567728023,252.62911695059043,945.3444232626356,,0.252565,Q102_TIME_EXIT,1759856400000,210,13.86820268926288,,945.3444232626356,,150.042815550608,,USD,SHORT,dbf84542311c15f69508f91a0e7311ff7e686d96,Q102,DOGEUSDT,13.670894938892735,350.15807030573933
2.0,C002095,2.0,[],351.6472339406645,0.3516472339406645,439.01,1759854600000,,0.3603701294956947,449.9,BASIS_CONVERGED,1759858200000,,0.0,False,2510.782527730333,703.294467881329,1.6020010202075783,,449.9,BASIS_CONVERGED,1759858200000,211,17.445791110060505,,1.6020010202075783,,150.042815550608,V50_POST_OPEN_BASIS,USD,LONG,,V52,TSLAUSDT,16.733773746624145,367.24349128630416
2.0,C002097,2.0,[],367.24349128630416,0.3672434912863042,187.11,1759858200000,,0.36457419970301425,185.75,BASIS_CONVERGED,1759861800000,,0.0,False,691.2120625389402,734.4869825726083,3.9254287989557386,,185.75,BASIS_CONVERGED,1759861800000,212,5.338583166579858,,3.9254287989557386,,150.042815550608,V50_POST_OPEN_BASIS,USD,SHORT,,V52,NVDAUSDT,4.60676547559054,371.8502567618947
2.0,C002122,2.0,[],378.6287599497396,0.3786287599497396,192.9,1759941000000,,0.3748993942477981,191.0,TIME_OR_SESSION_FLAT,1759951800000,,0.0,False,1011.8729916913347,757.2575198994792,3.925648107306787,,191.0,TIME_OR_SESSION_FLAT,1759951800000,214,7.4587314038829176,,3.925648107306787,,150.9086233499057,V50_POST_OPEN_BASIS,USD,SHORT,,V52,NVDAUSDT,6.70520324968538,378.33207537875717
1.0,C002113,1.0,[],371.8502567618947,0.18592512838094735,0.031227,1759914000000,RECOVERY_V8,0.19220997763848333,0.03228257,RECOVERY_V8_TRAILING_STOP,1759975200000,,-0.11200773716820209,False,1844.3996890252176,371.8502567618947,11907.972484128948,,0.03228257,RECOVERY_V8_TRAILING_STOP,1759975200000,213,12.569698515071938,,11907.972484128948,,152.68770964135203,RECOVERY_V8,USD,LONG,dbf84542311c15f69508f91a0e7311ff7e686d96,PENGU,PENGUUSDT,12.079555671884304,390.63501568346436
2.0,C002148,2.0,[],389.56333935754327,0.3895633393575433,725.0,1760023800000,,0.38956333935754334,725.0,BASIS_CONVERGED,1760027400000,,0.39110547285265523,False,-59.2460692154102,779.1266787150865,1.074657487882878,,725.0,BASIS_CONVERGED,1760027400000,216,0.0,,1.074657487882878,,152.68770964135203,V50_POST_OPEN_BASIS,USD,SHORT,,V52,METAUSDT,-0.3880212058624314,390.12968061447083
2.0,C002150,2.0,[],390.4380766794841,0.3904380766794841,195.2,1760027400000,,0.3854175870664436,192.69,BASIS_CONVERGED,1760031000000,,0.0,False,1414.6704962770605,780.8761533589682,4.000390129912747,,192.69,BASIS_CONVERGED,1760031000000,217,10.040979226080958,,4.000390129912747,,152.68770964135203,V50_POST_OPEN_BASIS,USD,SHORT,,V52,NVDAUSDT,9.265123562335031,399.3948041768059
0.75,C002140,0.75,[],390.63501568346436,0.14648813088129914,2.85,1760000400000,,0.1582071813518031,3.0780000000000003,Q102_HARD_STOP,1760076000000,BRK,0.05887280881103159,False,-3618.5755051605142,292.97626176259826,102.79868833775377,,3.0780000000000003,Q102_HARD_STOP,1760076000000,215,-23.43810094100788,,102.79868833775377,,152.78615106364654,,USD,SHORT,dbf84542311c15f69508f91a0e7311ff7e686d96,Q102,NEARUSDT,-23.68392344442995,440.85001874674145
1.0,C002163,1.0,[],444.76695146774847,0.22238347573387424,2.8134,1760068800000,,0.2222009596966488,2.8110909677419356,V12_STOP,1760079600000,,0.0,False,-12.154499042107698,444.76695146774847,158.08877211478938,,2.8110909677419356,V12_STOP,1760079600000,219,0.3650320744508655,,158.08877211478938,1,152.78615106364654,,USD,SHORT,dbf84542311c15f69508f91a0e7311ff7e686d96,V12,XRPUSDT,-0.07955236097965754,440.9928498614957
1.0,C002177,1.0,[],419.70420597119454,0.20985210298559728,2.8258,1760104800000,,0.20307195363162342,2.734500719354839,V12_TAKE_PROFIT,1760112000000,,0.04069606923211384,False,2014.95456534993,419.70420597119454,148.5258001172038,,2.734500719354839,V12_TAKE_PROFIT,1760112000000,221,13.560298707947696,,148.5258001172038,1,152.78615106364654,,USD,SHORT,dbf84542311c15f69508f91a0e7311ff7e686d96,V12,XRPUSDT,13.18807072056259,454.1936290054085
1.210482650355849,C002184,2.0,[],485.9518625921738,0.294118149287968,217.4,1760113800000,,0.29536280750942584,218.32,BASIS_CONVERGED,1760121000000,,0.0,False,290.26855157813424,588.236298575936,2.7057787422996133,,218.32,BASIS_CONVERGED,1760121000000,224,2.4893164429156105,,2.7057787422996133,,152.78615106364654,V50_POST_OPEN_BASIS,USD,LONG,,V52,AMZNUSDT,1.8998354861182167,455.73208725330795
0.47215950952749264,C002181,1.0,[],490.78171091473297,0.115863625955282,0.7831,1760112000000,,0.11514341879034808,0.7782322580645161,V12_STOP,1760122800000,,0.0,False,184.78068416215405,231.727251910564,295.91016716966413,,0.7782322580645161,V12_STOP,1760122800000,223,1.4404143298678234,,295.91016716966413,2,152.78615106364654,,USD,SHORT,dbf84542311c15f69508f91a0e7311ff7e686d96,V12,ADAUSDT,1.209407285122193,457.05735816438545
1.0,C002182,1.0,[],491.02722452699646,0.24551361226349824,26.93,1760112000000,,0.23855372204893008,26.16658064516129,V12_STOP_AMBIGUOUS,1760130000000,,0.0,False,2052.7908905535833,491.02722452699646,18.233465448458837,,26.16658064516129,V12_STOP_AMBIGUOUS,1760130000000,222,13.91978042913636,,18.233465448458837,1,152.78615106364654,,USD,SHORT,dbf84542311c15f69508f91a0e7311ff7e686d96,V12,AVAXUSDT,13.435713094823932,470.75995207012033
1.0,C002161,1.0,[],460.2495200290263,0.23012476001451315,0.0301,1760065200000,SHORT_V20,0.19721248503473648,0.025795119999999998,SHORT_TRAILING_STOP,1760133600000,,0.18987206972224294,False,10020.798243666994,460.2495200290263,15290.68172853908,,0.025795119999999998,SHORT_TRAILING_STOP,1760133600000,218,65.82454995955332,,15290.68172853908,,152.78615106364654,SHORT_V20,USD,SHORT,dbf84542311c15f69508f91a0e7311ff7e686d96,PENGU,PENGUUSDT,65.5870847842263,536.3872895446389
1.0,C002196,1.0,[],646.7623475247713,0.3233811737623856,3933.7,1760133600000,,0.3126653223672761,3803.3493548387096,V12_STOP,1760144400000,,0.06283148971873588,False,3181.7848844491486,646.7623475247713,0.16441577840831056,,3803.3493548387096,V12_STOP,1760144400000,225,21.431702790219013,,0.16441577840831056,1,152.54149377593362,,USD,SHORT,dbf84542311c15f69508f91a0e7311ff7e686d96,V12,ETHUSDT,20.858487783808087,555.1086490689066
0.9994997498749376,C002197,1.0,[],646.438966351009,0.3230577925886233,190.56,1760133600000,,0.31132194455638457,183.63745161290322,V12_STOP,1760144400000,,-1.836893985399447,False,3203.435793963965,646.1155851772467,3.3906149516018402,,183.63745161290322,V12_STOP,1760144400000,226,23.471696064477552,,3.3906149516018402,2,152.54149377593362,,USD,SHORT,dbf84542311c15f69508f91a0e7311ff7e686d96,V12,SOLUSDT,21.0004223419331,578.2690231888278
0.75,C002170,0.75,[],434.89964239893345,0.16308736589960007,8.236,1760086800000,,0.11993931219692539,6.057,Q102_TIME_EXIT,1760173200000,MR,0.07676353601826003,False,13132.273442856858,326.1747317992001,39.603537129577475,,6.057,Q102_TIME_EXIT,1760173200000,220,86.29610740534933,,39.603537129577475,,152.54149377593362,,USD,SHORT,dbf84542311c15f69508f91a0e7311ff7e686d96,Q102,UNIUSDT,86.08984426327108,664.1326077596132
1.0,C002212,1.0,[],671.7170422762721,0.335858521138136,182.57,1760169600000,,0.3367691899342648,183.06503225806452,V12_STOP,1760180400000,,0.0,False,-380.43319279528924,671.7170422762721,3.6792301159898786,,183.06503225806452,V12_STOP,1760180400000,227,-1.8213375922574788,,3.6792301159898786,1,152.54149377593362,,USD,SHORT,dbf84542311c15f69508f91a0e7311ff7e686d96,V12,SOLUSDT,-2.4939653033298796,661.9745009774214
1.25,C002218,1.25,[],661.9745009774214,0.4137340631108884,22.36,1760187600000,,0.388754591500884,21.01,Q102_TIME_EXIT,1760230800000,REV,0.1637913205124143,False,7523.383980832972,827.4681262217767,37.00662460741399,,21.01,Q102_TIME_EXIT,1760230800000,228,49.958943220008805,,37.00662460741399,,152.54149377593362,,USD,SHORT,dbf84542311c15f69508f91a0e7311ff7e686d96,Q102,AVAXUSDT,49.32024588590945,709.9575749222765
1.0,C002229,1.0,[],698.6518036324541,0.349325901816227,3734.7,1760220000000,,0.3501642487389374,3743.6629032258065,V12_STOP,1760230800000,,0.005100620978673765,False,-361.68859988936646,698.6518036324541,0.18707039484629398,,3743.6629032258065,V12_STOP,1760230800000,229,-1.6766938454207838,,0.18707039484629398,1,152.54149377593362,,USD,SHORT,dbf84542311c15f69508f91a0e7311ff7e686d96,V12,ETHUSDT,-2.3710833749972746,707.9307168281168
0.8675239559708032,C002230,1.0,[],698.3024777306379,0.30289706397254834,176.62,1760220000000,,0.30328436938582337,176.84583870967742,V12_STOP,1760230800000,,-0.6900495962443278,False,-315.8893101112742,605.7941279450966,3.429929384809742,,176.84583870967742,V12_STOP,1760230800000,230,-0.7746108265500943,,3.429929384809742,2,152.54149377593362,,USD,SHORT,dbf84542311c15f69508f91a0e7311ff7e686d96,V12,SOLUSDT,-2.0708418561527937,706.852821632181
1.0,C002238,1.0,[],706.852821632181,0.3534264108160905,110657.8,1760241600000,,0.35434620978214043,110945.78903225806,V12_STOP,1760252400000,,0.0,False,-388.57970930940894,706.852821632181,0.006387736080350241,,110945.78903225806,V12_STOP,1760252400000,231,-1.8395979320999678,,0.006387736080350241,1,152.54149377593362,,USD,SHORT,dbf84542311c15f69508f91a0e7311ff7e686d96,V12,BTCUSDT,-2.547370552698199,703.9523780950776
0.9994997498749376,C002237,1.0,[],706.4993952213649,0.35307298440527446,21.02,1760241600000,,0.3573470086847453,21.274451612903224,V12_STOP,1760252400000,,0.0,False,-1412.3006230044223,706.1459688105489,33.5940042250499,,21.274451612903224,V12_STOP,1760252400000,232,-8.548048558941689,,33.5940042250499,2,152.54149377593362,,USD,SHORT,dbf84542311c15f69508f91a0e7311ff7e686d96,V12,AVAXUSDT,-9.25846855203171,695.0469825274512
1.0,C002244,1.0,[],695.0469825274512,0.3475234912637256,3.25,1760256000000,,0.3508831724596647,3.2814193548387096,V12_STOP,1760266800000,,0.0,False,-1131.517572226374,695.0469825274512,213.8606100084465,,3.2814193548387096,V12_STOP,1760266800000,233,-6.719362391878273,,213.8606100084465,1,152.54149377593362,,USD,SHORT,dbf84542311c15f69508f91a0e7311ff7e686d96,V12,ATOMUSDT,-7.4177690556016636,687.2980770498277
0.9682260522921797,C002247,1.0,[],684.0064285357652,0.3311364220218284,111778.9,1760263200000,,0.33106549587340145,111754.95806451613,V12_STOP,1760274000000,,0.0,False,-79.37490847938001,662.2728440436568,0.005924846675389155,,111754.95806451613,V12_STOP,1760274000000,234,0.14185229685393558,,0.005924846675389155,1,152.54149377593362,,USD,SHORT,dbf84542311c15f69508f91a0e7311ff7e686d96,V12,BTCUSDT,-0.5203496210412943,687.1088638508082
1.0,C002272,1.0,[],687.9816459531517,0.34399082297657585,114329.1,1760299200000,,0.34484519543374054,114613.06,V12_STOP,1760310000000,,0.0,False,-365.73057692880445,687.9816459531517,0.006017554987777842,,114613.06,V12_STOP,1760310000000,236,-1.708744914329347,,0.006017554987777842,1,152.54149377593362,,USD,SHORT,dbf84542311c15f69508f91a0e7311ff7e686d96,V12,BTCUSDT,-2.3975809327396633,684.1615034267597
0.9994997498749374,C002271,1.0,[],687.6376551301751,0.34364683215359926,23.03,1760299200000,,0.3377118449133181,22.63225806451613,V12_STOP,1760310000000,,0.0,False,1706.728167950188,687.2936643071985,29.84340704764214,,22.63225806451613,V12_STOP,1760310000000,237,11.869974480562199,,29.84340704764214,2,152.54149377593362,,USD,SHORT,dbf84542311c15f69508f91a0e7311ff7e686d96,V12,AVAXUSDT,11.188615803495281,695.6937660624086
2.0,C002312,2.0,[],701.3747229474753,0.7013747229474754,185.75,1760369400000,,0.7116451899537587,188.47,BASIS_CONVERGED,1760376600000,,-0.6962570096527562,False,2811.592505276316,1402.7494458949507,7.551813975208348,,188.47,BASIS_CONVERGED,1760376600000,238,20.540934012566698,,7.551813975208348,,152.54149377593362,V50_POST_OPEN_BASIS,USD,LONG,,V52,NVDAUSDT,18.431657090012706,714.1934314774857
1.0,C002338,1.0,[],722.5081000749179,0.361254050037459,9.451,1760421600000,,0.3457839758231243,9.046277419354839,V12_STOP,1760432400000,,0.062479321795208854,False,4608.365355463565,722.5081000749179,76.44779389217203,,9.046277419354839,V12_STOP,1760432400000,239,30.9401484286693,,76.44779389217203,1,152.11340651741722,,USD,SHORT,dbf84542311c15f69508f91a0e7311ff7e686d96,V12,INJUSDT,30.295589724603925,744.3865991092435
0.5,C002337,0.5,[],722.1468460248805,0.1805367115062201,0.203345,1760421600000,,0.1739992422200368,0.1959816129032258,V12_STOP,1760432400000,,0.02053900853259427,False,1938.0680331488463,361.07342301244023,1775.6690501976454,,0.1959816129032258,V12_STOP,1760432400000,240,13.074938572366639,,1775.6690501976454,2,152.11340651741722,,USD,SHORT,dbf84542311c15f69508f91a0e7311ff7e686d96,V12,DOGEUSDT,12.740941627172978,757.2875384393901
1.0,C002346,1.0,[],771.0736715029859,0.38553683575149295,0.6773,1760436000000,,0.37890516809576275,0.6656496774193549,V12_STOP,1760446800000,,0.0,False,1901.2492387187965,771.0736715029859,1138.4521947482444,,0.6656496774193549,V12_STOP,1760446800000,241,13.263335311460484,,1138.4521947482444,1,152.11340651741722,,USD,SHORT,dbf84542311c15f69508f91a0e7311ff7e686d96,V12,ADAUSDT,12.498893307613228,769.4012804480876
0.9994997498749374,C002347,1.0,[],770.6881346672344,0.38515129891574146,2.411,1760436000000,,0.3800218572044889,2.3788903225806455,V12_STOP,1760446800000,,0.0,False,1444.1206091091742,770.3025978314829,319.49506338925045,,2.3788903225806455,V12_STOP,1760446800000,242,10.258883422505066,,319.49506338925045,2,152.11340651741722,,USD,SHORT,dbf84542311c15f69508f91a0e7311ff7e686d96,V12,NEARUSDT,9.493710266384838,779.2801420133882
1.0,C002355,1.0,[],797.3819341229791,0.3986909670614896,2.4297,1760450400000,,0.39992334051196543,2.437210322580645,V12_STOP,1760461200000,,0.0035388280848261395,False,-495.86268693049556,797.3819341229791,328.18122983206945,,2.437210322580645,V12_STOP,1760461200000,243,-2.4647469009517073,,328.18122983206945,1,152.11340651741722,,USD,SHORT,dbf84542311c15f69508f91a0e7311ff7e686d96,V12,XRPUSDT,-3.2598223804403363,775.7030550640192
0.9994997498749374,C002354,1.0,[],796.9832431559176,0.3982922760944281,3.36,1760450400000,,0.39783341402519484,3.3561290322580644,V12_STOP,1760461200000,,0.08108092763350858,False,30.830250311190472,796.5845521888562,237.0787357704929,,3.3561290322580644,V12_STOP,1760461200000,244,0.9177241384664317,,237.0787357704929,2,152.11340651741722,,USD,SHORT,dbf84542311c15f69508f91a0e7311ff7e686d96,V12,ATOMUSDT,0.20267937598031743,776.2229457884604
0.6,C002261,0.6,[],687.1088638508082,0.20613265915524248,0.3439,1760288400000,,0.19648236601072544,0.3278,Q102_TIME_EXIT,1760547600000,HIGH_VOL,0.20503798384666655,False,2905.5490219063754,412.26531831048493,1198.7941794431083,,0.3278,Q102_TIME_EXIT,1760547600000,235,19.300586289034047,,1198.7941794431083,,152.09902189907385,,USD,SHORT,dbf84542311c15f69508f91a0e7311ff7e686d96,Q102,ARBUSDT,19.103009247714745,795.0090551594778
2.0,C002407,2.0,[],811.8081415756352,0.8118081415756352,438.47,1760628600000,,0.7970520330884916,430.5,BASIS_CONVERGED,1760632200000,,0.7968637677319652,False,4349.483607406837,1623.6162831512704,3.702913045707278,,430.5,BASIS_CONVERGED,1760632200000,246,29.512216974287107,,3.702913045707278,,151.54878678368613,V50_POST_OPEN_BASIS,USD,SHORT,,V52,TSLAUSDT,28.700220567354943,822.7516655394535
1.0,C002408,1.0,[],863.3641312211314,0.4316820656105657,1135.0,1760630400000,,0.4290217777992475,1128.0054387096775,V12_STOP,1760641200000,,0.0,False,675.88815735258,863.3641312211314,0.7606732433666356,,1128.0054387096775,V12_STOP,1760641200000,247,5.320575622636341,,0.7606732433666356,1,151.54878678368613,,USD,SHORT,dbf84542311c15f69508f91a0e7311ff7e686d96,V12,BNBUSDT,4.459871779226528,827.6432193842905
0.5262842154329475,C002409,1.0,[],862.9324491555209,0.22707386348772257,2.3538,1760630400000,,0.2270540713359545,2.3535948387096775,V12_STOP,1760641200000,,0.0,False,-62.82358439052861,454.14772697544515,192.94236000316303,,2.3535948387096775,V12_STOP,1760641200000,248,0.0395843035361489,,192.94236000316303,2,151.54878678368613,,USD,SHORT,dbf84542311c15f69508f91a0e7311ff7e686d96,V12,XRPUSDT,-0.4145436312875282,827.4557496164907
1.0,C002417,1.0,[],885.3025351125572,0.4426512675562786,3865.5,1760644800000,,0.43974344171231605,3840.1070967741935,V12_STOP,1760655600000,,0.0,False,747.6291100075421,885.3025351125572,0.22902665505434153,,3840.1070967741935,V12_STOP,1760655600000,249,5.815651687925072,,0.22902665505434153,2,151.54878678368613,,USD,SHORT,dbf84542311c15f69508f91a0e7311ff7e686d96,V12,ETHUSDT,4.933256978656477,831.886404307082
0.987068728707635,C002421,1.0,[],877.776514015168,0.4332128738891857,2.3212,1760652000000,,0.4303064538645219,2.305627096774194,V12_STOP,1760662800000,,0.021989880999419405,False,752.0766310340028,866.4257477783714,373.2663052638167,,2.305627096774194,V12_STOP,1760662800000,250,5.812840049327686,,373.2663052638167,1,151.28337196325865,,USD,SHORT,dbf84542311c15f69508f91a0e7311ff7e686d96,V12,XRPUSDT,4.971310602573398,836.6855042361854
1.0,C002424,1.0,[],885.6269442747168,0.44281347213735844,17.396,1760659200000,,0.44490389436524785,17.478122580645163,V12_STOP,1760670000000,,0.0,False,-766.7891234789787,885.6269442747168,50.909803648811035,,17.478122580645163,V12_STOP,1760670000000,251,-4.180844455778857,,50.909803648811035,1,151.28337196325865,,USD,SHORT,dbf84542311c15f69508f91a0e7311ff7e686d96,V12,LINKUSDT,-5.068561822281463,831.6242011190355
0.9889847360148301,C002427,1.0,[],880.8119097181753,0.43555476700567397,225.67,1760666400000,,0.4034795808643172,209.05117774193548,V12_TAKE_PROFIT,1760688000000,,0.08055263772654235,False,9590.13896094433,871.1095340113479,3.8601033988183984,,209.05117774193548,V12_TAKE_PROFIT,1760688000000,252,64.15037228271368,,3.8601033988183984,1,151.28337196325865,,USD,SHORT,dbf84542311c15f69508f91a0e7311ff7e686d96,V12,AAVEUSDT,63.391890572570226,895.3925505124056
1.0,C002382,1.0,[],795.0036422568954,0.39750182112844773,0.023665,1760544000000,SHORT_V20,0.3475615500738838,0.02069184,SHORT_TRAILING_STOP,1760695200000,,-0.5899496938848078,False,14908.29992568572,795.0036422568954,33594.0689734585,,0.02069184,SHORT_TRAILING_STOP,1760695200000,245,99.88054210912784,,33594.0689734585,,151.28337196325865,SHORT_V20,USD,SHORT,dbf84542311c15f69508f91a0e7311ff7e686d96,PENGU,PENGUUSDT,98.54552904404072,994.4230260726731
1.0,C002438,1.0,[],1005.0099975728007,0.5025049987864003,2.095,1760688000000,,0.49550575293372223,2.06581935483871,V12_STOP,1760698800000,,0.0,False,1966.7565958101834,1005.0099975728007,479.71837592973776,,2.06581935483871,V12_STOP,1760698800000,253,13.99849170535618,,479.71837592973776,2,151.28337196325865,,USD,SHORT,dbf84542311c15f69508f91a0e7311ff7e686d96,V12,NEARUSDT,13.000480953636059,1007.4463268163955
0.9727281009188296,C002441,1.0,[],986.2678136818677,0.47968520870006454,208.19,1760695200000,,0.4733072340012442,205.42187096774194,V12_STOP,1760706000000,,0.0,False,1785.5911272804358,959.3704174001291,4.608148409626443,,205.42187096774194,V12_STOP,1760706000000,254,12.75594939764076,,4.608148409626443,1,151.28337196325865,,USD,SHORT,dbf84542311c15f69508f91a0e7311ff7e686d96,V12,AAVEUSDT,11.802956954939452,1019.2306834317502
1.0,C002446,1.0,[],996.571096569677,0.4982855482848385,3776.2,1760702400000,,0.49528771853325304,3753.4812903225807,V12_STOP,1760713200000,,0.0,False,756.7324726864501,996.571096569677,0.26390845203370505,,3753.4812903225807,V12_STOP,1760713200000,255,5.995659503170844,,0.26390845203370505,2,151.28337196325865,,USD,SHORT,dbf84542311c15f69508f91a0e7311ff7e686d96,V12,ETHUSDT,5.002086236352754,1024.2228385894678
2.0,C002453,2.0,[],1027.5260107235817,1.0275260107235817,210.0,1760715000000,,1.0274770809135474,209.99,BASIS_STOP,1760718600000,,-1.0274770809135474,False,-481.13252781640864,2055.0520214471635,9.785962006891255,,209.99,BASIS_STOP,1760718600000,257,-0.09785962006882355,,9.785962006891255,,151.28337196325865,V50_POST_OPEN_BASIS,USD,LONG,,V52,AMZNUSDT,-3.1803397926195,1020.6430215109
1.0,C002450,1.0,[],1016.4332538401928,0.5082166269200964,2.154,1760709600000,,0.5090431810531949,2.1575032258064515,V12_STOP,1760720400000,,0.10244552433087552,False,-388.4839822802075,1016.4332538401928,471.88173344484346,,2.1575032258064515,V12_STOP,1760720400000,256,-1.6531082661970768,,471.88173344484346,2,151.28337196325865,,USD,SHORT,dbf84542311c15f69508f91a0e7311ff7e686d96,V12,NEARUSDT,-2.5679225498394924,1018.4808700636497
0.9898389715660052,C002454,1.0,[],1014.1504319335304,0.5019228102791529,205.83,1760716800000,,0.4941523923105199,202.64348387096774,V12_STOP,1760727600000,,0.0,False,2200.3804483406298,1003.8456205583057,4.877061752700314,,202.64348387096774,V12_STOP,1760727600000,258,15.540835937265944,,4.877061752700314,1,151.28337196325865,,USD,SHORT,dbf84542311c15f69508f91a0e7311ff7e686d96,V12,AAVEUSDT,14.544760734676272,1032.490783756969
2.0,C002458,2.0,[],1036.769851636276,1.036769851636276,209.99,1760722200000,,1.036769851636276,209.99,TIME_OR_SESSION_FLAT,1760729400000,,0.0,False,-313.69207821076645,2073.539703272552,9.874468799812142,,209.99,TIME_OR_SESSION_FLAT,1760729400000,259,0.0,,9.874468799812142,,151.28337196325865,V50_POST_OPEN_BASIS,USD,LONG,,V52,AMZNUSDT,-2.073539703272552,1031.4540139053327
0.9994997498749376,C002466,1.0,[],1030.93828689838,0.5152112799457137,16.715,1760738400000,,0.51246482544287,16.62589677419355,V12_STOP,1760749200000,,0.10240113157257855,False,687.0416055130752,1030.4225598914275,61.646578515789855,,16.62589677419355,V12_STOP,1760749200000,261,5.492909005687508,,61.646578515789855,2,150.41520417772452,,USD,SHORT,dbf84542311c15f69508f91a0e7311ff7e686d96,V12,LINKUSDT,4.567634031871503,1035.6085408108383
1.0,C002467,1.0,[],1031.4540139053327,0.5157270069526664,2.159,1760738400000,,0.5155405318287553,2.15821935483871,V12_STOP,1760752800000,,0.10261988058678347,False,-83.58533944219157,1031.4540139053327,477.746185227111,,2.15821935483871,V12_STOP,1760752800000,260,0.3729502478222765,,477.746185227111,1,150.41520417772452,,USD,SHORT,dbf84542311c15f69508f91a0e7311ff7e686d96,V12,NEARUSDT,-0.5556974103723618,1035.4659505268319
1.0,C002478,1.0,[],1035.4659505268319,0.517732975263416,208.66,1760774400000,,0.5194773583875122,209.36303225806452,V12_STOP,1760785200000,,0.0,False,-680.7756916615508,1035.4659505268319,4.962455432410773,,209.36303225806452,V12_STOP,1760785200000,262,-3.4887662481923134,,4.962455432410773,1,150.41520417772452,,USD,SHORT,dbf84542311c15f69508f91a0e7311ff7e686d96,V12,AAVEUSDT,-4.525976581843241,1030.4227587027005
0.9994997498749374,C002479,1.0,[],1034.9482175515684,0.5172152422881525,16.7,1760774400000,,0.5196917212191624,16.77996129032258,V12_STOP,1760785200000,,0.0,False,-900.9667407286457,1034.430484576305,61.94194518420988,,16.77996129032258,V12_STOP,1760785200000,263,-4.952957862019896,,61.94194518420988,2,150.41520417772452,,USD,SHORT,dbf84542311c15f69508f91a0e7311ff7e686d96,V12,LINKUSDT,-5.989864825527211,1024.9501091194616
1.0,C002488,1.0,[],1024.9501091194616,0.5124750545597307,186.02,1760788800000,,0.5111150479183268,185.52634,V12_STOP,1760799600000,,0.0,False,255.16783904113274,1024.9501091194616,5.509891996126553,,185.52634,V12_STOP,1760799600000,264,2.720013282807865,,5.509891996126553,1,150.41520417772452,,USD,SHORT,dbf84542311c15f69508f91a0e7311ff7e686d96,V12,SOLUSDT,1.6964231803298073,1026.3904228912752
0.5,C002487,0.5,[],1024.4376340649019,0.2561094085162255,0.187847,1760788800000,,0.25499917507011416,0.18703268387096772,V12_STOP,1760799600000,,0.0,False,257.1134790064238,512.2188170324509,2726.7873164461025,,0.18703268387096772,V12_STOP,1760799600000,265,2.2204668922226722,,2726.7873164461025,2,150.41520417772452,,USD,SHORT,dbf84542311c15f69508f91a0e7311ff7e686d96,V12,DOGEUSDT,1.7093583086363326,1028.3558906084277
0.5,C002501,0.5,[],1028.3558906084277,0.25708897265210695,0.189265,1760817600000,,0.256700229108948,0.1889788129032258,V12_STOP,1760828400000,,0.0,False,39.664171146832366,514.1779453042138,2716.7090867525103,,0.1889788129032258,V12_STOP,1760828400000,266,0.7774870863177703,,2716.7090867525103,1,150.41520417772452,,USD,SHORT,dbf84542311c15f69508f91a0e7311ff7e686d96,V12,DOGEUSDT,0.26369788455671533,1028.6195884929843
1.0,C002514,1.0,[],1028.6195884929843,0.5143097942464921,106722.9,1760860800000,,0.5121359355638121,106271.80903225807,V12_STOP,1760871600000,,0.019821480897395438,False,502.55120328721176,1028.6195884929843,0.009638227489067336,,106271.80903225807,V12_STOP,1760871600000,267,4.347717365360217,,0.009638227489067336,1,150.41520417772452,,USD,SHORT,dbf84542311c15f69508f91a0e7311ff7e686d96,V12,BTCUSDT,3.341093116447308,1031.9606816094317
1.0,C002555,1.0,[],1032.5396572158695,0.5162698286079348,19.006,1760968800000,,0.5172638381288209,19.042593548387096,V12_STOP,1760979600000,,-0.10204247280588066,False,128.22037318872455,1032.5396572158695,54.327036578757735,,19.042593548387096,V12_STOP,1760979600000,269,1.9880190417722843,,54.327036578757735,1,150.41520417772452,,USD,LONG,dbf84542311c15f69508f91a0e7311ff7e686d96,V12,LINKUSDT,0.8524429022296479,1032.44040427414
0.5,C002558,0.5,[],1027.774278850524,0.25694356971263105,0.199245,1760976000000,,0.25707385118189136,0.1993460258064516,V12_STOP,1760986800000,,-0.05139387228666959,False,-45.85382750951006,513.887139425262,2579.172071696966,,0.1993460258064516,V12_STOP,1760986800000,270,0.2605629385206416,,2579.172071696966,1,150.41520417772452,,USD,LONG,dbf84542311c15f69508f91a0e7311ff7e686d96,V12,DOGEUSDT,-0.3048483546605504,1032.4438933614788
0.5,C002584,0.5,[],1025.6143421021777,0.25640358552554443,0.2043,1761062400000,,0.25634589441516376,0.20425403225806452,V12_STOP,1761073200000,,0.0,False,-94.69671482656472,512.8071710510889,2510.0693639309293,,0.20425403225806452,V12_STOP,1761073200000,271,-0.11538222076136435,,2510.0693639309293,1,150.75933075933077,,USD,LONG,dbf84542311c15f69508f91a0e7311ff7e686d96,V12,DOGEUSDT,-0.6281317007020726,1030.4467172411742
1.0,C002585,1.0,[],1025.3579385166522,0.5126789692583261,18.803,1761062400000,,0.5129014934252356,18.81116129032258,V12_STOP,1761073200000,,0.0,False,-87.52063523193108,1025.3579385166522,54.53161402524343,,18.81116129032258,V12_STOP,1761073200000,272,0.4450483338188661,,54.53161402524343,2,150.75933075933077,,USD,LONG,dbf84542311c15f69508f91a0e7311ff7e686d96,V12,LINKUSDT,-0.5805321288646956,1030.3788640815678
2.0,C002587,2.0,[],1023.1577951750315,1.0231577951750315,510.62,1761064200000,,1.0305316165808598,514.3,TIME_OR_SESSION_FLAT,1761075000000,,0.0,False,1913.7319192591729,2046.315590350063,4.007511633602411,,514.3,TIME_OR_SESSION_FLAT,1761075000000,273,14.74764281165667,,4.007511633602411,,150.75933075933077,V50_POST_OPEN_BASIS,USD,LONG,,V52,MSFTUSDT,12.69395339990078,1044.0959752766437
1.0,C002596,1.0,[],1053.1583532336733,0.5265791766168366,2.4922,1761076800000,,0.5257810422882886,2.488422580645161,V12_STOP,1761087600000,,0.0,False,-399.30551677578967,1053.1583532336733,422.5817964985448,,2.488422580645161,V12_STOP,1761087600000,274,-1.596268657096143,,422.5817964985448,2,150.75933075933077,,USD,LONG,dbf84542311c15f69508f91a0e7311ff7e686d96,V12,XRPUSDT,-2.6486288760012684,1041.1841719545753
0.5,C002599,0.5,[],1052.6977842682727,0.2631744460670682,0.198865,1761084000000,,0.26281294067814975,0.1985918322580645,V12_STOP,1761094800000,,-0.051384292821221055,False,-197.68457362695537,526.3488921341363,2646.764851201249,,0.1985918322580645,V12_STOP,1761094800000,275,-0.7230107778368315,,2646.764851201249,1,152.02033255793916,,USD,LONG,dbf84542311c15f69508f91a0e7311ff7e686d96,V12,DOGEUSDT,-1.3003824574032707,1040.2053364570074
0.6,C002523,0.6,[],1031.9606816094317,0.3095882044828295,2.6373,1760882400000,,0.2873196410314236,2.4476,Q102_TIME_EXIT,1761141600000,HIGH_VOL,0.5269021325406595,False,6759.9065511733925,619.176408965659,234.7766310111322,,2.4476,Q102_TIME_EXIT,1761141600000,268,44.53712690281183,,234.7766310111322,,152.02033255793916,,USD,SHORT,dbf84542311c15f69508f91a0e7311ff7e686d96,Q102,SUIUSDT,44.46712118983824,1084.5116755837691
2.0,C002669,2.0,[],1090.5823146220164,1.0905823146220164,438.51,1761319800000,,1.0893139353821877,438.0,BASIS_CONVERGED,1761323400000,,-0.9578991022176807,False,-866.087772804855,2181.1646292440328,4.974036234621862,,438.0,BASIS_CONVERGED,1761323400000,277,-2.5367584796571045,,4.974036234621862,,152.6265850081946,V50_POST_OPEN_BASIS,USD,LONG,,V52,TSLAUSDT,-5.674553831878989,1078.8722039723161
2.0,C002672,2.0,[],1095.0926351318217,1.0950926351318218,183.01,1761327000000,,1.1046068545179732,184.6,TIME_OR_SESSION_FLAT,1761334200000,,0.0,False,2568.513006704638,2190.1852702636434,11.96757155490762,,184.6,TIME_OR_SESSION_FLAT,1761334200000,278,19.028438772303158,,11.96757155490762,,152.6265850081946,V50_POST_OPEN_BASIS,USD,LONG,,V52,NVDAUSDT,16.828739282653366,1095.7009432549696
1.0,C002621,1.0,[],1084.5116755837691,0.5422558377918846,0.02066,1761156000000,SHORT_V20,0.5604710145308762,0.021354,SHORT_MAX_HOLD,1761415200000,,0.9081508645843194,False,-5600.031197587757,1084.5116755837691,52493.30472331893,,0.021354,SHORT_MAX_HOLD,1761415200000,276,-36.430353477983346,,52493.30472331893,,152.90217016879092,SHORT_V20,USD,SHORT,dbf84542311c15f69508f91a0e7311ff7e686d96,PENGU,PENGUUSDT,-36.624929465721785,1059.0409315688216
1.4113670576605573,C002699,1.4113670576605573,[],1059.0409315688216,0.7473477417651917,42.6815,1761418800000,,0.7764285178419017,44.342321428571424,HYPE_TAKE_PROFIT,1761433200000,,-0.07522767716565242,False,8648.536372602208,1494.6954835303834,35.01975056008771,,44.342321428571424,HYPE_TAKE_PROFIT,1761433200000,279,58.16155215341979,,35.01975056008771,,152.90217016879092,HYPE_TREND_LONG,USD,LONG,123df49950e3d5aba61e2d50e9ee1a37fae620d7,HYPE_LONG,HYPEUSDT,56.56254821664705,1115.0565075579293
1.0,C002702,1.0,[],1093.9444550787755,0.5469722275393878,1116.65,1761429600000,,0.5478585664691272,1118.459470967742,V12_STOP,1761440400000,,0.0,False,103.6442873529825,1093.9444550787755,0.9796663727029735,,1118.459470967742,V12_STOP,1761440400000,280,1.7726778594789925,,0.9796663727029735,2,152.90217016879092,,USD,LONG,dbf84542311c15f69508f91a0e7311ff7e686d96,V12,BNBUSDT,0.6778470654704775,1115.6951817657157
1.0,C002707,1.0,[],1115.043771895084,0.557521885947542,111585.0,1761436800000,,0.5581808675379571,111716.89161290323,V12_STOP,1761447600000,,-0.028623199275999624,False,26.54950899380531,1115.043771895084,0.009992774762692872,,111716.89161290323,V12_STOP,1761447600000,281,1.3179631808302497,,0.009992774762692872,1,152.90217016879092,,USD,LONG,dbf84542311c15f69508f91a0e7311ff7e686d96,V12,BTCUSDT,0.17363722806875093,1116.454964079008
1.0,C002717,1.0,[],1116.454964079008,0.558227482039504,111676.8,1761465600000,,0.5630293227777717,112637.43741935484,V12_STOP,1761476400000,,0.0,False,1296.9811405990092,1116.454964079008,0.009997196947611394,,112637.43741935484,V12_STOP,1761476400000,282,9.603681476535492,,0.009997196947611394,1,152.90217016879092,,USD,LONG,dbf84542311c15f69508f91a0e7311ff7e686d96,V12,BTCUSDT,8.482424671718217,1129.326485928885
1.2575531646100961,C002721,1.2575531646100961,[],1116.2776298006725,0.7018892329696466,45.30931,1761469200000,,0.7304001196490968,47.30798071428572,HYPE_TAKE_PROFIT,1761480000000,,-0.061323436438801664,False,8490.376256610081,1403.778465939293,30.98211969988713,,47.30798071428572,HYPE_TAKE_PROFIT,1761480000000,283,57.02177335890055,"[{""cause"": ""V12"", ""fraction"": 0.17270791020948525, ""quantity"": 5.3508571472276305, ""ts"": 1761472800000}]",25.6312625526595,,152.90217016879092,HYPE_TREND_LONG,USD,LONG,123df49950e3d5aba61e2d50e9ee1a37fae620d7,HYPE_LONG,HYPEUSDT,55.528160569843,1179.8873346893527
0.9997853879193608,C002722,1.0,[],1156.6774993977313,0.5782146312164784,1125.05,1761472800000,,0.5827905717943758,1133.9535483870968,V12_STOP,1761483600000,,0.0,False,1221.8222747302195,1156.4292624329569,1.027891438098713,,1133.9535483870968,V12_STOP,1761483600000,284,9.15188115579447,,1.027891438098713,2,152.90217016879092,,USD,LONG,dbf84542311c15f69508f91a0e7311ff7e686d96,V12,BNBUSDT,7.9908759527836155,1188.4564252733528
1.0,C002734,1.0,[],1188.4564252733528,0.5942282126366765,113671.1,1761487200000,,0.5944969084332024,113722.49935483871,V12_STOP,1761498000000,,-0.09215762403183961,False,-113.68141064970416,1188.4564252733528,0.010455220590575376,,113722.49935483871,V12_STOP,1761498000000,285,0.5373915930519495,,0.010455220590575376,2,152.90217016879092,,USD,LONG,dbf84542311c15f69508f91a0e7311ff7e686d96,V12,BTCUSDT,-0.7434911520497689,1187.393065115735
0.5,C002741,0.5,[],1187.6164993768377,0.2969041248442094,99.16,1761494400000,,0.29748519135615586,99.35406451612903,V12_STOP,1761505200000,,-0.022964880723903704,False,83.29786490549716,593.8082496884189,5.988384930298698,,99.35406451612903,V12_STOP,1761505200000,286,1.1621330238928036,,5.988384930298698,1,152.90217016879092,,USD,LONG,dbf84542311c15f69508f91a0e7311ff7e686d96,V12,LTCUSDT,0.5447788269685345,1186.9229028329698
1.0,C002746,1.0,[],1186.3520117597984,0.5931760058798993,198.8483,1761501600000,,0.5942545930364769,199.20987096774195,V12_STOP,1761512400000,,0.0,False,148.2759184146798,1186.3520117597984,5.966115937424652,,199.20987096774195,V12_STOP,1761512400000,288,2.1571743131553296,,5.966115937424652,2,152.90217016879092,,USD,LONG,dbf84542311c15f69508f91a0e7311ff7e686d96,V12,SOLUSDT,0.9697437142389533,1188.044924845052
0.7444826267105711,C002750,1.0,[],1184.4405556775068,0.4408977080366594,2.6134,1761508800000,,0.44238983587395314,2.622244516129032,V12_STOP,1761519600000,,0.0,False,321.24258663597584,881.7954160733187,337.41310785693685,,2.622244516129032,V12_STOP,1761519600000,289,2.9842556745875775,,337.41310785693685,2,152.90217016879092,,USD,LONG,dbf84542311c15f69508f91a0e7311ff7e686d96,V12,XRPUSDT,2.1009681306769648,1190.5867906837657
0.5,C002759,0.5,[],1151.8228776666529,0.2879557194166632,99.98,1761523200000,,0.28912170883347527,100.38483870967741,V12_STOP,1761534000000,,-0.035347714883603804,False,262.9234909977366,575.9114388333264,5.760266441621589,,100.38483870967741,V12_STOP,1761534000000,290,2.331978833624149,,5.760266441621589,1,152.90217016879092,,USD,LONG,dbf84542311c15f69508f91a0e7311ff7e686d96,V12,LTCUSDT,1.719553690490407,1191.8872432301894
1.25,C002743,1.25,[],1186.6145750747962,0.7416341094217477,20.28,1761498000000,,0.7672329199047468,20.98,Q102_TIME_EXIT,1761541200000,REV,0.152642049937198,False,-8035.5970957660775,1483.2682188434953,73.1394585228548,,20.98,Q102_TIME_EXIT,1761541200000,287,-51.197620965998304,,73.1394585228548,,152.90217016879092,,USD,SHORT,dbf84542311c15f69508f91a0e7311ff7e686d96,Q102,AVAXUSDT,-52.5538459453876,1139.9223893442863
1.0,C002766,1.0,[],1143.4863880080738,0.571743194004037,2.6579,1761530400000,,0.5726336142443017,2.6620393548387096,V12_STOP,1761541200000,,0.0,False,97.3166767254003,1143.4863880080738,430.2217495045238,,2.6620393548387096,V12_STOP,1761541200000,291,1.7808404805295823,,430.2217495045238,1,152.90217016879092,,USD,LONG,dbf84542311c15f69508f91a0e7311ff7e686d96,V12,XRPUSDT,0.6364636722812437,1141.1305962105716
0.5,C002777,0.5,[],1141.1305962105716,0.2852826490526429,100.13,1761544800000,,0.2875121334650742,100.91251612903227,V12_STOP,1761555600000,,-0.00877257622186922,False,592.8630987858629,570.5652981052858,5.698245262211983,,100.91251612903227,V12_STOP,1761555600000,292,4.458968824862616,,5.698245262211983,1,152.90217016879092,,USD,LONG,dbf84542311c15f69508f91a0e7311ff7e686d96,V12,LTCUSDT,3.87740146612303,1144.4387760377072
1.0,C002781,1.0,[],1138.4432779751683,0.5692216389875842,115523.6,1761552000000,,0.5688961466466945,115457.54129032258,V12_STOP,1761562800000,,0.0,False,-273.55764992184663,1138.4432779751683,0.009854638168955678,,115457.54129032258,V12_STOP,1761562800000,293,-0.6509846817791164,,0.009854638168955678,1,152.90217016879092,,USD,LONG,dbf84542311c15f69508f91a0e7311ff7e686d96,V12,BTCUSDT,-1.7891024674133948,1143.2188952092813
2.0,C002790,2.0,[],1143.2188952092813,1.1432188952092812,743.05,1761579000000,,1.156327333385963,751.57,BASIS_CONVERGED,1761582600000,,-0.11570658369452125,False,3639.3198929706787,2286.4377904185626,3.077098163540223,,751.57,BASIS_CONVERGED,1761582600000,294,26.216876353362995,,3.077098163540223,,152.90217016879092,V50_POST_OPEN_BASIS,USD,LONG,,V52,METAUSDT,23.80162354107323,1166.4356918237536
1.0,C002791,1.0,[],1169.6538532022396,0.5848269266011198,114914.5,1761580800000,,0.5879984920550015,115537.69096774193,V12_STOP,1761591600000,,0.0,False,790.5509297201226,1169.6538532022396,0.010178470542901372,,115537.69096774193,V12_STOP,1761591600000,295,6.343130907763451,,0.010178470542901372,2,152.90217016879092,,USD,LONG,dbf84542311c15f69508f91a0e7311ff7e686d96,V12,BTCUSDT,5.170305489107329,1172.190824239462
2.0,C002817,2.0,[],1135.7681542649955,1.1357681542649956,535.0,1761665400000,,1.1527303739894392,542.99,BASIS_CONVERGED,1761669000000,,-0.11278496211520825,False,4818.655618298134,2271.536308529991,4.2458622589345625,,542.99,BASIS_CONVERGED,1761669000000,297,33.92443944888719,,4.2458622589345625,,152.86082474226805,V50_POST_OPEN_BASIS,USD,LONG,,V52,MSFTUSDT,31.523155958517552,1203.1902810314646
1.172778854425062,C002815,1.172778854425062,[],1172.190824239462,0.6873603060095627,49.241,1761660000000,,0.6601176163216048,47.28939285714286,HYPE_HARD_STOP,1761678000000,,0.16366113949477676,False,-8509.639237565952,1374.7206120191254,27.918210678481863,,47.28939285714286,HYPE_HARD_STOP,1761678000000,296,-54.48537937591575,,27.918210678481863,,152.86082474226805,HYPE_TREND_LONG,USD,LONG,123df49950e3d5aba61e2d50e9ee1a37fae620d7,HYPE_LONG,HYPEUSDT,-55.66919615875214,1146.8747187151657
2.0,C002820,2.0,[],1170.0653240614458,1.1700653240614458,531.27,1761672600000,,1.2007887062788818,545.22,BASIS_CONVERGED,1761679800000,,0.0,False,9030.392386837046,2340.1306481228917,4.404785980994394,,545.22,BASIS_CONVERGED,1761679800000,298,61.446764434871994,,4.404785980994394,,152.86082474226805,V50_POST_OPEN_BASIS,USD,LONG,,V52,MSFTUSDT,59.07591040453167,1206.5207182488657
0.5,C002865,0.5,[],1254.1131127164451,0.3135282781791113,0.190925,1761804000000,,0.3133378942449071,0.19080906451612903,V12_STOP,1761814800000,,-0.016638274492462853,False,-39.98175142354448,627.0565563582226,3284.3082695206103,,0.19080906451612903,V12_STOP,1761814800000,300,0.3807678684083412,,3284.3082695206103,1,152.17428669645926,,USD,SHORT,dbf84542311c15f69508f91a0e7311ff7e686d96,V12,DOGEUSDT,-0.26273657850814003,1205.9949125475582
1.0,C002866,1.0,[],1253.799584438266,0.6268997922191331,8.394,1761804000000,,0.594440815597588,7.959384048387097,V12_TAKE_PROFIT,1761832800000,,-0.22141506771836475,False,9659.29291275953,1253.799584438266,149.3685471096338,,7.959384048387097,V12_TAKE_PROFIT,1761832800000,301,64.91795324309024,,149.3685471096338,2,152.17428669645926,,USD,SHORT,dbf84542311c15f69508f91a0e7311ff7e686d96,V12,INJUSDT,63.47519756755515,1270.3747581900627
1.0,C002878,1.0,[],1391.0087465730278,0.6955043732865139,0.6108,1761832800000,,0.6873991915571372,0.6036819354838711,V12_STOP,1761843600000,,-0.11941418384181425,False,2238.186364628481,1391.0087465730278,2277.3555117436604,,0.6036819354838711,V12_STOP,1761843600000,302,16.21036345875324,,2277.3555117436604,1,152.17428669645926,,USD,SHORT,dbf84542311c15f69508f91a0e7311ff7e686d96,V12,ADAUSDT,14.708045710067772,1284.378286483021
0.9994997498749376,C002879,1.0,[],1390.3132421997414,0.6948088689132276,3764.3,1761832800000,,0.6955247358079801,3768.1783870967743,V12_STOP,1761843600000,,-0.06218965605458691,False,-438.90975927574726,1389.6177378264551,0.3691570113504383,,3768.1783870967743,V12_STOP,1761843600000,303,-1.4317337895052213,,0.3691570113504383,2,152.17428669645926,,USD,SHORT,dbf84542311c15f69508f91a0e7311ff7e686d96,V12,ETHUSDT,-2.884257050281016,1282.2510279577077
2.0,C002886,2.0,[],1430.3400345978268,1.4303400345978268,522.9,1761845400000,,1.435318460421059,524.72,BASIS_CONVERGED,1761849000000,,0.0,False,1079.0972596480378,2860.6800691956537,5.47079760794732,,524.72,BASIS_CONVERGED,1761849000000,304,9.956851646464397,,5.47079760794732,,152.17428669645926,V50_POST_OPEN_BASIS,USD,LONG,,V52,MSFTUSDT,7.091193151445512,1288.2537974615725
0.5,C002888,0.5,[],1451.4734423481827,0.3628683605870457,0.18049,1761847200000,,0.35611521734801915,0.17713099999999998,V12_STOP,1761858000000,,0.0,False,1945.898697597018,725.7367211740914,4020.924822284289,,0.17713099999999998,V12_STOP,1761858000000,305,13.506286478053042,,4020.924822284289,1,152.17428669645926,,USD,SHORT,dbf84542311c15f69508f91a0e7311ff7e686d96,V12,DOGEUSDT,12.787302900117977,1301.453816389609
1.0,C002887,1.0,[],1451.1105739875957,0.7255552869937979,1071.05,1761847200000,,0.7193350285565261,1061.8677806451612,V12_STOP,1761858000000,,0.0,False,1673.2516283954571,1451.1105739875957,1.3548485822208074,,1061.8677806451612,V12_STOP,1761858000000,306,12.44051687454368,,1.3548485822208074,2,152.17428669645926,,USD,SHORT,dbf84542311c15f69508f91a0e7311ff7e686d96,V12,BNBUSDT,10.995626558993358,1313.1749982355961
1.0,C002822,1.0,[],1199.9523897861484,0.5999761948930742,0.021416,1761678000000,SHORT_V20,0.5173377105520305,0.018466240000000002,SHORT_TRAILING_STOP,1761865200000,,0.7439077273399671,False,25094.08199774852,1199.9523897861484,56030.64950439617,,0.018466240000000002,SHORT_TRAILING_STOP,1761865200000,299,165.2769686820876,,56030.64950439617,,152.17428669645926,SHORT_V20,USD,SHORT,dbf84542311c15f69508f91a0e7311ff7e686d96,PENGU,PENGUUSDT,164.90356250398247,1477.1923988602466
1.0,C002896,1.0,[],1484.4606937705353,0.7422303468852677,2.06,1761861600000,,0.7451732332590753,2.068167741935484,V12_STOP,1761872400000,,-0.06339162399971082,False,-1148.4507580565294,1484.4606937705353,720.6119872672501,,2.068167741935484,V12_STOP,1761872400000,307,-5.885772747615163,,720.6119872672501,2,154.43290043290042,,USD,SHORT,dbf84542311c15f69508f91a0e7311ff7e686d96,V12,NEARUSDT,-7.4365679517592165,1469.803156560315
0.9581810546526381,C002899,1.0,[],1450.4663637073588,0.6949046950576471,7.671,1761868800000,,0.6932513080808739,7.652748387096774,V12_STOP,1761879600000,,0.0,False,296.29773490409104,1389.809390115294,181.1770812299953,,7.652748387096774,V12_STOP,1761879600000,308,3.3067739535462417,,181.1770812299953,1,154.43290043290042,,USD,SHORT,dbf84542311c15f69508f91a0e7311ff7e686d96,V12,INJUSDT,1.9186179504077208,1471.6860352889091
1.0,C002903,1.0,[],1461.2878337425054,0.7306439168712527,18.37,1761876000000,,0.7246034378984711,18.218129032258066,V12_STOP,1761886800000,,0.0,False,1640.9593056967772,1461.2878337425054,79.54751408505744,,18.218129032258066,V12_STOP,1761886800000,309,12.080957945562895,,79.54751408505744,1,154.43290043290042,,USD,SHORT,dbf84542311c15f69508f91a0e7311ff7e686d96,V12,AVAXUSDT,10.62571059079317,1482.3021716656544
1.0,C002912,1.0,[],1489.987305634612,0.744993652817306,1095.8,1761890400000,,0.7441065809985764,1094.4952193548388,V12_STOP,1761901200000,,-0.07826617978082766,False,31.933206424555056,1489.987305634612,1.3597255937530681,,1094.4952193548388,V12_STOP,1761901200000,311,1.7741436374592492,,1.3597255937530681,1,154.43290043290042,,USD,SHORT,dbf84542311c15f69508f91a0e7311ff7e686d96,V12,BNBUSDT,0.20677722386253905,1481.7990867479496
1.0,C002908,1.0,[],1480.4362618382654,0.7402181309191327,2.119,1761883200000,,0.734710075957217,2.103232258064516,V12_STOP,1761912000000,,-0.03952460906992123,False,1467.368466089562,1480.4362618382654,698.6485426324989,,2.103232258064516,V12_STOP,1761912000000,310,11.016109923831252,,698.6485426324989,1,154.43290043290042,,USD,SHORT,dbf84542311c15f69508f91a0e7311ff7e686d96,V12,NEARUSDT,9.50165710788498,1491.4057277589836
1.0,C002920,1.0,[],1498.601617965288,0.749300808982644,0.6107,1761904800000,,0.7488986847032997,0.6103722580645161,V12_STOP,1761915600000,,0.0,False,-107.16885564973077,1498.601617965288,2453.9080038730767,,0.6103722580645161,V12_STOP,1761915600000,313,0.8042485586888082,,2453.9080038730767,1,154.43290043290042,,USD,SHORT,dbf84542311c15f69508f91a0e7311ff7e686d96,V12,ADAUSDT,-0.6939509349971354,1491.4610776329691
2.0,C002928,2.0,[],1482.1661711630904,1.4821661711630905,460.64,1761924600000,,1.4479306552261868,450.0,BASIS_CONVERGED,1761935400000,,0.1452338799665431,False,10144.105585781435,2964.332342326181,6.43524735656083,,450.0,BASIS_CONVERGED,1761935400000,314,68.47103187380715,,6.43524735656083,,154.43290043290042,V50_POST_OPEN_BASIS,USD,SHORT,,V52,TSLAUSDT,65.68616892738441,1555.8884775606653
1.0,C002932,1.0,[],1640.391136672699,0.8201955683363495,0.6029,1761933600000,,0.8192731176626472,0.6022219354838709,V12_STOP,1761944400000,,0.0,False,31.72556174455384,1640.391136672699,2720.8345275712377,,0.6022219354838709,V12_STOP,1761944400000,315,1.8449013474048368,,2720.8345275712377,1,154.43290043290042,,USD,SHORT,dbf84542311c15f69508f91a0e7311ff7e686d96,V12,ADAUSDT,0.20543266140584004,1556.9873846085939
0.6249887746110625,C002933,1.0,[],1639.5709411043624,0.512356716684361,2.095,1761933600000,,0.5100815041646632,2.0856967741935484,V12_STOP,1761944400000,,0.0,False,544.8372370771855,1024.713433368722,489.1233572165737,,2.0856967741935484,V12_STOP,1761944400000,316,4.550425039395581,,489.1233572165737,2,154.43290043290042,,USD,SHORT,dbf84542311c15f69508f91a0e7311ff7e686d96,V12,NEARUSDT,3.527986818546556,1561.0277281438248
1.0,C002914,1.0,[],1488.9327953715322,0.7444663976857661,0.018742,1761894000000,SHORT_V20,0.6477437598474969,0.016307,SHORT_MAX_HOLD,1762153200000,,1.2910386755726586,False,29809.86560604303,1488.9327953715322,79443.6450416995,,0.016307,SHORT_MAX_HOLD,1762153200000,312,193.44527567653856,,79443.6450416995,,154.18037043448155,SHORT_V20,USD,SHORT,dbf84542311c15f69508f91a0e7311ff7e686d96,PENGU,PENGUUSDT,193.34410419457797,1754.8205657952387
1.0,C002996,1.0,[],1754.8205657952387,0.8774102828976194,16.11,1762156800000,,0.8708184177338624,15.988967741935483,V12_STOP,1762167600000,,0.17554741302517735,False,1790.1958421059032,1754.8205657952387,108.92740942242327,,15.988967741935483,V12_STOP,1762167600000,317,13.183730327514022,,108.92740942242327,1,154.18037043448155,,USD,SHORT,dbf84542311c15f69508f91a0e7311ff7e686d96,V12,LINKUSDT,11.611049039907718,1766.4316148351465
1.0,C003007,1.0,[],1880.9174977531604,0.9404587488765802,0.5501,1762185600000,,0.939290696364063,0.5494167741935484,V12_STOP,1762196400000,,0.0,False,70.36107234243698,1880.9174977531604,3419.22831803883,,0.5494167741935484,V12_STOP,1762196400000,319,2.3361050250343545,,3419.22831803883,1,154.18037043448155,,USD,SHORT,dbf84542311c15f69508f91a0e7311ff7e686d96,V12,ADAUSDT,0.4563555797937111,1764.2120302022847
2.0,C003010,2.0,[],1875.2816589060599,1.87528165890606,655.0,1762187400000,,1.8444182447335298,644.22,BASIS_CONVERGED,1762198200000,,0.0,False,8943.560550938806,3750.5633178121197,5.726050866888732,,644.22,BASIS_CONVERGED,1762198200000,320,61.726828345060376,,5.726050866888732,,154.18037043448155,V50_POST_OPEN_BASIS,USD,SHORT,,V52,METAUSDT,58.00712844142078,1824.0944403026115
1.0,C003015,1.0,[],1915.2010330012708,0.9576005165006355,2.3239,1762200000000,,0.9351232387127089,2.2693522580645165,V12_STOP,1762210800000,,0.0,False,6639.289181693579,1915.2010330012708,824.1322918375449,,2.2693522580645165,V12_STOP,1762210800000,321,44.95455557585307,,824.1322918375449,1,154.18037043448155,,USD,SHORT,dbf84542311c15f69508f91a0e7311ff7e686d96,V12,XRPUSDT,43.06183182063973,1866.7616934086366
0.5,C003014,0.5,[],1914.2434324847702,0.4785608581211926,0.168095,1762200000000,,0.46977521089364294,0.16500903225806451,V12_STOP,1762210800000,,0.0,False,2562.9338816834816,957.1217162423851,5693.933289166157,,0.16500903225806451,V12_STOP,1762210800000,322,17.57129445509935,,5693.933289166157,2,154.18037043448155,,USD,SHORT,dbf84542311c15f69508f91a0e7311ff7e686d96,V12,DOGEUSDT,16.622958386084512,1883.8632126528423
1.0,C003026,1.0,[],1965.4460413720055,0.9827230206860028,16.8,1762221600000,,0.9851911499315045,16.842193548387097,V12_STOP,1762232400000,,0.0,False,-1064.7680558659274,1965.4460413720055,116.9908357959527,,16.842193548387097,V12_STOP,1762232400000,323,-4.936258491003423,,116.9908357959527,1,154.22094841063054,,USD,SHORT,dbf84542311c15f69508f91a0e7311ff7e686d96,V12,AVAXUSDT,-6.904172661620931,1877.126604877295
1.0,C003033,1.0,[],2053.7265878808576,1.0268632939404287,947.4,1762236000000,,1.0223247311816674,943.2126516129032,V12_STOP,1762246800000,,0.0,False,1083.8551854486004,2053.7265878808576,2.167750251088091,,943.2126516129032,V12_STOP,1762246800000,324,9.07712551752238,,2.167750251088091,1,154.22094841063054,,USD,SHORT,dbf84542311c15f69508f91a0e7311ff7e686d96,V12,BNBUSDT,7.027937492400284,1882.0452668639646
0.9994997498749376,C003032,1.0,[],2052.6997245869175,1.0258364306464887,2.47,1762236000000,,1.0302227287709977,2.480561290322581,V12_STOP,1762246800000,,-1.1622937740968349,False,-1849.25555527384,2051.6728612929774,830.6367859485738,,2.480561290322581,V12_STOP,1762246800000,325,-8.772596249018196,,830.6367859485738,2,154.22094841063054,,USD,SHORT,dbf84542311c15f69508f91a0e7311ff7e686d96,V12,ATOMUSDT,-11.990949182532518,1872.2424478861753
1.0,C003041,1.0,[],2032.4346085079887,1.0162173042539944,3490.2,1762250400000,,1.0142388982381818,3483.4051612903227,V12_STOP,1762261200000,,0.0,False,297.08442294521205,2032.4346085079887,0.5823261155544063,,3483.4051612903227,V12_STOP,1762261200000,326,3.9568120316250095,,0.5823261155544063,1,154.22094841063054,,USD,SHORT,dbf84542311c15f69508f91a0e7311ff7e686d96,V12,ETHUSDT,1.926355829132833,1873.268273596921
0.9769044754285006,C003044,1.0,[],2008.182961957109,0.9809014615075811,958.65,1762257600000,,0.9667142150869058,944.7845870967742,V12_STOP,1762268400000,,0.0,False,4075.578059879877,1961.8029230151622,2.046422493105056,,944.7845870967742,V12_STOP,1762268400000,327,28.374492841350303,,2.046422493105056,1,154.22094841063054,,USD,SHORT,dbf84542311c15f69508f91a0e7311ff7e686d96,V12,BNBUSDT,26.426877164755815,1900.6760522231846
1.0,C003051,1.0,[],2071.986671432631,1.0359933357163154,3506.1,1762272000000,,0.9767351657370636,3305.5532758064514,V12_TAKE_PROFIT,1762282800000,,0.008867850020188583,False,17968.665060410316,2071.986671432631,0.5909662221364567,,3305.5532758064514,V12_TAKE_PROFIT,1762282800000,328,118.51633995850328,,0.5909662221364567,2,154.22094841063054,,USD,SHORT,dbf84542311c15f69508f91a0e7311ff7e686d96,V12,ETHUSDT,116.5124793070701,2016.1675903205946
1.0,C003054,1.0,[],2199.883272084369,1.0999416360421845,927.5,1762279200000,,1.0816659216546876,912.0894322580644,V12_STOP,1762290000000,,0.0,False,5300.546424835387,2199.883272084369,2.3718418027863817,,912.0894322580644,V12_STOP,1762290000000,329,36.55142877499408,,2.3718418027863817,1,154.22094841063054,,USD,SHORT,dbf84542311c15f69508f91a0e7311ff7e686d96,V12,BNBUSDT,34.36982121729721,2051.7130396519797
1.0,C003004,1.0,[],1766.4316148351465,0.8832158074175733,0.016364,1762178400000,SHORT_V20,0.7486328032552739,0.013870480000000001,SHORT_TRAILING_STOP,1762293600000,,0.6480172298091915,False,41359.30967509036,1766.4316148351465,107946.19987992829,,0.013870480000000001,SHORT_TRAILING_STOP,1762293600000,318,269.1660083245987,,107946.19987992829,,154.22094841063054,SHORT_V20,USD,SHORT,dbf84542311c15f69508f91a0e7311ff7e686d96,PENGU,PENGUUSDT,268.18217694373504,2320.130415173323
1.0,C003063,1.0,[],2320.130415173323,1.1600652075866615,3214.2,1762293600000,,1.1595012428550022,3212.6374193548386,V12_STOP,1762304400000,,0.0355480814977301,False,-177.4628161719545,2320.130415173323,0.7218376003899332,,3212.6374193548386,V12_STOP,1762304400000,330,1.1279294633189383,,0.7218376003899332,2,153.50274127578103,,USD,SHORT,dbf84542311c15f69508f91a0e7311ff7e686d96,V12,ETHUSDT,-1.1560889056249954,2317.892369557319
0.954239718379575,C003067,1.0,[],2267.6832446595095,1.0819567103789858,937.6,1762300800000,,1.0448806786986327,905.4707225806452,V12_STOP,1762311600000,,0.0,False,11056.069627652534,2163.9134207579714,2.3079281364739455,,905.4707225806452,V12_STOP,1762311600000,331,74.152063360706,,2.3079281364739455,1,153.50274127578103,,USD,SHORT,dbf84542311c15f69508f91a0e7311ff7e686d96,V12,BNBUSDT,72.02522597162837,2389.825373728847
1.0,C003071,1.0,[],2348.357020958775,1.1741785104793876,0.5134,1762308000000,,1.1814867856875562,0.5165954838709677,V12_STOP,1762318800000,,0.0,False,-2605.2816373932606,2348.357020958775,4574.12742687724,,0.5165954838709677,V12_STOP,1762318800000,332,-14.616550416337144,,4574.12742687724,2,153.50274127578103,,USD,SHORT,dbf84542311c15f69508f91a0e7311ff7e686d96,V12,ADAUSDT,-16.972215712504088,2372.9447967716947
0.9408941193602722,C003075,1.0,[],2301.087301647428,1.0825397551273308,156.81,1762315200000,,1.0805083409757748,156.51574193548387,V12_STOP,1762326000000,,0.0,False,291.62146959740613,2165.0795102546617,13.807024489858183,,156.51574193548387,V12_STOP,1762326000000,333,4.062828303112457,,13.807024489858183,1,153.50274127578103,,USD,SHORT,dbf84542311c15f69508f91a0e7311ff7e686d96,V12,SOLUSDT,1.8997802070093508,2374.4453637913466
1.0,C003084,1.0,[],2390.9182511729236,1.195459125586462,101958.8,1762336800000,,1.1901846574234294,101508.94903225807,V12_STOP,1762347600000,,0.0,False,1253.087783195099,2390.9182511729236,0.02344984691044739,,101508.94903225807,V12_STOP,1762347600000,335,10.548936326064988,,0.02344984691044739,1,153.50274127578103,,USD,SHORT,dbf84542311c15f69508f91a0e7311ff7e686d96,V12,BTCUSDT,8.163292543055096,2382.9071635069267
1.25,C003077,1.25,[],2370.8047079757666,1.4817529424848543,16.49,1762318800000,,1.5096088195115556,16.8,Q102_TIME_EXIT,1762362000000,REV,0.5998897904201872,False,-8919.004471800621,2963.5058849697084,179.71533565613757,,16.8,Q102_TIME_EXIT,1762362000000,334,-55.711754053403055,,179.71533565613757,,153.50274127578103,,USD,SHORT,dbf84542311c15f69508f91a0e7311ff7e686d96,Q102,AVAXUSDT,-58.10322602497928,2324.359753773034
0.5,C003092,0.5,[],2343.369789662576,0.585842447415644,0.1655,1762351200000,,0.5818789757560012,0.16438032258064517,V12_STOP,1762362000000,,0.11841097104834263,False,1055.7354985978027,1171.684894831288,7079.667038255516,,0.16438032258064517,V12_STOP,1762362000000,336,7.926943319285473,,7079.667038255516,2,153.50274127578103,,USD,SHORT,dbf84542311c15f69508f91a0e7311ff7e686d96,V12,DOGEUSDT,6.877632867162171,2331.7048181165633
1.0,C003095,1.0,[],2319.9960050125974,1.1599980025062988,103687.2,1762358400000,,1.1621180291004678,103876.7,Q102_PREEMPT:PB:V12_R1,1762362000000,,0.0,False,-1007.3109639771455,2319.9960050125974,0.02237495086194436,,103310.49806451613,V12_STOP,1762369200000,337,-4.2400531883384565,,0.02237495086194436,1,153.50274127578103,,USD,SHORT,dbf84542311c15f69508f91a0e7311ff7e686d96,V12,BTCUSDT,-6.562169219945224,2326.3026468991243
0.48640086078068023,C003104,1.0,[],2316.4712488080627,0.5633668046969694,2.672,1762372800000,,0.5616270274533741,2.663748387096774,V12_STOP,1762383600000,,0.0,False,361.43151504878364,1126.7336093939389,421.68174004264176,,2.663748387096774,V12_STOP,1762383600000,339,3.479554487190637,,421.68174004264176,1,153.50274127578103,,USD,SHORT,dbf84542311c15f69508f91a0e7311ff7e686d96,V12,ATOMUSDT,2.3545606550402933,2325.583166457489
0.13850293473851538,C003110,0.5,[],2399.4118011326636,0.1661627880515505,0.16689,1762380000000,,0.1645743527467301,0.16529461290322578,V12_STOP,1762398000000,,-0.012347381646583132,False,435.64652630082026,332.32557610310096,1991.2851345383242,,0.16529461290322578,V12_STOP,1762398000000,340,3.1768706096407815,,1991.2851345383242,1,153.73303167420812,,USD,SHORT,dbf84542311c15f69508f91a0e7311ff7e686d96,V12,DOGEUSDT,2.8337860871959175,2328.590019698593
0.4721361256899157,C003115,1.0,[],2402.084455107825,0.5670554241072904,0.5444,1762387200000,,0.560355485046413,0.5379677419354839,V12_STOP,1762398000000,,0.0,False,1886.6835907155134,1134.1108482145808,2083.230801275865,,0.5379677419354839,V12_STOP,1762398000000,341,13.399878121754984,,2083.230801275865,1,153.73303167420812,,USD,SHORT,dbf84542311c15f69508f91a0e7311ff7e686d96,V12,ADAUSDT,12.272467212601281,2341.4295423353014
0.6015681532635395,C003125,1.0,[],2400.2794604860237,0.7219658411804911,2.3571,1762401600000,,0.7116951081185805,2.323567741935484,V12_STOP,1762419600000,,-0.03555019529323734,False,2932.035578820394,1443.9316823609822,612.5882153328167,,2.323567741935484,V12_STOP,1762419600000,342,20.541466123821365,,612.5882153328167,2,153.73303167420812,,USD,SHORT,dbf84542311c15f69508f91a0e7311ff7e686d96,V12,XRPUSDT,19.072254979229058,2360.8430754119668
0.18105098780180517,C003129,0.5,[],2513.8842769144244,0.22757061577739163,0.163695,1762408800000,,0.2275442735181925,0.16367605161290325,V12_STOP,1762419600000,,0.0063127308908187876,False,-60.89636569783836,455.14123155478325,2780.4223192814884,,0.16367605161290325,V12_STOP,1762419600000,343,0.052684518398222885,,2780.4223192814884,1,153.73303167420812,,USD,SHORT,dbf84542311c15f69508f91a0e7311ff7e686d96,V12,DOGEUSDT,-0.3961176400065425,2360.6682156568468
0.7948975028472995,C003136,1.0,[],2551.0650096738887,1.0139176028954482,2.588,1762423200000,,1.0177671230360719,2.597825806451613,V12_STOP,1762437600000,,0.0,False,-1495.933855741615,2027.8352057908962,783.5530161479506,,2.597825806451613,V12_STOP,1762437600000,344,-7.699040281247198,,783.5530161479506,1,153.73303167420812,,USD,SHORT,dbf84542311c15f69508f91a0e7311ff7e686d96,V12,ATOMUSDT,-9.730725007178718,2350.9092365114584
0.022031044498400654,C003139,1.0,[],2564.938599377804,0.028254138209278926,158.78,1762430400000,,0.02809459025054379,157.8833870967742,V12_STOP,1762441200000,,0.0,False,40.39292193045278,56.50827641855785,0.35589039185387233,,157.8833870967742,V12_STOP,1762441200000,345,0.3190959174702735,,0.35589039185387233,1,153.73303167420812,,USD,SHORT,dbf84542311c15f69508f91a0e7311ff7e686d96,V12,SOLUSDT,0.2627471890104508,2350.3135976389335
2.5,C003098,2.5,[],2326.3026468991243,2.9078783086239057,16.8,1762362000000,,2.739982953899787,15.83,Q102_TIME_EXIT,1762448400000,PB,1.6844923630671338,False,51012.82305495389,5815.756617247811,346.1759891218935,,15.83,Q102_TIME_EXIT,1762448400000,338,335.7907094482369,,346.1759891218935,,153.73303167420812,,USD,SHORT,dbf84542311c15f69508f91a0e7311ff7e686d96,Q102,AVAXUSDT,331.82734054878034,2681.7663926858827
0.7095637335123626,C003142,1.0,[],2499.11363241678,0.8866401997446464,946.9,1762437600000,,0.8725167531439124,931.816664516129,V12_STOP,1762448400000,,0.0,False,4072.0399956808906,1773.2803994892927,1.8727219341950498,,931.816664516129,V12_STOP,1762448400000,346,28.24689320146772,,1.8727219341950498,1,153.73303167420812,,USD,SHORT,dbf84542311c15f69508f91a0e7311ff7e686d96,V12,BNBUSDT,26.48773624857916,2709.1407691342065
1.5832372673529749,C003149,2.0,[],2710.8104166290664,2.1459280381678916,613.68,1762446600000,,2.1704757093123623,620.7,TIME_OR_SESSION_FLAT,1762457400000,,0.0,False,6884.001977131877,4291.856076335783,6.993638502698121,,620.7,TIME_OR_SESSION_FLAT,1762457400000,347,49.09534228894148,,6.993638502698121,,153.73303167420812,V50_POST_OPEN_BASIS,USD,LONG,,V52,METAUSDT,44.77893854146122,2754.686517658124
1.0,C003151,1.0,[],2758.236111423148,1.379118055711574,2.59,1762452000000,,1.384642085686874,2.600374193548387,V12_STOP,1762462800000,,0.0,False,-2123.3329756816984,2758.236111423148,1064.956027576505,,2.600374193548387,V12_STOP,1762462800000,348,-11.04805995060024,,1064.956027576505,1,153.73303167420812,,USD,SHORT,dbf84542311c15f69508f91a0e7311ff7e686d96,V12,ATOMUSDT,-13.811820091998689,2740.954923993876
0.9608719485410149,C003156,1.0,[],2703.5686283344517,1.2988916279610416,101339.2,1762459200000,,1.2908357521101599,100710.68258064515,V12_STOP,1762470000000,,0.0,False,2078.7817933461683,2597.7832559220833,0.02563453486826503,,100710.68258064515,V12_STOP,1762470000000,349,16.11175170176372,,0.02563453486826503,1,153.73303167420812,,USD,SHORT,dbf84542311c15f69508f91a0e7311ff7e686d96,V12,BTCUSDT,13.522024321692518,2754.4018915655115
1.0,C003159,1.0,[],2747.896756036202,1.373948378018101,0.53,1762466400000,,1.3725652309595244,0.5294664516129033,V12_STOP,1762477200000,,0.27587846488431383,False,45.41401810253403,2747.896756036202,5184.710860445664,,0.5294664516129033,V12_STOP,1762477200000,350,2.7662941171537265,,5184.710860445664,1,153.60270528049944,,USD,SHORT,dbf84542311c15f69508f91a0e7311ff7e686d96,V12,ADAUSDT,0.2956589730604149,2754.7071013637883
0.9945350146000058,C003163,1.0,[],2743.7898772234603,1.3643975528018912,2.648,1762473600000,,1.3699656404662104,2.6588064516129033,V12_STOP,1762484400000,,0.0,False,-2130.552240662206,2728.7951056037823,1030.5117468292228,,2.6588064516129033,V12_STOP,1762484400000,351,-11.136175328638316,,1030.5117468292228,1,153.60270528049944,,USD,SHORT,dbf84542311c15f69508f91a0e7311ff7e686d96,V12,ATOMUSDT,-13.870538521906418,2739.8807897783254
0.9727937626928869,C003168,1.0,[],2687.620917288184,1.3072504324104401,953.35,1762480800000,,1.3070901591730517,953.2331161290322,V12_STOP,1762491600000,,0.0,False,-352.3329816979045,2614.5008648208805,2.742435479961064,,953.2331161290322,V12_STOP,1762491600000,353,0.32054647477743353,,2.742435479961064,1,153.60270528049944,,USD,SHORT,dbf84542311c15f69508f91a0e7311ff7e686d96,V12,BNBUSDT,-2.2937941168060583,2737.5348589072855
1.0,C003172,1.0,[],2718.774373288246,1.359387186644123,14.963,1762488000000,,1.354609067565224,14.910406451612904,V12_STOP,1762498800000,,0.0,False,1050.9868665748058,2718.774373288246,181.69981776971503,,14.910406451612904,V12_STOP,1762498800000,354,9.556238157797964,,181.69981776971503,1,153.60270528049944,,USD,SHORT,dbf84542311c15f69508f91a0e7311ff7e686d96,V12,LINKUSDT,6.842241903588617,2745.7364879975185
1.0,C003182,1.0,[],2918.057199882774,1.459028599941387,3299.6,1762509600000,,1.431513519139795,3237.374516129032,V12_STOP,1762520400000,,0.0,False,8008.786605054078,2918.057199882774,0.8843669535346024,,3237.374516129032,V12_STOP,1762520400000,355,55.0301616031843,,0.8843669535346024,1,153.60270528049944,,USD,SHORT,dbf84542311c15f69508f91a0e7311ff7e686d96,V12,ETHUSDT,52.13961948410312,2796.206284443564
0.9994997498749374,C003183,1.0,[],2916.5981712828325,1.4575695713414454,154.61,1762509600000,,1.4357373723398044,152.29417483870967,V12_STOP,1762520400000,,0.0,False,6262.549883992243,2915.139142682891,18.854790393136863,,152.29417483870967,V12_STOP,1762520400000,356,43.66439800328189,,18.854790393136863,2,153.60270528049944,,USD,SHORT,dbf84542311c15f69508f91a0e7311ff7e686d96,V12,SOLUSDT,40.77109105960064,2838.4349450745062
1.0,C003201,1.0,[],3204.117332759686,1.602058666379843,3296.0,1762531200000,,1.596657896065537,3284.8887096774192,V12_STOP,1762542000000,,0.0,False,1167.8143443349195,3204.117332759686,0.9721229771722348,,3284.8887096774192,V12_STOP,1762542000000,357,10.80154062861226,,0.9721229771722348,1,153.60270528049944,,USD,SHORT,dbf84542311c15f69508f91a0e7311ff7e686d96,V12,ETHUSDT,7.60282406616688,2844.1981363397817
0.9994997498749374,C003202,1.0,[],3202.5152740933063,1.6004566077134632,155.32,1762531200000,,1.5968815038527988,154.9730458064516,V12_STOP,1762542000000,,0.0,False,607.1714656806246,3200.9132154269264,20.60850640887797,,154.9730458064516,V12_STOP,1762542000000,358,7.150207721328973,,20.60850640887797,2,153.60270528049944,,USD,SHORT,dbf84542311c15f69508f91a0e7311ff7e686d96,V12,SOLUSDT,3.9528696097627116,2849.751462557258
1.0,C003228,1.0,[],3572.1147570528756,1.7860573785264378,0.016031,1762556400000,LONG_V2_FINAL,1.643172788244323,0.014748520000000001,LONG_HARD_STOP,1762617600000,,-0.8537557040514062,False,-44404.75126489047,3572.1147570528756,222825.4480102848,,0.014748520000000001,LONG_HARD_STOP,1762617600000,359,-285.7691805642298,,222825.4480102848,,153.0922930542341,BASE_V64_LONG,USD,LONG,dbf84542311c15f69508f91a0e7311ff7e686d96,PENGU,PENGUUSDT,-290.052166435052,2558.9176838698286
0.75,C003166,0.75,[],2701.1204905286686,1.0129201839482507,2.137,1762477200000,,1.4314548224256982,3.02,Q102_TIME_EXIT,1762650000000,BRK,-1.5124125984754697,False,127543.10136671967,2025.8403678965014,947.983326109734,,3.02,Q102_TIME_EXIT,1762650000000,352,837.0692769548951,,947.983326109734,,153.0922930542341,,USD,LONG,dbf84542311c15f69508f91a0e7311ff7e686d96,Q102,NEARUSDT,833.1124893500456,3394.2761353160936
0.5,C003303,0.5,[],3318.633451136379,0.8296583627840948,0.18006,1762718400000,,0.8277431445830258,0.17964434193548387,V12_STOP,1762729200000,,0.0,False,-840.1456894760457,1659.3167255681894,9215.35446833383,,0.17964434193548387,V12_STOP,1762729200000,361,-3.83043640213769,,9215.35446833383,1,153.0922930542341,,USD,LONG,dbf84542311c15f69508f91a0e7311ff7e686d96,V12,DOGEUSDT,-5.48783790950481,3385.0079729256295
1.0,C003304,1.0,[],3317.803792773595,1.6589018963867974,7.555,1762718400000,,1.654807853577671,7.536354838709678,V12_STOP,1762729200000,,0.0,False,-1760.8362271610547,3317.803792773595,439.1533809098074,,7.536354838709678,V12_STOP,1762729200000,362,-8.188085618253481,,439.1533809098074,2,153.0922930542341,,USD,LONG,dbf84542311c15f69508f91a0e7311ff7e686d96,V12,INJUSDT,-11.50179536821795,3375.165079453798
1.0,C003310,1.0,[],3377.287754315159,1.6886438771575796,2.953,1762732800000,,1.7174387942156066,3.003354838709677,V12_STOP,1762743600000,,0.0,False,8295.114754946882,3377.287754315159,1143.6802418947373,,3.003354838709677,V12_STOP,1762743600000,363,57.589834116054185,,1143.6802418947373,2,153.0922930542341,,USD,LONG,dbf84542311c15f69508f91a0e7311ff7e686d96,V12,ATOMUSDT,54.18375144468099,3490.7756470679556
0.5,C003315,0.5,[],3398.472715275896,0.8496181788189741,0.180695,1762740000000,,0.8532952828023829,0.1814770387096774,V12_STOP,1762750800000,,0.0,False,865.1696345253043,1699.236357637948,9403.89251300782,,0.1814770387096774,V12_STOP,1762750800000,364,7.354207966817719,,9403.89251300782,1,153.0922930542341,,USD,LONG,dbf84542311c15f69508f91a0e7311ff7e686d96,V12,DOGEUSDT,5.651294505196362,3495.5772798972935
1.0,C003320,1.0,[],3398.559709355019,1.6992798546775096,7.84,1762747200000,,1.7506162289573979,8.076851612903225,V12_STOP,1762758000000,,0.0,False,15190.25400895457,3398.559709355019,433.48975884630346,,8.076851612903225,V12_STOP,1762758000000,365,102.67274855977692,,433.48975884630346,2,153.0922930542341,,USD,LONG,dbf84542311c15f69508f91a0e7311ff7e686d96,V12,INJUSDT,99.22285247614201,3595.132181689306
0.7770535056307453,C003325,1.0,[],3519.012600546596,1.367230538806749,3.106,1762754400000,,1.3646518766352256,3.100141935483871,V12_STOP,1762765200000,,-0.2627054686284185,False,-1247.9949356261998,2734.4610776134978,880.380256797649,,3.100141935483871,V12_STOP,1762765200000,366,-5.157324343046671,,880.380256797649,2,153.0922930542341,,USD,LONG,dbf84542311c15f69508f91a0e7311ff7e686d96,V12,NEARUSDT,-8.151912227117064,3585.832396445467
0.5,C003334,0.5,[],3429.4326217794373,0.8573581554448594,0.18423,1762768800000,,0.8579425748678364,0.18435558064516128,V12_STOP,1762779600000,,0.0,False,-83.65910294322597,1714.7163108897187,9307.476040219935,,0.18435558064516128,V12_STOP,1762779600000,367,1.1688388459538985,,9307.476040219935,1,153.0922930542341,,USD,LONG,dbf84542311c15f69508f91a0e7311ff7e686d96,V12,DOGEUSDT,-0.5464618843587973,3583.5716469292965
1.0,C003333,1.0,[],3428.5752636239927,1.7142876318119964,18.26,1762768800000,,1.7124584445710422,18.240516129032258,V12_STOP,1762779600000,,0.0,False,-1084.6773528345257,3428.5752636239927,187.76425321051437,,18.240516129032258,V12_STOP,1762779600000,368,-3.6583744819083615,,187.76425321051437,2,153.0922930542341,,USD,LONG,dbf84542311c15f69508f91a0e7311ff7e686d96,V12,AVAXUSDT,-7.0851205582914,3578.200814002817
1.25,C003299,1.25,[],3394.2761353160936,2.1214225845725587,3.174,1762707600000,,2.1388003373132287,3.2,Q102_TIME_EXIT,1762794000000,REV,-7.76341564639927,False,-7161.526429671474,4242.845169145117,1336.750210820768,,3.2,Q102_TIME_EXIT,1762794000000,360,-34.75550548134029,,1336.750210820768,,153.0922930542341,,USD,SHORT,dbf84542311c15f69508f91a0e7311ff7e686d96,Q102,APTUSDT,-46.779144049625344,3536.149923809818
1.0,C003344,1.0,[],3477.944548191259,1.7389722740956295,2.5551,1762783200000,,1.7368699135420067,2.5520109677419356,V12_STOP,1762794000000,,-0.3442826169519843,False,-1228.542062049664,3477.944548191259,1361.1774678843328,,2.5520109677419356,V12_STOP,1762794000000,369,-4.204721107245041,,1361.1774678843328,2,153.0922930542341,,USD,LONG,dbf84542311c15f69508f91a0e7311ff7e686d96,V12,XRPUSDT,-8.02484591183466,3530.208332789031
0.5,C003347,0.5,[],3474.6304984622748,0.8686576246155687,0.179075,1762790400000,,0.8718242603915942,0.1797278064516129,V12_STOP,1762801200000,,0.0,False,703.1207016435438,1737.3152492311374,9701.606864336938,,0.1797278064516129,V12_STOP,1762801200000,370,6.33327155205107,,9701.606864336938,2,153.0922930542341,,USD,LONG,dbf84542311c15f69508f91a0e7311ff7e686d96,V12,DOGEUSDT,4.592789667043906,3535.6697800806905
1.0,C003355,1.0,[],3535.6697800806905,1.7678348900403453,8.107,1762804800000,,1.7775872199326805,8.151722580645162,V12_STOP,1762815600000,,0.0,False,2443.236291016927,3535.6697800806905,436.12554336754545,,8.151722580645162,V12_STOP,1762815600000,371,19.50465978467029,,436.12554336754545,1,153.0922930542341,,USD,LONG,dbf84542311c15f69508f91a0e7311ff7e686d96,V12,INJUSDT,15.959237674697267,3549.8629507002374
0.9994997498749374,C003356,1.0,[],3533.90194519065,1.7660670551503046,2.547,1762804800000,,1.7833154935269981,2.5718754838709676,V12_STOP,1762815600000,,0.0,False,4737.822852081643,3532.1341103006093,1386.7821398903059,,2.5718754838709676,V12_STOP,1762815600000,372,34.49687675338709,,1386.7821398903059,2,153.0922930542341,,USD,LONG,dbf84542311c15f69508f91a0e7311ff7e686d96,V12,XRPUSDT,30.94749420470979,3582.5765119600974
1.0,C003368,1.0,[],3582.5765119600974,1.7912882559800487,2.524,1762826400000,,1.8094973819582887,2.5496574193548387,V12_STOP,1762837200000,,0.0,False,5057.196801710446,3582.5765119600974,1419.4043232805457,,2.5496574193548387,V12_STOP,1762837200000,373,36.41825195647996,,1419.4043232805457,1,154.10076916429003,,USD,LONG,dbf84542311c15f69508f91a0e7311ff7e686d96,V12,XRPUSDT,32.817466318541626,3613.604481310915
0.9994997498749376,C003367,1.0,[],3580.7852237041175,1.789496967724069,8.008,1762826400000,,1.8107231317663184,8.102987096774193,V12_STOP,1762837200000,,0.0,False,5987.139724143818,3578.993935448138,446.9273146164009,,8.102987096774193,V12_STOP,1762837200000,374,42.45232808449859,,446.9273146164009,2,154.10076916429003,,USD,LONG,dbf84542311c15f69508f91a0e7311ff7e686d96,V12,INJUSDT,38.8521079850082,3654.2460862636476
2.0,C003412,2.0,[],3862.747416928936,3.8627474169289364,247.01,1762968600000,,3.8627474169289364,247.01,TIME_OR_SESSION_FLAT,1762979400000,,0.0,False,-1191.0944346006704,7725.494833857872,31.276040783198546,,247.01,TIME_OR_SESSION_FLAT,1762979400000,376,0.0,,31.276040783198546,,154.17710583153348,V50_POST_OPEN_BASIS,USD,SHORT,,V52,AMZNUSDT,-7.725494833857873,3642.5589651557625
1.0,C003414,1.0,[],3845.900566021873,1.9229502830109366,2.521,1762970400000,,1.9125175192587567,2.5073225806451616,V12_STOP,1762981200000,,0.0,False,2625.645317006497,3845.900566021873,1525.5456430074864,,2.5073225806451616,V12_STOP,1762981200000,377,20.86552750435991,,1525.5456430074864,1,154.17710583153348,,USD,SHORT,dbf84542311c15f69508f91a0e7311ff7e686d96,V12,NEARUSDT,17.030059702090217,3661.511975140864
0.10277381184879264,C003413,0.5,[],3843.9776157388624,0.19753011611545818,96.31,1762970400000,,0.1955589235352002,95.34890322580645,V12_STOP,1762981200000,,0.0,False,547.2202036540948,395.06023223091637,4.101964824326823,,95.34890322580645,V12_STOP,1762981200000,378,3.942385160515921,,4.101964824326823,2,154.17710583153348,,USD,SHORT,dbf84542311c15f69508f91a0e7311ff7e686d96,V12,LTCUSDT,3.5492961208652627,3665.2588013778445
1.25,C003406,1.25,[],3654.2460862636476,2.28390380391478,17.59,1762952400000,,2.194313489832847,16.9,Q102_TIME_EXIT,1762995600000,REV,0.8790238062821524,False,27179.023220166036,4567.80760782956,259.6820698027038,,16.9,Q102_TIME_EXIT,1762995600000,375,179.18062816386595,,259.6820698027038,,154.794402211472,,USD,SHORT,dbf84542311c15f69508f91a0e7311ff7e686d96,Q102,AVAXUSDT,175.5814346764005,3842.681381929146
1.0,C003430,1.0,[],3842.681381929146,1.9213406909645732,0.014674,1763013600000,RECOVERY_V8,1.8060602495066984,0.013793559999999998,RECOVERY_V8_HARD_STOP,1763056800000,,-0.5702351671813964,False,-36354.784056499106,3842.681381929146,261870.06827921126,,0.013793559999999998,RECOVERY_V8_HARD_STOP,1763056800000,379,-230.56088291574915,,261870.06827921126,,154.794402211472,RECOVERY_V8,USD,LONG,dbf84542311c15f69508f91a0e7311ff7e686d96,PENGU,PENGUUSDT,-234.8585190234018,3604.6570672583357
0.8116695648350252,C003442,1.0,[],3817.747821395693,1.5493748564210537,2.517,1763049600000,,1.5005904081242432,2.437748387096774,V12_STOP,1763060400000,,0.308397617428267,False,14678.739697584724,3098.7497128421073,1231.1282132864949,,2.437748387096774,V12_STOP,1763060400000,381,97.56889659362116,,1231.1282132864949,1,154.794402211472,,USD,SHORT,dbf84542311c15f69508f91a0e7311ff7e686d96,V12,NEARUSDT,94.82732894650414,3698.7303010182804
1.25,C003434,1.25,[],3823.2844826626574,2.389552801664161,17.41,1763024400000,,2.1809301561426486,15.89,Q102_TIME_EXIT,1763067600000,REV,0.46473439324726296,False,63951.68850787495,4779.105603328322,274.50348094935794,,15.89,Q102_TIME_EXIT,1763067600000,380,417.24529104302394,,274.50348094935794,,154.794402211472,,USD,SHORT,dbf84542311c15f69508f91a0e7311ff7e686d96,Q102,AVAXUSDT,413.1395424784644,4113.794661905162
1.0,C003447,1.0,[],3990.1448511047947,1.9950724255523975,147.02,1763056800000,,1.9347470423835829,142.5745283870968,V12_STOP,1763067600000,,0.0,False,18067.749196251214,3990.1448511047947,27.1401499871092,,142.5745283870968,V12_STOP,1763067600000,382,120.65076633762962,,27.1401499871092,2,154.794402211472,,USD,SHORT,dbf84542311c15f69508f91a0e7311ff7e686d96,V12,SOLUSDT,116.72094686969365,4232.510681200408
1.0,C003454,1.0,[],4232.510681200408,2.116255340600204,3177.85,1763071200000,,2.1220150714582218,3186.4990322580643,V12_STOP,1763082000000,,0.21503590266614128,False,-2402.1016965316476,4232.510681200408,1.3318786856523774,,3186.4990322580643,V12_STOP,1763082000000,383,-11.519461716035801,,1.3318786856523774,2,154.5485842155091,,USD,SHORT,dbf84542311c15f69508f91a0e7311ff7e686d96,V12,ETHUSDT,-15.542696225428084,4214.959814882031
0.9655081421932241,C003459,1.0,[],4159.82010962005,2.0081700929486344,144.615,1763078400000,,1.989658903397185,143.28194774193548,V12_STOP,1763089200000,,0.0,False,5103.897463321842,4016.3401858972684,27.772638978648605,,143.28194774193548,V12_STOP,1763089200000,384,37.022379102898405,,27.772638978648605,1,154.5485842155091,,USD,SHORT,dbf84542311c15f69508f91a0e7311ff7e686d96,V12,SOLUSDT,33.02455010655259,4249.992535081533
1.0,C003468,1.0,[],4249.992535081533,2.1249962675407663,2.387,1763092800000,,2.060657961422973,2.3147290322580645,V12_STOP,1763103600000,,0.0,False,19239.9013075559,4249.992535081533,1780.4744596068424,,2.3147290322580645,V12_STOP,1763103600000,385,128.67661223558622,,1780.4744596068424,1,154.5485842155091,,USD,SHORT,dbf84542311c15f69508f91a0e7311ff7e686d96,V12,NEARUSDT,124.49095800662248,4372.360621816882
0.9994997498749374,C003467,1.0,[],4247.867538813992,2.1228712712732256,192.27,1763092800000,,2.056366840297091,186.24664516129033,V12_STOP,1763103600000,,0.0,False,19910.43596959653,4245.742542546451,22.082189330350293,,186.24664516129033,V12_STOP,1763103600000,386,133.0088619522687,,22.082189330350293,2,154.5485842155091,,USD,SHORT,dbf84542311c15f69508f91a0e7311ff7e686d96,V12,AAVEUSDT,128.82962384069836,4503.313116928854
1.0,C003476,1.0,[],4503.313116928854,2.251656558464427,142.785,1763107200000,,2.2245365888423874,141.0652329032258,V12_STOP,1763118000000,,0.0,False,7690.91650451633,4503.313116928854,31.53911907363416,,141.0652329032258,V12_STOP,1763118000000,387,54.23993924407979,,31.53911907363416,2,154.5485842155091,,USD,SHORT,dbf84542311c15f69508f91a0e7311ff7e686d96,V12,SOLUSDT,49.76374609677298,4550.795914392051
1.0,C003480,1.0,[],4561.897267151522,2.280948633575761,2.384,1763114400000,,2.2791585407425266,2.3821290322580646,V12_STOP,1763125200000,,0.0,False,-151.44548168035857,4561.897267151522,1913.5475113890614,,2.3821290322580646,V12_STOP,1763125200000,388,3.58018566646949,,1913.5475113890614,1,154.5485842155091,,USD,SHORT,dbf84542311c15f69508f91a0e7311ff7e686d96,V12,NEARUSDT,-0.9799215078487977,4549.79762421669
1.0,C003483,1.0,[],4598.634602176777,2.2993173010883883,909.2,1763121600000,,2.2531591499264727,890.948064516129,V12_STOP,1763132400000,,0.0,False,13563.77503398029,4598.634602176777,5.057891115460599,,890.948064516129,V12_STOP,1763132400000,389,92.31630232383158,,5.057891115460599,1,154.5485842155091,,USD,SHORT,dbf84542311c15f69508f91a0e7311ff7e686d96,V12,BNBUSDT,87.76382587281671,4637.5887176908045
0.995601001416095,C003487,1.0,[],4564.177208657945,2.2720496997901836,15.3,1763128800000,,2.2618271527538094,15.23116129032258,V12_STOP,1763139600000,,0.4603499391731745,False,2530.202525870954,4544.099399580367,296.99996075688676,,15.23116129032258,V12_STOP,1763139600000,390,20.445094072748564,,296.99996075688676,1,154.5485842155091,,USD,SHORT,dbf84542311c15f69508f91a0e7311ff7e686d96,V12,AVAXUSDT,16.371567159377744,4653.95543517036
2.0,C003495,2.0,[],4613.1936638287825,4.613193663828783,235.59,1763141400000,,4.665476133723187,238.26,BASIS_CONVERGED,1763145000000,,0.0,False,14726.35812232557,9226.387327657565,39.16289879730704,,238.26,BASIS_CONVERGED,1763145000000,392,104.5649397888093,,39.16289879730704,,154.5485842155091,V50_POST_OPEN_BASIS,USD,LONG,,V52,AMZNUSDT,95.28626999125733,4746.852345814475
0.994572565871835,C003491,1.0,[],4578.649075478601,2.2768993796127286,0.5139,1763136000000,,2.2587709677019085,0.5098083870967741,V12_STOP,1763146800000,,0.0,False,4902.459359139922,4553.798759225457,8861.25463947355,,0.5098083870967741,V12_STOP,1763146800000,391,36.25682382164039,,8861.25463947355,2,154.5485842155091,,USD,SHORT,dbf84542311c15f69508f91a0e7311ff7e686d96,V12,ADAUSDT,31.72115347432575,4780.850398668413
1.0,C003497,1.0,[],4778.718694285867,2.3893593471429337,95814.1,1763143200000,,2.369784349702408,95029.13612903225,V12_STOP,1763154000000,,0.0,False,5315.057360485396,4778.718694285867,0.049874900398645575,,95029.13612903225,V12_STOP,1763154000000,393,39.14999488105195,,0.049874900398645575,1,154.5485842155091,,USD,SHORT,dbf84542311c15f69508f91a0e7311ff7e686d96,V12,BTCUSDT,34.39085118420661,4815.238395985249
1.0,C003501,1.0,[],4784.426429026997,2.3922132145134984,2.3102,1763150400000,,2.3426554975539764,2.2623412903225804,V12_STOP,1763161200000,,0.0,False,14586.382730197849,4784.426429026997,2071.000964863214,,2.2623412903225804,V12_STOP,1763161200000,394,99.11543391904459,,2071.000964863214,2,154.5485842155091,,USD,SHORT,dbf84542311c15f69508f91a0e7311ff7e686d96,V12,XRPUSDT,94.38056520697711,4909.568244642295
1.0,C003504,1.0,[],4885.859528887085,2.4429297644435426,0.5082,1763157600000,,2.3670842244361396,0.492421935483871,V12_STOP,1763168400000,,0.305455900401341,False,22646.607537462518,4885.859528887085,9614.0486597542,,0.492421935483871,V12_STOP,1763168400000,395,151.6910800148054,,9614.0486597542,1,153.86332417582418,,USD,SHORT,dbf84542311c15f69508f91a0e7311ff7e686d96,V12,ADAUSDT,147.1865219263271,5056.700457668692
1.0,C003509,1.0,[],4994.477328748533,2.4972386643742666,13.858,1763164800000,,2.5113234815377052,13.93616129032258,V12_STOP,1763175600000,,0.0,False,-5104.907599461871,4994.477328748533,360.40390595674216,,13.93616129032258,V12_STOP,1763175600000,396,-28.169634326876707,,360.40390595674216,2,153.86332417582418,,USD,SHORT,dbf84542311c15f69508f91a0e7311ff7e686d96,V12,LINKUSDT,-33.17819647278868,5026.019499860277
1.0,C003515,1.0,[],5026.019499860277,2.5130097499301387,96389.4,1763179200000,,2.508211698028122,96205.36516129032,V12_STOP,1763190000000,,0.0,False,703.9066070189978,5026.019499860277,0.05214286529286703,,96205.36516129032,V12_STOP,1763190000000,397,9.596103804033078,,0.05214286529286703,1,153.86332417582418,,USD,SHORT,dbf84542311c15f69508f91a0e7311ff7e686d96,V12,BTCUSDT,4.574882356074816,5028.083885476171
0.9994997498749374,C003514,1.0,[],5023.506490110347,2.510496740180208,0.5118,1763179200000,,2.4952050810788067,0.5086825806451613,V12_STOP,1763190000000,,0.0,False,3935.457080958466,5020.9934803604165,9810.4601023064,,0.5086825806451613,V12_STOP,1763190000000,398,30.583318202803607,,9810.4601023064,2,153.86332417582418,,USD,SHORT,dbf84542311c15f69508f91a0e7311ff7e686d96,V12,ADAUSDT,25.57761638154459,5056.171998597896
0.9994997498749374,C003523,1.0,[],5053.643912598597,2.5255579132996493,13.948,1763200800000,,2.5384337097234115,14.019109677419355,V12_STOP,1763211600000,,0.0,False,-4741.388263059344,5051.115826599298,362.13907560935604,,14.019109677419355,V12_STOP,1763211600000,400,-25.75159284752445,,362.13907560935604,2,153.86332417582418,,USD,SHORT,dbf84542311c15f69508f91a0e7311ff7e686d96,V12,LINKUSDT,-30.81558447054751,5022.828328128049
1.0,C003522,1.0,[],5056.171998597896,2.528085999298948,95765.2,1763200800000,,2.530908933282859,95872.13419354838,V12_STOP,1763215200000,,0.0,False,-1647.0857907024438,5056.171998597896,0.052797592430213654,,95872.13419354838,V12_STOP,1763215200000,399,-5.645867967821087,,0.052797592430213654,1,153.86332417582418,,USD,SHORT,dbf84542311c15f69508f91a0e7311ff7e686d96,V12,BTCUSDT,-10.704862900402894,5014.651551226945
1.0,C003533,1.0,[],5014.651551226945,2.507325775613473,0.5095,1763229600000,,2.466270687317601,0.5011574193548387,V12_STOP,1763247600000,,0.0,False,11868.490634174033,5014.651551226945,9842.299413595576,,0.5011574193548387,V12_STOP,1763247600000,401,82.11017659174433,,9842.299413595576,1,153.86332417582418,,USD,SHORT,dbf84542311c15f69508f91a0e7311ff7e686d96,V12,ADAUSDT,77.13658012881326,5089.283312905921
0.9994997498749376,C003534,1.0,[],5012.144225451332,2.5048184498378596,2.2611,1763229600000,,2.4591375791112693,2.219863870967742,V12_STOP,1763247600000,,0.0,False,13293.450466801913,5009.636899675719,2215.5751181618325,,2.219863870967742,V12_STOP,1763247600000,402,91.36174145318118,,2215.5751181618325,2,153.86332417582418,,USD,SHORT,dbf84542311c15f69508f91a0e7311ff7e686d96,V12,XRPUSDT,86.39778542423205,5178.185916779991
1.0,C003545,1.0,[],5178.185916779991,2.5890929583899958,178.85,1763251200000,,2.555112791515573,176.50270967741935,V12_STOP,1763262000000,,0.0,False,9665.098265771008,5178.185916779991,28.952674961028748,,176.50270967741935,V12_STOP,1763262000000,403,67.96033374884581,,28.952674961028748,1,153.86332417582418,,USD,SHORT,dbf84542311c15f69508f91a0e7311ff7e686d96,V12,AAVEUSDT,62.81612799894024,5241.002044778931
1.0,C003551,1.0,[],5241.002044778931,2.620501022389466,3201.3,1763265600000,,2.6190632367250823,3199.543548387097,V12_STOP,1763276400000,,0.0,False,-363.7318105914583,5241.002044778931,1.6371480475990787,,3199.543548387097,V12_STOP,1763276400000,404,2.8755713287667595,,1.6371480475990787,2,153.86332417582418,,USD,SHORT,dbf84542311c15f69508f91a0e7311ff7e686d96,V12,ETHUSDT,-2.3639929303477887,5236.025573915773
0.998123330345634,C003554,1.0,[],5234.779818051824,2.6124779328099996,181.39,1763272800000,,2.6067336396969134,180.9911612903226,V12_STOP,1763287200000,,0.5199895434487691,False,1044.6341444081465,5224.955865619999,28.80509325552676,,180.9911612903226,V12_STOP,1763287200000,405,11.48858622617124,,28.80509325552676,1,153.86332417582418,,USD,SHORT,dbf84542311c15f69508f91a0e7311ff7e686d96,V12,AAVEUSDT,6.789364197113096,5245.427416045696
1.0,C003560,1.0,[],5245.427416045696,2.622713708022848,15.84,1763287200000,,2.564110712738499,15.486064516129032,V12_STOP,1763298000000,,0.0,False,17235.641274925478,5245.427416045696,331.1507207099556,,15.486064516129032,V12_STOP,1763298000000,406,117.20599056869794,,331.1507207099556,1,153.86332417582418,,USD,SHORT,dbf84542311c15f69508f91a0e7311ff7e686d96,V12,AVAXUSDT,112.0191661479366,5354.826491199318
0.9994997498749374,C003561,1.0,[],5242.804702337673,2.620090994314825,143.195,1763287200000,,2.5624025466479896,140.04217161290322,V12_STOP,1763298000000,,0.0,False,16954.876965392235,5240.18198862965,36.59472739012989,,140.04217161290322,V12_STOP,1763298000000,407,115.37689533366941,,36.59472739012989,2,153.86332417582418,,USD,SHORT,dbf84542311c15f69508f91a0e7311ff7e686d96,V12,SOLUSDT,110.1944017927066,5467.64098398634
1.0,C003567,1.0,[],5467.64098398634,2.73382049199317,175.96,1763301600000,,2.700337611091154,173.80490322580644,V12_STOP,1763312400000,,0.538281113693995,False,9550.278808791301,5467.64098398634,31.073204046296542,,173.80490322580644,V12_STOP,1763312400000,408,66.96576180403216,,31.073204046296542,1,153.86332417582418,,USD,SHORT,dbf84542311c15f69508f91a0e7311ff7e686d96,V12,AAVEUSDT,62.069884814641824,5527.515911016973
0.9994997498749374,C003568,1.0,[],5464.907163494347,2.731086671501177,0.4927,1763301600000,,2.684989514694836,0.48438387096774194,V12_STOP,1763312400000,,0.5361288874925793,False,13434.478649374247,5462.173343002353,11086.205283138528,,0.48438387096774194,V12_STOP,1763312400000,409,92.19431361268134,,11086.205283138528,2,153.86332417582418,,USD,SHORT,dbf84542311c15f69508f91a0e7311ff7e686d96,V12,ADAUSDT,87.31436631397791,5617.02523511496
1.0,C003580,1.0,[],5617.02523511496,2.80851261755748,93996.0,1763323200000,,2.795159412697129,93549.09161290323,V12_STOP,1763334000000,,0.0,False,3246.9373702626835,5617.02523511496,0.05975813050677646,,93549.09161290323,V12_STOP,1763334000000,410,26.706409720701956,,0.05975813050677646,1,153.86332417582418,,USD,SHORT,dbf84542311c15f69508f91a0e7311ff7e686d96,V12,BTCUSDT,21.10273769044735,5635.322268700468
0.9994997498749374,C003579,1.0,[],5614.216722497403,2.805704104939922,0.4806,1763323200000,,2.7981449408055545,0.4793051612903226,V12_STOP,1763334000000,,0.0,False,1463.9294010510498,5611.408209879844,11675.838971868174,,0.4793051612903226,V12_STOP,1763334000000,411,15.11832826873545,,11675.838971868174,2,153.86332417582418,,USD,SHORT,dbf84542311c15f69508f91a0e7311ff7e686d96,V12,ADAUSDT,9.514479222989973,5647.642452028398
1.0,C003588,1.0,[],5647.642452028398,2.823821226014199,3094.0,1763337600000,,2.8109872273399272,3079.938064516129,V12_STOP,1763348400000,,0.5648007522645854,False,3169.2751584964917,5647.642452028398,1.825353087274854,,3079.938064516129,V12_STOP,1763348400000,412,25.667997348543587,,1.825353087274854,2,153.86332417582418,,USD,SHORT,dbf84542311c15f69508f91a0e7311ff7e686d96,V12,ETHUSDT,20.597989647454042,5662.538104346177
0.7828416082238991,C003593,1.0,[],5673.554738240555,2.2207473578152794,13.76,1763344800000,,2.2262888138534884,13.794335483870967,V12_STOP,1763355600000,,0.0,False,-2389.4894617292125,4441.494715630559,322.7830461940813,,13.794335483870967,V12_STOP,1763355600000,414,-11.082912076418427,,322.7830461940813,2,153.86332417582418,,USD,SHORT,dbf84542311c15f69508f91a0e7311ff7e686d96,V12,LINKUSDT,-15.529948248087194,5649.228903455904
1.0,C003600,1.0,[],5651.653409007339,2.82582670450367,6.583,1763359200000,,2.8237690200069983,6.578206451612903,V12_STOP,1763370000000,,0.57074573694487,False,-148.24438855132888,5651.653409007339,858.5224683286251,,6.578206451612903,V12_STOP,1763370000000,415,4.115368993343123,,858.5224683286251,1,153.86332417582418,,USD,SHORT,dbf84542311c15f69508f91a0e7311ff7e686d96,V12,INJUSDT,-0.9634809942226754,5647.237359213971
0.7672519361912036,C003599,1.0,[],5648.827582302835,2.167036949866063,15.61,1763359200000,,2.1694820371232533,15.627612903225806,V12_STOP,1763370000000,,0.4336850372441756,False,-1352.9215117965027,4334.073899732126,277.64727096298054,,15.627612903225806,V12_STOP,1763370000000,416,-4.890174514380328,,277.64727096298054,2,153.86332417582418,,USD,SHORT,dbf84542311c15f69508f91a0e7311ff7e686d96,V12,AVAXUSDT,-8.793008464125467,5640.177702662468
1.0,C003611,1.0,[],5722.610891411247,2.8613054457056237,0.4769,1763388000000,,2.9879159133669506,0.4980024419354839,V12_STOP,1763391600000,,0.0,False,-39861.395501802006,5722.610891411247,11999.603462804042,,0.4980024419354839,V12_STOP,1763391600000,417,-253.22093532265365,,11999.603462804042,1,153.86332417582418,,USD,SHORT,dbf84542311c15f69508f91a0e7311ff7e686d96,V12,ADAUSDT,-259.07015668172625,5378.829600424985
0.7965193306176199,C003610,1.0,[],5719.749585965542,2.2779455557568413,173.81,1763388000000,,2.281496000491126,174.08090322580645,V12_STOP,1763398800000,,0.4564016801891505,False,-1723.873812795508,4555.8911115136825,26.21190444458709,,174.08090322580645,V12_STOP,1763398800000,418,-7.100889468569058,,26.21190444458709,2,153.86332417582418,,USD,SHORT,dbf84542311c15f69508f91a0e7311ff7e686d96,V12,AAVEUSDT,-11.203929344627875,5370.594115817163
1.0,C003617,1.0,[],5562.130054380504,2.7810650271902517,0.4686,1763402400000,,2.7367375316719866,0.46113096774193546,V12_STOP,1763413200000,,0.0,False,12791.764181806117,5562.130054380504,11869.675745583661,,0.46113096774193546,V12_STOP,1763413200000,419,88.65499103653083,,11869.675745583661,1,153.86332417582418,,USD,SHORT,dbf84542311c15f69508f91a0e7311ff7e686d96,V12,ADAUSDT,83.13718847766859,5451.55916784057
0.7814355452125783,C003618,1.0,[],5559.348989353313,2.1721364542611514,2.1628,1763402400000,,2.1370235938135638,2.127838064516129,V12_STOP,1763413200000,,0.0,False,10142.141170172841,4344.272908522303,2008.6336732579541,,2.127838064516129,V12_STOP,1763413200000,420,70.22572089517507,,2008.6336732579541,2,153.86332417582418,,USD,SHORT,dbf84542311c15f69508f91a0e7311ff7e686d96,V12,XRPUSDT,65.91656084710036,5519.647865141931
1.25,C003590,1.25,[],5570.5439549763805,3.4815899718602377,2.872,1763341200000,,3.3361196387741554,2.752,Q102_TIME_EXIT,1763427600000,REV,1.7771288200843636,False,44284.54958334909,6963.179943720475,2424.505551434706,,2.752,Q102_TIME_EXIT,1763427600000,413,290.940666172165,,2424.505551434706,,154.89519537652032,,USD,SHORT,dbf84542311c15f69508f91a0e7311ff7e686d96,Q102,APTUSDT,285.900085381615,5802.988513178059
0.5,C003626,0.5,[],5827.560070174139,1.4568900175435346,0.152045,1763416800000,,1.456096939856005,0.15196223225806452,V12_STOP,1763427600000,,-0.2736484861053407,False,-247.90667289810725,2913.7800350870693,19163.931961505274,,0.15196223225806452,V12_STOP,1763427600000,421,1.5861553750592843,,19163.931961505274,2,154.89519537652032,,USD,SHORT,dbf84542311c15f69508f91a0e7311ff7e686d96,V12,DOGEUSDT,-1.6004800684455962,5803.118571613262
1.0,C003629,1.0,[],5829.401935474508,2.914700967737254,13.316,1763424000000,,2.8708910625433504,13.115851612903226,V12_STOP,1763434800000,,0.0,False,12675.727240973885,5829.401935474508,437.77425168778217,,13.115851612903226,V12_STOP,1763434800000,422,87.61981038780706,,437.77425168778217,1,154.89519537652032,,USD,SHORT,dbf84542311c15f69508f91a0e7311ff7e686d96,V12,LINKUSDT,81.83421835752645,5884.958270603315
1.0,C003633,1.0,[],5818.440670422335,2.9092203352111676,0.4638,1763431200000,,2.876097091816902,0.4585193548387097,V12_STOP,1763442000000,,0.0,False,9365.14464094276,5818.440670422335,12545.150216520773,,0.4585193548387097,V12_STOP,1763442000000,423,66.24648678853022,,12545.150216520773,1,154.89519537652032,,USD,SHORT,dbf84542311c15f69508f91a0e7311ff7e686d96,V12,ADAUSDT,60.46116936150215,5945.435720356066
0.9924731507536326,C003638,1.0,[],5829.759609650624,2.892939943963111,2.1638,1763438400000,,2.865128339344831,2.142998064516129,V12_STOP,1763449200000,,0.0,False,7723.870750431802,5785.879887926222,2673.9439356346343,,2.142998064516129,V12_STOP,1763449200000,424,55.62320923656064,,2673.9439356346343,2,154.89519537652032,,USD,SHORT,dbf84542311c15f69508f91a0e7311ff7e686d96,V12,XRPUSDT,49.8651409532527,5995.211724589329
1.0,C003641,1.0,[],5964.153327905508,2.9820766639527543,13.452,1763445600000,,2.9530533832118677,13.32107741935484,V12_STOP,1763456400000,,0.5937108029585391,False,8163.773304235225,5964.153327905508,443.3655462314532,,13.32107741935484,V12_STOP,1763456400000,425,58.04656148177302,,443.3655462314532,2,154.89519537652032,,USD,SHORT,dbf84542311c15f69508f91a0e7311ff7e686d96,V12,LINKUSDT,52.70514223756694,6050.898943490848
1.0,C003652,1.0,[],6050.898943490848,3.025449471745424,2.703,1763474400000,,3.0298760957502453,2.7069548387096773,V12_STOP,1763485200000,,0.6241178784481126,False,-2212.5935562958803,6050.898943490848,2238.5863645915088,,2.7069548387096773,V12_STOP,1763485200000,426,-8.853248009642726,,2238.5863645915088,1,154.89519537652032,,USD,SHORT,dbf84542311c15f69508f91a0e7311ff7e686d96,V12,ATOMUSDT,-14.284455698690282,6036.614487792158
2.0,C003658,2.0,[],6036.614487792158,6.036614487792158,408.39,1763490600000,,5.986061777029777,404.97,TIME_OR_SESSION_FLAT,1763497800000,,0.0,False,13798.489231715323,12073.228975584316,29.562988749930987,,404.97,TIME_OR_SESSION_FLAT,1763497800000,427,101.10542152476276,,29.562988749930987,,154.89519537652032,V50_POST_OPEN_BASIS,USD,SHORT,,V52,TSLAUSDT,89.08274525994082,6125.697233052098
1.0,C003668,1.0,[],6125.697233052098,3.062848616526049,0.4685,1763524800000,,2.9742751721813017,0.45495161290322583,V12_STOP,1763535600000,,0.0,False,26565.56608822065,6125.697233052098,13075.127498510348,,0.45495161290322583,V12_STOP,1763535600000,428,177.14688868949506,,13075.127498510348,1,155.25452976704054,,USD,SHORT,dbf84542311c15f69508f91a0e7311ff7e686d96,V12,ADAUSDT,171.1097649007877,6296.806997952886
0.5,C003674,0.5,[],6296.806997952886,1.5742017494882217,94.32,1763539200000,,1.5657684489177606,93.81470967741936,V12_STOP,1763550000000,,0.3152742901593778,False,2180.069393932435,3148.403498976443,33.380020133338036,,93.81470967741936,V12_STOP,1763550000000,429,16.866601140922455,,33.380020133338036,1,155.25452976704054,,USD,SHORT,dbf84542311c15f69508f91a0e7311ff7e686d96,V12,LTCUSDT,14.04190523267585,6307.69245034508
1.0,C003678,1.0,[],6312.905680962893,3.1564528404814465,2.286,1763546400000,,3.1661449938143393,2.2930193548387097,V12_STOP,1763557200000,,0.0,False,-3991.113369926255,6312.905680962893,2761.551041541073,,2.2930193548387097,V12_STOP,1763557200000,430,-19.384306665784965,,2761.551041541073,2,155.25452976704054,,USD,SHORT,dbf84542311c15f69508f91a0e7311ff7e686d96,V12,NEARUSDT,-25.70690450008075,6285.141998685481
0.5,C003685,0.5,[],6285.141998685481,1.5712854996713703,92.86,1763560800000,,1.5553087860006412,91.91580645161291,V12_STOP,1763571600000,,0.3102637402754065,False,4523.666261849252,3142.5709993427404,33.84203100735236,,91.91580645161291,V12_STOP,1763571600000,431,31.953427341457974,,33.84203100735236,1,155.25452976704054,,USD,SHORT,dbf84542311c15f69508f91a0e7311ff7e686d96,V12,LTCUSDT,29.137096796061375,6305.3203393928125
1.0,C003684,1.0,[],6283.57071318581,3.141785356592905,14.29,1763560800000,,3.098281640081605,14.092129032258065,V12_STOP,1763571600000,,0.6200024286628406,False,12635.757618393984,6283.57071318581,439.71803451265293,,14.092129032258065,V12_STOP,1763571600000,432,87.00743302260003,,439.71803451265293,2,155.25452976704054,,USD,SHORT,dbf84542311c15f69508f91a0e7311ff7e686d96,V12,AVAXUSDT,81.38736845458835,6389.229490775331
2.0,C003691,2.0,[],6436.973160800415,6.436973160800415,404.55,1763569800000,,6.474842388640496,406.93,BASIS_CONVERGED,1763573400000,,0.0,False,9754.120470338326,12873.94632160083,31.82288053788365,,406.93,BASIS_CONVERGED,1763573400000,433,75.73845568016294,,31.82288053788365,,155.25452976704054,V50_POST_OPEN_BASIS,USD,LONG,,V52,TSLAUSDT,62.826640130722026,6458.493104066853
1.0,C003693,1.0,[],6458.493104066853,3.229246552033427,0.4458,1763575200000,,3.189910862329574,0.44036967741935484,V12_STOP,1763586000000,,0.0,False,11217.48475020021,6458.493104066853,14487.422844474773,,0.44036967741935484,V12_STOP,1763586000000,434,78.67137940770547,,14487.422844474773,2,155.25452976704054,,USD,SHORT,dbf84542311c15f69508f91a0e7311ff7e686d96,V12,ADAUSDT,72.25222199334247,6529.115211745117
0.5,C003698,0.5,[],6520.457260314956,1.6301143150787392,89.91,1763582400000,,1.6344855229858932,90.15109677419355,V12_STOP,1763593200000,,0.0,False,-1864.1435690145993,3260.228630157478,36.2610235808862,,90.15109677419355,V12_STOP,1763593200000,435,-8.742415814307941,,36.2610235808862,1,155.25452976704054,,USD,SHORT,dbf84542311c15f69508f91a0e7311ff7e686d96,V12,LTCUSDT,-12.007015652372573,6515.5196229967805
1.0,C003701,1.0,[],6437.374822085475,3.2186874110427377,90559.6,1763589600000,,3.210079273657255,90317.40516129033,V12_STOP,1763600400000,,0.4193043164345075,False,1749.7643296454391,6437.374822085475,0.07108439990995405,,90317.40516129033,V12_STOP,1763600400000,436,17.21627477096558,,0.07108439990995405,1,156.13398946732278,,USD,SHORT,dbf84542311c15f69508f91a0e7311ff7e686d96,V12,BTCUSDT,11.206812402700097,6529.945122810523
1.25,C003710,1.25,[],6529.945122810523,4.081215701756577,14.41,1763614800000,,3.8744643164489916,13.68,Q102_TIME_EXIT,1763658000000,REV,1.6183252269144401,False,63572.36074570366,8162.431403513154,566.4421515276304,,13.68,Q102_TIME_EXIT,1763658000000,437,413.5027706151704,,566.4421515276304,,156.13398946732278,,USD,SHORT,dbf84542311c15f69508f91a0e7311ff7e686d96,Q102,AVAXUSDT,407.16541582387924,6928.808249277421
0.5,C003722,0.5,[],6635.10624112593,1.6587765602814826,90.46,1763654400000,,1.58303475907981,86.32948387096774,V12_STOP,1763665200000,,0.0,False,23145.582247723843,3317.553120562965,36.67425514661691,,86.32948387096774,V12_STOP,1763665200000,438,151.48360240334546,,36.67425514661691,1,156.13398946732278,,USD,SHORT,dbf84542311c15f69508f91a0e7311ff7e686d96,V12,LTCUSDT,148.24179108398414,7075.154907867841
2.0,C003724,2.0,[],6643.512796698517,6.643512796698517,480.6,1763656200000,,6.643512796698517,480.6,BASIS_CONVERGED,1763667000000,,0.0,False,-2074.556314051501,13287.025593397035,27.64674488846657,,480.6,BASIS_CONVERGED,1763667000000,439,0.0,,27.64674488846657,,156.13398946732278,V50_POST_OPEN_BASIS,USD,LONG,,V52,MSFTUSDT,-13.287025593397034,7068.511395071142
1.0,C003727,1.0,[],7107.818107692214,3.553909053846107,87178.8,1763661600000,,3.5190590464834943,86323.91548387098,V12_STOP,1763672400000,,0.0,False,9778.210638101164,7107.818107692214,0.08153149742474333,,86323.91548387098,V12_STOP,1763672400000,440,69.70001472522637,,0.08153149742474333,1,156.13398946732278,,USD,SHORT,dbf84542311c15f69508f91a0e7311ff7e686d96,V12,BTCUSDT,62.627046624896764,7131.145380215326
1.0,C003731,1.0,[],7093.94106911792,3.54697053455896,2.0055,1763668800000,,3.5277439066543046,1.9946290322580644,V12_STOP,1763679600000,,0.0,False,4899.25684746653,7093.94106911792,3537.2431159899875,,1.9946290322580644,V12_STOP,1763679600000,441,38.45325580931104,,3537.2431159899875,2,156.13398946732278,,USD,SHORT,dbf84542311c15f69508f91a0e7311ff7e686d96,V12,XRPUSDT,31.378541368097775,7166.070892117983
1.0,C003738,1.0,[],7166.070892117983,3.5830354460589917,866.7,1763683200000,,3.5857860979238856,867.3653548387097,V12_STOP,1763694000000,,0.3102368822514269,False,-1948.0188869280428,7166.070892117983,8.268225328392734,,867.3653548387097,V12_STOP,1763694000000,442,-5.501303729787526,,8.268225328392734,1,157.60812923397603,,USD,SHORT,dbf84542311c15f69508f91a0e7311ff7e686d96,V12,BNBUSDT,-12.359888391518975,7150.510291492647
0.9994997498749376,C003739,1.0,[],7162.487856671924,3.5794524106129333,86595.0,1763683200000,,3.588539725760987,86814.84258064516,V12_STOP,1763694000000,,0.3787401767964985,False,-3934.5107807355953,7158.904821225867,0.08267111058636026,,86814.84258064516,V12_STOP,1763694000000,443,-18.174630296106514,,0.08267111058636026,2,157.60812923397603,,USD,SHORT,dbf84542311c15f69508f91a0e7311ff7e686d96,V12,BTCUSDT,-24.963882255683938,7128.74712147078
1.0,C003745,1.0,[],7128.74712147078,3.5643735607353904,1.9789,1763697600000,,3.538590988080319,1.9645858064516128,V12_STOP,1763708400000,,0.0,False,7007.601131455616,7128.74712147078,3602.378655551458,,1.9645858064516128,V12_STOP,1763708400000,444,51.56514531014263,,3602.378655551458,2,157.60812923397603,,USD,SHORT,dbf84542311c15f69508f91a0e7311ff7e686d96,V12,XRPUSDT,44.46218076132692,7169.654977326512
0.9982853078818241,C003748,1.0,[],7120.859893523383,3.554324905594662,0.4234,1763704800000,,3.2912808699262137,0.3920655419354839,V12_TAKE_PROFIT,1763712000000,,0.0,False,81836.83361596576,7108.649811189324,16789.442161524148,,0.3920655419354839,V12_TAKE_PROFIT,1763712000000,445,526.0880713368973,,16789.442161524148,2,157.60812923397603,,USD,SHORT,dbf84542311c15f69508f91a0e7311ff7e686d96,V12,ADAUSDT,519.2424655613764,7692.451767793484
1.0,C003753,1.0,[],7692.451767793484,3.846225883896742,84000.1,1763712000000,,3.7724534391090896,82388.93806451613,V12_STOP,1763722800000,,0.24761972761988219,False,22092.53511069635,7692.451767793484,0.09157669773956796,,82388.93806451613,V12_STOP,1763722800000,446,147.54488957530427,,0.09157669773956796,1,157.60812923397603,,USD,SHORT,dbf84542311c15f69508f91a0e7311ff7e686d96,V12,BTCUSDT,140.1738299799183,7828.78321811539
0.9994997498749376,C003752,1.0,[],7688.605541909587,3.842379658012846,832.25,1763712000000,,3.7682353093868417,816.1905161290322,V12_STOP,1763722800000,,0.0,False,22172.009373100587,7684.759316025692,9.233715008742195,,816.1905161290322,V12_STOP,1763722800000,447,148.2886972520088,,9.233715008742195,2,157.60812923397603,,USD,SHORT,dbf84542311c15f69508f91a0e7311ff7e686d96,V12,BNBUSDT,140.6780822846091,7973.303680058012
1.0,C003764,1.0,[],7973.303680058012,3.986651840029006,823.3,1763733600000,,3.94668831976005,815.0469677419355,V12_STOP,1763744400000,,0.0,False,11346.79243322727,7973.303680058012,9.684566597908432,,815.0469677419355,V12_STOP,1763744400000,448,79.92704053791151,,9.684566597908432,1,157.60812923397603,,USD,SHORT,dbf84542311c15f69508f91a0e7311ff7e686d96,V12,BNBUSDT,71.99370037812244,8043.6952544639935
0.5,C003765,0.5,[],7969.3170282179835,1.992329257054496,83.43,1763733600000,,1.9581080884815032,81.99696774193549,V12_STOP,1763744400000,,0.3902032849127468,False,10225.946888049986,3984.6585141089918,47.76049998932029,,81.99696774193549,V12_STOP,1763744400000,449,68.44233714598587,,47.76049998932029,2,157.60812923397603,,USD,SHORT,dbf84542311c15f69508f91a0e7311ff7e686d96,V12,LTCUSDT,64.88210308536262,8110.179483521498
2.0,C003775,2.0,[],8114.6524479159325,8.114652447915933,216.44,1763749800000,,8.248871888701087,220.02,BASIS_CONVERGED,1763757000000,,0.0,False,39729.12547958884,16229.304895831865,74.98292781293598,,220.02,BASIS_CONVERGED,1763757000000,451,268.43888157031176,,74.98292781293598,,157.60812923397603,V50_POST_OPEN_BASIS,USD,LONG,,V52,AMZNUSDT,252.07535723369475,8356.065498587024
1.0,C003773,1.0,[],8110.179483521498,4.0550897417607485,1.902,1763748000000,,3.977869587050106,1.8657806451612904,V12_STOP,1763758800000,,0.0,False,23074.98855417889,8110.179483521498,4264.027068097528,,1.8657806451612904,V12_STOP,1763758800000,450,154.4403094212866,,4264.027068097528,1,157.60812923397603,,USD,SHORT,dbf84542311c15f69508f91a0e7311ff7e686d96,V12,NEARUSDT,146.40735009247575,8506.52793842126
0.5,C003777,0.5,[],8537.009705626033,2.1342524264065084,82.85,1763755200000,,2.106972951781137,81.79103225806452,V12_STOP,1763766000000,,0.0,False,7930.4823268651535,4268.504852813016,51.52087933389278,,81.79103225806452,V12_STOP,1763766000000,452,54.55894925074255,,51.52087933389278,1,157.60812923397603,,USD,SHORT,dbf84542311c15f69508f91a0e7311ff7e686d96,V12,LTCUSDT,50.3177238725549,8558.979914720223
1.0,C003786,1.0,[],8558.979914720223,4.279489957360112,13.3,1763776800000,,4.270563541247258,13.27225806451613,V12_STOP,1763794800000,,0.0,False,1458.0813602128821,8558.979914720223,643.5323244150543,,13.27225806451613,V12_STOP,1763794800000,453,17.852832225707726,,643.5323244150543,1,156.73611111111111,,USD,SHORT,dbf84542311c15f69508f91a0e7311ff7e686d96,V12,AVAXUSDT,9.302778727100355,8563.992472588454
1.0,C003792,1.0,[],8580.441717739466,4.290220858869733,1.846,1763791200000,,4.286667291108394,1.8444709677419355,V12_STOP,1763805600000,,0.8552552958093509,False,-96.31392202577332,8580.441717739466,4648.126607659516,,1.8444709677419355,V12_STOP,1763805600000,454,7.107135522679571,,4648.126607659516,1,156.73611111111111,,USD,SHORT,dbf84542311c15f69508f91a0e7311ff7e686d96,V12,NEARUSDT,-0.614497331489205,8567.668196115836
0.5,C003797,0.5,[],8567.668196115836,2.141917049028959,0.138025,1763805600000,,2.122951751499619,0.13680287741935485,V12_STOP,1763816400000,,0.0,False,5276.635011433848,4283.834098057918,31036.653490729343,,0.13680287741935485,V12_STOP,1763816400000,455,37.93059505867985,,31036.653490729343,1,156.73611111111111,,USD,SHORT,dbf84542311c15f69508f91a0e7311ff7e686d96,V12,DOGEUSDT,33.66572625815127,8597.052555883862
1.0,C003800,1.0,[],8562.732980252642,4.281366490126321,2.475,1763812800000,,4.254380907400677,2.4594,V12_STOP,1763830800000,,-1.8342478376778855,False,6833.87785956272,8562.732980252642,3459.6900930313705,,2.4594,V12_STOP,1763830800000,456,53.97116545128958,,3459.6900930313705,1,156.73611111111111,,USD,SHORT,dbf84542311c15f69508f91a0e7311ff7e686d96,V12,ATOMUSDT,43.6011702160847,8639.94803586737
1.0,C003803,1.0,[],8704.302948767834,4.352151474383917,13.13,1763820000000,,4.36643659923903,13.173096774193548,V12_STOP,1763830800000,,-0.6349052483184315,False,-5944.020001639059,8704.302948767834,662.9324408810231,,13.173096774193548,V12_STOP,1763830800000,457,-28.5702497102263,,662.9324408810231,1,156.73611111111111,,USD,SHORT,dbf84542311c15f69508f91a0e7311ff7e686d96,V12,AVAXUSDT,-37.92374303216768,8607.011349557904
0.5,C003811,0.5,[],8607.011349557904,2.151752837389476,81.98,1763834400000,,2.1571834863672033,82.18690322580646,V12_STOP,1763845200000,,0.0,False,-2377.723525568025,4303.505674778952,52.49458007781107,,82.18690322580646,V12_STOP,1763845200000,458,-10.861297955454468,,52.49458007781107,2,156.73611111111111,,USD,SHORT,dbf84542311c15f69508f91a0e7311ff7e686d96,V12,LTCUSDT,-15.170234279211147,8587.546559667346
1.0,C003814,1.0,[],8589.11122269717,4.294555611348586,11.994,1763841600000,,4.298103857202174,12.003909677419355,V12_STOP,1763852400000,,0.0,False,-2459.0565419179898,8589.11122269717,716.1173272217085,,12.003909677419355,V12_STOP,1763852400000,459,-7.096491707177662,,716.1173272217085,1,156.73611111111111,,USD,SHORT,dbf84542311c15f69508f91a0e7311ff7e686d96,V12,LINKUSDT,-15.689151175728423,8576.151964102966
1.0,C003820,1.0,[],8576.151964102966,4.288075982051483,2.513,1763856000000,,4.308816480235597,2.5251548387096774,V12_STOP,1763866800000,,-2.78862942189146,False,-8286.092478866673,8576.151964102966,3412.714669360512,,2.5251548387096774,V12_STOP,1763866800000,460,-41.480996368227345,,3412.714669360512,2,156.73611111111111,,USD,SHORT,dbf84542311c15f69508f91a0e7311ff7e686d96,V12,ATOMUSDT,-52.86651825240588,8519.081232653974
0.9871496091561256,C003825,1.0,[],8517.884538658616,4.204213196586929,1.879,1763863200000,,4.222502740167336,1.887174193548387,V12_STOP,1763874000000,,0.0,False,-7054.034554945182,8408.426393173859,4474.947521646545,,1.887174193548387,V12_STOP,1763874000000,461,-36.57908716081358,,4474.947521646545,1,156.73611111111111,,USD,SHORT,dbf84542311c15f69508f91a0e7311ff7e686d96,V12,NEARUSDT,-45.00580309756784,8478.279642752994
1.0,C003832,1.0,[],8478.279642752994,4.239139821376497,13.3,1763884800000,,4.225362359914832,13.256774193548388,V12_STOP,1763902800000,,0.0,False,2992.1583065820296,8478.279642752994,637.4646347934581,,13.256774193548388,V12_STOP,1763902800000,462,27.554922923329976,,637.4646347934581,1,156.73611111111111,,USD,SHORT,dbf84542311c15f69508f91a0e7311ff7e686d96,V12,AVAXUSDT,19.090420742038646,8493.135162813478
0.9994997498749374,C003833,1.0,[],8474.040502931617,4.2349006815551204,1.859,1763884800000,,4.203390063424478,1.845167741935484,V12_STOP,1763902800000,,0.0,False,8555.118613215522,8469.80136311024,4556.106166277698,,1.845167741935484,V12_STOP,1763902800000,463,63.02123626128598,,4556.106166277698,2,156.73611111111111,,USD,SHORT,dbf84542311c15f69508f91a0e7311ff7e686d96,V12,NEARUSDT,54.58294551630638,8551.95300901134
1.0,C003886,1.0,[],8509.863221803109,4.254931610901554,178.33,1764036000000,,4.275269460970467,179.1823870967742,V12_STOP,1764046800000,,0.0,False,5046.264155173063,8509.863221803109,47.71975114564632,,179.1823870967742,V12_STOP,1764046800000,465,40.67570013782382,,47.71975114564632,1,156.98198198198196,,USD,LONG,dbf84542311c15f69508f91a0e7311ff7e686d96,V12,AAVEUSDT,32.145499065951796,8577.438119754224
0.9994997498749374,C003887,1.0,[],8505.608290192207,4.2506766792906525,2.2479,1764036000000,,4.255513862965563,2.250458064516129,V12_STOP,1764046800000,,0.0,False,183.38271055675295,8501.353358581306,3781.909052262692,,2.250458064516129,V12_STOP,1764046800000,466,9.674367349820036,,3781.909052262692,2,156.98198198198196,,USD,LONG,dbf84542311c15f69508f91a0e7311ff7e686d96,V12,XRPUSDT,1.168176807563821,8582.85697324108
1.0,C003898,1.0,[],8490.045949039475,4.245022974519737,5.743,1764050400000,,4.231932605807131,5.725290322580645,V12_STOP,1764061200000,,-0.8413172818384755,False,-5572.704993311274,8490.045949039475,1478.329435667678,,5.725290322580645,V12_STOP,1764061200000,467,-26.18073742521207,,1478.329435667678,2,156.98198198198196,,USD,LONG,dbf84542311c15f69508f91a0e7311ff7e686d96,V12,INJUSDT,-35.499010287377416,8547.593585781258
1.0,C003920,1.0,[],8420.636390132171,4.210318195066086,14.21,1764115200000,,4.2308484066004475,14.279290322580646,V12_STOP,1764126000000,,-0.8391007127675688,False,4963.878193393755,8420.636390132171,592.585249129639,,14.279290322580646,V12_STOP,1764126000000,468,41.060423068724795,,592.585249129639,1,156.194268894468,,USD,LONG,dbf84542311c15f69508f91a0e7311ff7e686d96,V12,AVAXUSDT,31.780155754290693,8575.338914648799
0.9994997498749374,C003919,1.0,[],8416.426071937105,4.20610787687102,178.79,1764115200000,,4.236035232668195,180.06212903225807,V12_STOP,1764126000000,,-0.8443739801815239,False,7898.462169963985,8412.215753742039,47.05081801969931,,180.06212903225807,V12_STOP,1764126000000,469,59.85471159435104,,47.05081801969931,2,156.194268894468,,USD,LONG,dbf84542311c15f69508f91a0e7311ff7e686d96,V12,AAVEUSDT,50.568194504630306,8630.957591010481
1.0,C003944,1.0,[],8599.36756427099,4.299683782135495,2.2348,1764180000000,,4.318181183280257,2.2444141935483874,V12_STOP,1764190800000,,0.0,False,4432.314978803165,8599.36756427099,3847.9360856770136,,2.2444141935483874,V12_STOP,1764190800000,470,36.99480228952359,,3847.9360856770136,1,156.194268894468,,USD,LONG,dbf84542311c15f69508f91a0e7311ff7e686d96,V12,XRPUSDT,28.37693732410784,8657.877829999446
0.5,C003943,0.5,[],8595.067880488854,2.1487669701222134,0.155655,1764180000000,,2.156153451906642,0.15619007096774193,V12_STOP,1764190800000,,0.0,False,1635.0483460745534,4297.533940244427,27609.353636211028,,0.15619007096774193,V12_STOP,1764190800000,471,14.772963568856905,,27609.353636211028,2,156.194268894468,,USD,LONG,dbf84542311c15f69508f91a0e7311ff7e686d96,V12,DOGEUSDT,10.46804314682805,8670.494640116396
1.0,C003952,1.0,[],8585.75413975841,4.292877069879205,143.4538,1764194400000,,4.294005827384951,143.49151935483872,V12_STOP,1764205200000,,-0.3851597096790717,False,-1050.301288987083,8585.75413975841,59.85030818115944,,143.49151935483872,V12_STOP,1764205200000,472,2.257515011491542,,59.85030818115944,2,156.42221646367798,,USD,LONG,dbf84542311c15f69508f91a0e7311ff7e686d96,V12,SOLUSDT,-6.7145275954516865,8659.087062460065
1.0,C003956,1.0,[],8591.957458932244,4.295978729466122,185.39,1764201600000,,4.316005884447141,186.25425806451614,V12_STOP,1764212400000,,-0.8604007240146563,False,4783.692433428142,8591.957458932244,46.34531236276091,,186.25425806451614,V12_STOP,1764212400000,473,40.05430996203615,,46.34531236276091,1,156.42221646367798,,USD,LONG,dbf84542311c15f69508f91a0e7311ff7e686d96,V12,AAVEUSDT,30.581924624108236,8690.537465474
0.9942545323327472,C003960,1.0,[],8625.358847683767,4.287901063652973,3050.6,1764208800000,,4.3011428350044945,3060.0207741935483,V12_STOP,1764219600000,,0.0,False,2799.097165488522,8575.802127305946,2.811185382320182,,3060.0207741935483,V12_STOP,1764219600000,474,26.48354270304237,,2.811185382320182,1,156.42221646367798,,USD,LONG,dbf84542311c15f69508f91a0e7311ff7e686d96,V12,ETHUSDT,17.894498804384902,8710.579764050663
0.5,C003963,0.5,[],8560.40516550227,2.1401012913755677,0.153835,1764216000000,,2.145797894626164,0.15424448387096773,V12_STOP,1764226800000,,0.0,False,1111.7407633307187,4280.202582751135,27823.3339795959,,0.15424448387096773,V12_STOP,1764226800000,475,11.393206501192923,,27823.3339795959,2,156.42221646367798,,USD,LONG,dbf84542311c15f69508f91a0e7311ff7e686d96,V12,DOGEUSDT,7.107307315191192,8719.82717265723
1.0,C003970,1.0,[],8666.20593969658,4.33310296984829,5.992,1764230400000,,4.387721640406899,6.067529032258064,V12_STOP,1764241200000,,0.0,False,15723.016303227003,8666.20593969658,1446.2960513512317,,6.067529032258064,V12_STOP,1764241200000,476,109.23734111721802,,1446.2960513512317,1,156.42221646367798,,USD,LONG,dbf84542311c15f69508f91a0e7311ff7e686d96,V12,INJUSDT,100.51651650696284,8816.509390316483
1.0,C003973,1.0,[],8705.66000932287,4.352830004661435,182.12,1764237600000,,4.372373222348135,182.93767741935483,V12_STOP,1764248400000,,0.0,False,4749.17122690666,8705.66000932287,47.801779097973146,,182.93767741935483,V12_STOP,1764248400000,477,39.086435373399986,,47.801779097973146,1,156.42221646367798,,USD,LONG,dbf84542311c15f69508f91a0e7311ff7e686d96,V12,AAVEUSDT,30.361232146390417,8846.800977892823
1.0,C003977,1.0,[],8844.949149423208,4.422474574711604,1.916,1764244800000,,4.412288795840627,1.9115870967741935,V12_STOP,1764255600000,,0.0,False,-4568.517483168126,8844.949149423208,4616.3617690100255,,1.9115870967741935,V12_STOP,1764255600000,478,-20.371557741953925,,4616.3617690100255,1,156.42221646367798,,USD,LONG,dbf84542311c15f69508f91a0e7311ff7e686d96,V12,NEARUSDT,-29.206321112506156,8822.017131355027
0.6,C003870,0.6,[],8551.95300901134,2.5655859027034023,1.5259,1764010800000,,2.653352849502745,1.5781,Q102_TIME_EXIT,1764270000000,HIGH_VOL,3.6020335554241982,False,-27710.320595898185,5131.171805406804,3362.7182681740637,,1.5781,Q102_TIME_EXIT,1764270000000,464,-175.5338935986862,,3362.7182681740637,,156.42221646367798,,USD,SHORT,dbf84542311c15f69508f91a0e7311ff7e686d96,Q102,SUIUSDT,-177.15079879546815,8639.978743846934
1.0,C003982,1.0,[],8744.186748020678,4.37209337401034,6.028,1764259200000,,4.5467075790583635,6.268748387096775,V12_STOP,1764277200000,,0.0,False,53231.98334603265,8744.186748020678,1450.5950146019707,,6.268748387096775,V12_STOP,1764277200000,479,349.2284100960473,,1450.5950146019707,1,156.42221646367798,,USD,LONG,dbf84542311c15f69508f91a0e7311ff7e686d96,V12,INJUSDT,340.3096091429786,8980.203983642188
0.9884433334852132,C003988,1.0,[],9017.133447643448,4.456462721734852,0.4361,1764273600000,,4.469971449559685,0.4374219354838709,V12_STOP,1764284400000,,0.0,False,2829.83767773865,8912.925443469703,20437.801979980977,,0.4374219354838709,V12_STOP,1764284400000,480,27.0174556496646,,20437.801979980977,2,156.42221646367798,,USD,LONG,dbf84542311c15f69508f91a0e7311ff7e686d96,V12,ADAUSDT,18.091021478370067,9002.751467842292
1.0,C003994,1.0,[],9002.751467842292,4.501375733921146,6.165,1764288000000,,4.487107186608746,6.145458064516129,V12_STOP,1764298800000,,0.0,False,-5865.922103603419,9002.751467842292,1460.30031919583,,6.145458064516129,V12_STOP,1764298800000,481,-28.537094624801234,,1460.30031919583,1,156.31796996374936,,USD,LONG,dbf84542311c15f69508f91a0e7311ff7e686d96,V12,INJUSDT,-37.525577545331124,8965.22589029696
1.0,C004000,1.0,[],8965.22589029696,4.482612945148481,893.0,1764302400000,,4.5011987461004646,896.7025548387097,V12_STOP,1764313200000,,0.0,False,4406.258143816497,8965.22589029696,10.03944668566289,,896.7025548387097,V12_STOP,1764313200000,482,37.17160190396935,,10.03944668566289,2,156.31796996374936,,USD,LONG,dbf84542311c15f69508f91a0e7311ff7e686d96,V12,BNBUSDT,28.187790212720408,8988.921745938283
0.9995012864352704,C004003,1.0,[],8988.351755737385,4.4919345713961185,91583.7,1764309600000,,4.483407110301515,91409.83806451612,V12_STOP,1764320400000,,-0.6131930531561314,False,-4164.851099185835,8983.869142792237,0.09809462975171605,,91409.83806451612,V12_STOP,1764320400000,483,-17.054922189207346,,0.09809462975171605,1,156.31796996374936,,USD,LONG,dbf84542311c15f69508f91a0e7311ff7e686d96,V12,BTCUSDT,-26.643456924061113,8963.557324339974
1.0,C004006,1.0,[],8919.892554982001,4.459946277491001,138.875,1764316800000,,4.565575105908832,142.16409870967743,V12_STOP,1764327600000,,1.2470470318450755,False,31807.452735799037,8919.892554982001,64.22964936080649,,142.16409870967743,V12_STOP,1764327600000,484,211.25765683566254,,64.22964936080649,1,156.31796996374936,,USD,LONG,dbf84542311c15f69508f91a0e7311ff7e686d96,V12,SOLUSDT,203.47918248410778,9165.680185162919
1.0,C004010,1.0,[],9138.441813619578,4.5692209068097895,6.208,1764324000000,,4.584967016436266,6.229393548387097,V12_STOP,1764334800000,,0.0,False,3491.835710446502,9138.441813619578,1472.042817915525,,6.229393548387097,V12_STOP,1764334800000,485,31.49221925295351,,1472.042817915525,2,156.31796996374936,,USD,LONG,dbf84542311c15f69508f91a0e7311ff7e686d96,V12,INJUSDT,22.338031329707455,9192.587437399436
1.0,C004060,1.0,[],8954.93802113081,4.477469010565406,90932.0,1764489600000,,4.503188711340057,91454.33612903226,V12_STOP,1764500400000,,0.0,False,6628.718115954834,8954.93802113081,0.0984795013980866,,91454.33612903226,V12_STOP,1764500400000,487,51.439401549304044,,0.0984795013980866,1,156.1213902818606,,USD,LONG,dbf84542311c15f69508f91a0e7311ff7e686d96,V12,BTCUSDT,42.45874382739858,9232.299598921274
1.0,C004081,1.0,[],10075.397755742362,5.037698877871181,1.71,1764554400000,,4.909404339385497,1.6664516129032259,V12_STOP,1764572400000,,0.0,False,38506.087844353875,10075.397755742362,5892.045471194364,,1.6664516129032259,V12_STOP,1764572400000,488,256.589076971367,,5892.045471194364,1,156.1213902818606,,USD,SHORT,dbf84542311c15f69508f91a0e7311ff7e686d96,V12,NEARUSDT,246.6419737541103,9475.989828663804
1.0,C004085,1.0,[],10440.250409926228,5.220125204963114,12.93,1764561600000,,5.210722389809599,12.906709677419354,V12_STOP,1764572400000,,0.0,False,1307.482720346167,10440.250409926228,807.4439605511391,,12.906709677419354,V12_STOP,1764572400000,489,18.805630307030437,,807.4439605511391,1,156.1213902818606,,USD,SHORT,dbf84542311c15f69508f91a0e7311ff7e686d96,V12,AVAXUSDT,8.374782712257723,9489.584736581024
1.0,C004095,1.0,[],10401.5504549182,5.200775227459101,166.26,1764583200000,,5.216898048416625,166.7754193548387,V12_STOP,1764594000000,,0.0,False,-6660.656081640591,10401.5504549182,62.56195389701793,,166.7754193548387,V12_STOP,1764594000000,490,-32.24564191505027,,62.56195389701793,1,156.1213902818606,,USD,SHORT,dbf84542311c15f69508f91a0e7311ff7e686d96,V12,AAVEUSDT,-42.663315190926,9446.389988649915
1.0,C004100,1.0,[],10413.986138656628,5.206993069328314,12.8,1764597600000,,5.148624356696327,12.656516129032257,V12_STOP,1764608400000,,-0.39191653725300174,False,16547.289185688172,10413.986138656628,813.592667082549,,12.656516129032257,V12_STOP,1764608400000,491,116.73742526397513,,813.592667082549,1,156.1213902818606,,USD,SHORT,dbf84542311c15f69508f91a0e7311ff7e686d96,V12,AVAXUSDT,105.98989130069748,9548.62256788235
0.9994997498749374,C004101,1.0,[],10408.7791455873,5.201786076258985,1.612,1764597600000,,5.134145785849294,1.5910387096774194,V12_STOP,1764608400000,,1.0397118323639238,False,19668.853560249823,10403.57215251797,6453.828878733232,,1.5910387096774194,V12_STOP,1764608400000,492,135.28058081938244,,6453.828878733232,2,156.1213902818606,,USD,SHORT,dbf84542311c15f69508f91a0e7311ff7e686d96,V12,NEARUSDT,125.98436078963807,9678.769002915884
1.0,C004045,1.0,[],9192.587437399436,4.596293718699718,0.01084,1764439200000,SHORT_V20,4.122654979259096,0.00972296,SHORT_TRAILING_STOP,1764630000000,,4.3906296560121225,False,147214.5337992234,9192.587437399436,848024.6713468113,,0.00972296,SHORT_TRAILING_STOP,1764630000000,486,947.2774788812434,,848024.6713468113,,156.1213902818606,SHORT_V20,USD,SHORT,dbf84542311c15f69508f91a0e7311ff7e686d96,PENGU,PENGUUSDT,942.9491598392967,10611.4599210889
1.0,C004111,1.0,[],10868.547616815462,5.434273808407731,123.775,1764619200000,,5.449661073255967,124.12547161290323,V12_STOP,1764630000000,,0.0,False,-6503.777406946119,10868.547616815462,87.80890823522894,,124.12547161290323,V12_STOP,1764630000000,493,-30.774529696471557,,87.80890823522894,1,156.1213902818606,,USD,SHORT,dbf84542311c15f69508f91a0e7311ff7e686d96,V12,SOLUSDT,-41.65846457813525,10575.235730319171
0.9994997498749376,C004110,1.0,[],10863.113343007055,5.428839534599324,11.855,1764619200000,,5.445121399975402,11.890554838709678,V12_STOP,1764630000000,,0.0,False,-6781.552816767033,10857.679069198648,915.8733925937282,,11.890554838709678,V12_STOP,1764630000000,494,-32.563730752154804,,915.8733925937282,2,156.1213902818606,,USD,SHORT,dbf84542311c15f69508f91a0e7311ff7e686d96,V12,LINKUSDT,-43.43769168672953,10537.226878167041
1.0,C004122,1.0,[],10537.226878167041,5.268613439083521,170.14,1764648000000,,5.24901673912714,169.50716129032259,V12_STOP,1764666000000,,1.0466623618256907,False,4601.030446792698,10537.226878167041,61.93268413169767,,169.50716129032259,V12_STOP,1764666000000,495,39.19339991276159,,61.93268413169767,1,154.79993130688646,,USD,SHORT,dbf84542311c15f69508f91a0e7311ff7e686d96,V12,AAVEUSDT,29.722432096376618,10566.949310263417
1.0,C004131,1.0,[],10566.949310263417,5.283474655131709,5.288,1764676800000,,5.284228847868338,5.288754838709678,V12_STOP,1764687600000,,0.0,False,-1869.3777439805217,10566.949310263417,1998.2884474779532,,5.288754838709678,V12_STOP,1764687600000,496,-1.5083854732575288,,1998.2884474779532,1,154.79993130688646,,USD,SHORT,dbf84542311c15f69508f91a0e7311ff7e686d96,V12,INJUSDT,-12.076088976257576,10554.873221287158
1.0,C004135,1.0,[],10554.873221287158,5.277436610643579,0.010914,1764687600000,LONG_V2_FINAL,5.988246491831041,0.012383990000000001,LONG_TRAILING_STOP,1764702000000,,-0.5833999698315446,False,218232.40431450785,10554.873221287158,967094.8526009857,,0.012383990000000001,LONG_TRAILING_STOP,1764702000000,497,1421.6197623749238,,967094.8526009857,,154.79993130688646,BASE_V64_LONG,USD,LONG,dbf84542311c15f69508f91a0e7311ff7e686d96,PENGU,PENGUUSDT,1409.7706793026175,11961.14525902176
1.0,C004158,1.0,[],12016.62387470348,6.00831193735174,13.945,1764734400000,,6.130086248575097,14.227632258064515,V12_STOP,1764745200000,,0.0,False,36116.25387421218,12016.62387470348,861.715588003118,,14.227632258064515,V12_STOP,1764745200000,499,243.5486224467126,,861.715588003118,1,156.07026003099708,,USD,LONG,dbf84542311c15f69508f91a0e7311ff7e686d96,V12,LINKUSDT,231.41022426078575,12187.245676203007
0.9994997498749374,C004157,1.0,[],12010.615562766128,6.002303625414388,0.4372,1764734400000,,6.0765020397668605,0.44260451612903223,V12_STOP,1764745200000,,0.0,False,21275.18930272728,12004.607250828776,27457.930582865454,,0.44260451612903223,V12_STOP,1764745200000,500,148.39682870494437,,27457.930582865454,2,156.07026003099708,,USD,LONG,dbf84542311c15f69508f91a0e7311ff7e686d96,V12,ADAUSDT,136.31802303976312,12329.566002868185
1.0,C004173,1.0,[],12343.131340605969,6.171565670302985,14.594,1764770400000,,6.1830408258946745,14.621135483870967,V12_STOP,1764781200000,,-1.2188355882518338,False,1463.4503985467136,12343.131340605969,845.7675305335048,,14.621135483870967,V12_STOP,1764781200000,501,22.950311183380055,,845.7675305335048,1,156.07026003099708,,USD,LONG,dbf84542311c15f69508f91a0e7311ff7e686d96,V12,LINKUSDT,9.376869098930559,12340.05861199247
1.0,C004190,1.0,[],12184.466033646666,6.092233016823333,14.515,1764799200000,,6.165670443919329,14.689967741935485,V12_STOP,1764810000000,,-1.229191430455998,False,20723.80271344515,12184.466033646666,839.4396165102767,,14.689967741935485,V12_STOP,1764810000000,502,146.87485419199194,,839.4396165102767,1,155.36510113129927,,USD,LONG,dbf84542311c15f69508f91a0e7311ff7e686d96,V12,LINKUSDT,133.38775930079328,12467.341989547509
0.9994997498749374,C004189,1.0,[],12178.373800629843,6.086140783806509,0.4533,1764799200000,,6.069102378816939,0.4520309677419355,V12_STOP,1764810000000,,-0.6523004855403793,False,-7284.19234278173,12172.281567613018,26852.595560584643,,0.4520309677419355,V12_STOP,1764810000000,503,-34.07680997914048,,26852.595560584643,2,155.36510113129927,,USD,LONG,dbf84542311c15f69508f91a0e7311ff7e686d96,V12,ADAUSDT,-46.8843536273043,12427.196077189552
1.0,C004201,1.0,[],12282.560722670918,6.141280361335459,196.85,1764813600000,,6.182495630193872,198.17109677419356,V12_STOP,1764824400000,,0.0,False,10892.14412543855,12282.560722670918,62.39553326223479,,198.17109677419356,V12_STOP,1764824400000,504,82.43053771682557,,62.39553326223479,2,155.36510113129927,,USD,LONG,dbf84542311c15f69508f91a0e7311ff7e686d96,V12,AAVEUSDT,70.10676172529624,12497.30283891485
1.0,C004210,1.0,[],12403.070714001195,6.201535357000598,3184.15,1764828000000,,6.24915420001471,3208.5996774193545,V12_STOP,1764838800000,,-1.2422274312644483,False,12669.211288619465,12403.070714001195,3.895253274500634,,3208.5996774193545,V12_STOP,1764838800000,505,95.23768602822456,,3.895253274500634,1,155.36510113129927,,USD,LONG,dbf84542311c15f69508f91a0e7311ff7e686d96,V12,ETHUSDT,81.5447690399448,12573.402974707877
0.9957354584171061,C004214,1.0,[],12369.523963342206,6.158386807019966,193.28,1764835200000,,6.179724413519935,193.94967741935483,V12_STOP,1764846000000,,0.0,False,4713.326885986595,12316.77361403993,63.725029046150304,,193.94967741935483,V12_STOP,1764846000000,506,42.675212999937294,,63.725029046150304,2,155.36510113129927,,USD,LONG,dbf84542311c15f69508f91a0e7311ff7e686d96,V12,AAVEUSDT,30.337101779397393,12603.662972362112
1.0,C004221,1.0,[],12470.981864364428,6.2354909321822145,14.643,1764842400000,,6.21735314042252,14.600406451612903,V12_STOP,1764853200000,,0.0,False,-7570.697080799406,12470.981864364428,851.6685012882898,,14.600406451612903,V12_STOP,1764853200000,507,-36.27558351938968,,851.6685012882898,2,155.36510113129927,,USD,LONG,dbf84542311c15f69508f91a0e7311ff7e686d96,V12,LINKUSDT,-48.72842759199441,12561.1700357023
1.0,C004232,1.0,[],12355.023247024852,6.1775116235124266,3206.7,1764864000000,,6.19459727226769,3215.569032258065,V12_STOP,1764874800000,,0.0,False,3386.8331437104457,12355.023247024852,3.8528778017977525,,3215.569032258065,V12_STOP,1764874800000,508,34.17129751052718,,3.8528778017977525,1,155.36510113129927,,USD,LONG,dbf84542311c15f69508f91a0e7311ff7e686d96,V12,ETHUSDT,21.799188614747067,12576.646909478492
0.9994997498749374,C004231,1.0,[],12348.845735401339,6.171334111888913,0.4502,1764864000000,,6.165134565862868,0.44974774193548384,V12_STOP,1764874800000,,0.0,False,-3843.042894331218,12342.668223777826,27415.96673429104,,0.44974774193548384,V12_STOP,1764874800000,509,-12.399092052089712,,27415.96673429104,2,155.36510113129927,,USD,LONG,dbf84542311c15f69508f91a0e7311ff7e686d96,V12,ADAUSDT,-24.73556072984149,12558.082682860539
1.0,C004241,1.0,[],12518.63667708273,6.259318338541365,0.4385,1764885600000,,6.278713085179049,0.43985870967741936,V12_STOP,1764896400000,,-0.6345795995853303,False,3964.6220560688985,12518.63667708273,28548.77235366643,,0.43985870967741936,V12_STOP,1764896400000,510,38.789493275368756,,28548.77235366643,1,154.7659866278073,,USD,LONG,dbf84542311c15f69508f91a0e7311ff7e686d96,V12,ADAUSDT,25.61688225206301,12575.970976774322
0.9994997498749374,C004242,1.0,[],12512.377358744188,6.253059020202824,14.42,1764885600000,,6.2528072304342155,14.41941935483871,V12_STOP,1764896400000,,-0.2261106141705341,False,-2048.413945127352,12506.118040405647,867.275869653651,,14.41941935483871,V12_STOP,1764896400000,511,-0.5035795372171747,,867.275869653651,2,154.7659866278073,,USD,LONG,dbf84542311c15f69508f91a0e7311ff7e686d96,V12,AVAXUSDT,-13.235556402024748,12569.214590006672
1.0,C004250,1.0,[],12602.086261488179,6.301043130744089,14.252,1764907200000,,6.293133525481419,14.234109677419355,V12_STOP,1764918000000,,0.0,False,-4397.425900592955,12602.086261488179,884.232827777728,,14.234109677419355,V12_STOP,1764918000000,512,-15.81921052534049,,884.232827777728,1,154.7659866278073,,USD,LONG,dbf84542311c15f69508f91a0e7311ff7e686d96,V12,LINKUSDT,-28.413387181565998,12534.506460737492
0.9994997498749374,C004249,1.0,[],12595.785218357434,6.294742087613344,192.27,1764907200000,,6.274988807866161,191.66664516129032,V12_STOP,1764918000000,,0.0,False,-8059.63846210093,12589.48417522669,65.47815142885884,,191.66664516129032,V12_STOP,1764918000000,513,-39.50655949436788,,65.47815142885884,2,154.7659866278073,,USD,LONG,dbf84542311c15f69508f91a0e7311ff7e686d96,V12,AAVEUSDT,-52.07629038984738,12488.724912435258
1.0,C004259,1.0,[],12544.145708731487,6.272072854365743,891.35,1764928800000,,6.293312352911262,894.3684322580644,V12_STOP,1764939600000,,0.0,False,4629.609656791362,12544.145708731487,14.073198753274793,,894.3684322580644,V12_STOP,1764939600000,514,42.478997091036646,,14.073198753274793,1,154.7659866278073,,USD,LONG,dbf84542311c15f69508f91a0e7311ff7e686d96,V12,BNBUSDT,29.91361188375964,12513.00740069789
0.9994997498749374,C004260,1.0,[],12537.87363587712,6.265800781511377,91074.5,1764928800000,,6.282177784820091,91312.54258064517,V12_STOP,1764939600000,,0.0,False,3127.2058671571162,12531.601563022754,0.1375972589805352,,91312.54258064517,V12_STOP,1764939600000,515,32.75400661742807,,0.1375972589805352,2,154.7659866278073,,USD,LONG,dbf84542311c15f69508f91a0e7311ff7e686d96,V12,BTCUSDT,20.206028051096602,12539.479229530498
0.6,C004137,0.6,[],11662.138560050416,3.498641568015125,0.3193,1764691200000,,3.4230367236076575,0.3124,Q102_TIME_EXIT,1764950400000,HIGH_VOL,2.3903273847349467,False,22700.81768326569,6997.28313603025,21914.447654338397,,0.3124,Q102_TIME_EXIT,1764950400000,498,151.2096888149341,,21914.447654338397,,154.7659866278073,,USD,SHORT,dbf84542311c15f69508f91a0e7311ff7e686d96,Q102,OPUSDT,146.67833790804627,12680.946834499837
1.0,C004266,1.0,[],12638.09424397502,6.31904712198751,13.86,1764943200000,,6.437777437622676,14.12041935483871,V12_STOP,1764954000000,,-1.2710129557486856,False,34579.79677049568,12638.09424397502,911.8394115422093,,14.12041935483871,V12_STOP,1764954000000,516,237.46063127033125,,911.8394115422093,1,154.7659866278073,,USD,LONG,dbf84542311c15f69508f91a0e7311ff7e686d96,V12,LINKUSDT,223.43279375497235,12910.698675376796
1.0,C004292,1.0,[],12910.698675376796,6.455349337688398,0.010628,1765029600000,SHORT_V20,6.97177728470347,0.01147824,SHORT_HARD_STOP,1765069200000,,1.9936387966780795,False,-162100.2564742506,12910.698675376796,1214781.5840587877,,0.01147824,SHORT_HARD_STOP,1765069200000,517,-1032.855894030144,,1214781.5840587877,,155.2254186346071,SHORT_V20,USD,SHORT,dbf84542311c15f69508f91a0e7311ff7e686d96,PENGU,PENGUUSDT,-1044.2893818558578,11860.13932642683
1.25,C004297,1.25,[],12494.308902895153,7.80894306430947,1.78,1765040400000,,7.558881404384954,1.723,Q102_TIME_EXIT,1765126800000,REV,4.0779920379452905,False,75879.38272711805,15617.88612861894,8774.093330684798,,1.723,Q102_TIME_EXIT,1765126800000,518,500.12331984903295,,8774.093330684798,,155.2254186346071,,USD,SHORT,dbf84542311c15f69508f91a0e7311ff7e686d96,Q102,APTUSDT,488.8334874182838,12355.242780939221
1.25,C004342,1.25,[],12355.242780939221,7.722026738087014,1.748,1765170000000,,7.677850383750132,1.738,Q102_TIME_EXIT,1765256400000,REV,2.2255110776209333,False,11693.763822660505,15444.053476174027,8835.270867376446,,1.738,Q102_TIME_EXIT,1765256400000,519,88.35270867376454,,8835.270867376446,,155.54697554697555,,USD,SHORT,dbf84542311c15f69508f91a0e7311ff7e686d96,Q102,APTUSDT,75.17834262954834,12430.421123568769
1.0,C004380,1.0,[],12430.421123568769,6.215210561784384,0.4674,1765296000000,,6.3616622568169205,0.47841354838709677,V12_STOP,1765306800000,,0.0,False,43603.94192330558,12430.421123568769,26594.824825778283,,0.47841354838709677,V12_STOP,1765306800000,520,292.9033900650719,,26594.824825778283,1,155.54697554697555,,USD,LONG,dbf84542311c15f69508f91a0e7311ff7e686d96,V12,ADAUSDT,280.3265172464706,12697.673450176704
0.9994997498749374,C004381,1.0,[],12424.205913006985,6.208995351222599,3244.6,1765296000000,,6.479378442015934,3385.8925806451616,V12_STOP,1765306800000,,0.0,False,82140.9058557452,12417.990702445199,3.8272793880432716,,3385.8925806451616,V12_STOP,1765306800000,521,540.7661815866691,,3.8272793880432716,2,155.54697554697555,,USD,LONG,dbf84542311c15f69508f91a0e7311ff7e686d96,V12,ETHUSDT,528.0778077934306,13231.960253321357
1.0,C004392,1.0,[],13092.884408568189,6.546442204284094,14.62,1765310400000,,6.541357813357154,14.608645161290323,V12_STOP,1765321200000,,0.0,False,-3617.4909716758225,13092.884408568189,895.5461291770307,,14.608645161290323,V12_STOP,1765321200000,524,-10.168781853880464,,895.5461291770307,1,155.54697554697555,,USD,LONG,dbf84542311c15f69508f91a0e7311ff7e686d96,V12,AVAXUSDT,-23.25658187152171,13204.782240875453
0.5,C004393,0.5,[],13086.337966363904,3.271584491590976,0.150825,1765310400000,,3.276716504080375,0.15106159354838708,V12_STOP,1765321200000,,0.0,False,577.9696275428931,6543.168983181952,43382.52267980741,,0.15106159354838708,V12_STOP,1765321200000,525,10.264024978799169,,43382.52267980741,2,155.54697554697555,,USD,LONG,dbf84542311c15f69508f91a0e7311ff7e686d96,V12,DOGEUSDT,3.715723983127817,13211.769549350172
1.0,C004405,1.0,[],13115.221925690901,6.557610962845451,0.471,1765324800000,,6.533214727827181,0.46924774193548385,V12_STOP,1765335600000,,-0.7761498116262858,False,-9797.639176976201,13115.221925690901,27845.481795522086,,0.46924774193548385,V12_STOP,1765335600000,526,-48.792470036540415,,27845.481795522086,1,156.3633238807253,,USD,LONG,dbf84542311c15f69508f91a0e7311ff7e686d96,V12,ADAUSDT,-62.65944553883933,13205.579056012379
0.9643150041995252,C004406,1.0,[],13108.664314728056,6.320440841853576,3316.8,1765324800000,,6.317217331457364,3315.108387096774,V12_STOP,1765335600000,,-0.4903398005110004,False,-3060.814999317855,12640.881683707152,3.811167897885658,,3315.108387096774,V12_STOP,1765335600000,527,-6.4470207924244205,,3.811167897885658,2,156.3633238807253,,USD,LONG,dbf84542311c15f69508f91a0e7311ff7e686d96,V12,ETHUSDT,-19.57501876624636,13192.814817888497
1.0,C004415,1.0,[],12748.651618292459,6.37432580914623,200.16,1765339200000,,6.381576458878211,200.38767741935484,V12_STOP,1765350000000,,0.0,False,272.9161070490469,12748.651618292459,63.69230424806384,,200.38767741935484,V12_STOP,1765350000000,528,14.501299463962976,,63.69230424806384,1,156.3633238807253,,USD,LONG,dbf84542311c15f69508f91a0e7311ff7e686d96,V12,AAVEUSDT,1.7453971959385353,13193.93100627971
1.0,C004423,1.0,[],12566.979941160902,6.283489970580451,0.4605,1765353600000,,6.443522984030322,0.47222838709677417,V12_STOP,1765364400000,,0.0,False,48056.54977868527,12566.979941160902,27289.85872130489,,0.47222838709677417,V12_STOP,1765364400000,529,320.0660268997418,,27289.85872130489,1,156.3633238807253,,USD,LONG,dbf84542311c15f69508f91a0e7311ff7e686d96,V12,ADAUSDT,307.33901394513106,13500.745322736682
1.0,C004383,1.0,[],13090.220406796583,6.545110203398291,0.012908,1765299600000,LONG_V2_FINAL,6.0215013871264285,0.01187536,LONG_HARD_STOP,1765407600000,,-4.424997499458957,False,-166403.2943264328,13090.220406796583,1014116.8582891682,,0.01187536,LONG_HARD_STOP,1765407600000,522,-1047.2176325437263,,1014116.8582891682,,156.3633238807253,BASE_V64_LONG,USD,LONG,dbf84542311c15f69508f91a0e7311ff7e686d96,PENGU,PENGUUSDT,-1064.2092416337098,12432.701877198857
1.0,C004437,1.0,[],13082.587273823188,6.541293636911594,0.4651,1765396800000,,6.642320489760961,0.4722832258064516,V12_STOP,1765407600000,,0.0,False,29532.35529986471,13082.587273823188,28128.54713786968,,0.4722832258064516,V12_STOP,1765407600000,530,202.05370569873543,,28128.54713786968,1,156.3633238807253,,USD,LONG,dbf84542311c15f69508f91a0e7311ff7e686d96,V12,ADAUSDT,188.87009157206288,12628.113262407831
0.9812959420551657,C004438,1.0,[],13076.045980186276,6.415735429241777,3388.9,1765396800000,,6.504938762198658,3436.0187096774193,V12_STOP,1765407600000,,0.0,False,25875.939721400573,12831.470858483553,3.7863232489844942,,3436.0187096774193,V12_STOP,1765407600000,531,178.40666591376316,,3.7863232489844942,2,156.3633238807253,,USD,LONG,dbf84542311c15f69508f91a0e7311ff7e686d96,V12,ETHUSDT,165.48599172232272,12800.014989559395
0.04892892503950108,C004384,0.75,[],13083.675296593185,0.32008508391408996,1.87,1765299600000,,0.2944782772009628,1.7204000000000002,Q102_HARD_STOP,1765414800000,BRK,0.19887406615804387,False,-8090.9871687564555,640.17016782818,342.3369881434117,,1.7204000000000002,Q102_HARD_STOP,1765414800000,523,-51.213613426254376,,342.3369881434117,,156.7130823448513,,USD,LONG,dbf84542311c15f69508f91a0e7311ff7e686d96,Q102,NEARUSDT,-51.62930272121139,12748.605692675099
1.0,C004491,1.0,[],12748.605692675099,6.3743028463375495,0.010945,1765580400000,RECOVERY_V8,6.701107441969696,0.01150614,RECOVERY_V8_TRAILING_STOP,1765663200000,,-3.858826477776458,False,99313.91179236858,12748.605692675099,1164788.094351311,,0.01150614,RECOVERY_V8_TRAILING_STOP,1765663200000,532,653.6091912642945,,1164788.094351311,,155.98840678544028,RECOVERY_V8,USD,LONG,dbf84542311c15f69508f91a0e7311ff7e686d96,PENGU,PENGUUSDT,636.6749544982108,13377.291080807066
1.0,C004528,1.0,[],13435.924312038082,6.717962156019041,3107.45,1765706400000,,6.605434854167304,3055.3995483870967,V12_STOP,1765717200000,,0.0,False,33027.613598845004,13435.924312038082,4.3237781177615355,,3055.3995483870967,V12_STOP,1765717200000,534,225.054603703476,,4.3237781177615355,1,155.98840678544028,,USD,SHORT,dbf84542311c15f69508f91a0e7311ff7e686d96,V12,ETHUSDT,211.73120669328966,13585.197544806026
0.8754923798290752,C004531,1.0,[],13694.253696690374,5.994607379449283,0.4014,1765713600000,,5.983353700520379,0.40064645161290324,V12_STOP,1765724400000,,0.0,False,1642.4638277868564,11989.214758898566,29868.49715719623,,0.40064645161290324,V12_STOP,1765724400000,535,22.507357857808675,,29868.49715719623,1,155.98840678544028,,USD,SHORT,dbf84542311c15f69508f91a0e7311ff7e686d96,V12,ADAUSDT,10.529396777839015,13598.242344652637
1.25,C004510,1.25,[],12783.306185990943,7.98956636624434,1.698,1765645200000,,7.6696072891509255,1.63,Q102_TIME_EXIT,1765731600000,REV,3.1473175508196034,False,97868.1088450013,15979.132732488679,9410.561090982732,,1.63,Q102_TIME_EXIT,1765731600000,533,639.9181541868263,,9410.561090982732,,155.98840678544028,,USD,SHORT,dbf84542311c15f69508f91a0e7311ff7e686d96,Q102,APTUSDT,627.4062980822506,14224.447234234556
0.5,C004537,0.5,[],13916.81724270954,3.479204310677385,0.136825,1765720800000,,3.4359630321137873,0.13512447096774194,V12_STOP,1765731600000,,0.10244384548645805,False,12427.570416787832,6958.40862135477,50856.266189327755,,0.13512447096774194,V12_STOP,1765731600000,536,86.482557127196,,50856.266189327755,2,155.98840678544028,,USD,SHORT,dbf84542311c15f69508f91a0e7311ff7e686d96,V12,DOGEUSDT,79.66983362989129,14307.493828329638
1.0,C004543,1.0,[],14247.108053888296,7.123554026944149,3082.95,1765728000000,,7.114417799427472,3078.996,V12_STOP,1765738800000,,0.0,False,629.3326076593737,14247.108053888296,4.6212582279596806,,3078.996,V12_STOP,1765738800000,537,18.2724550333513,,4.6212582279596806,2,155.98840678544028,,USD,SHORT,dbf84542311c15f69508f91a0e7311ff7e686d96,V12,ETHUSDT,4.0344832069796785,14311.499089113624
1.0,C004546,1.0,[],14305.552899873894,7.152776449936947,0.3971,1765735200000,,7.1588890898223525,0.3974393548387097,V12_STOP,1765746000000,,0.0,False,-4139.45581994835,14305.552899873894,36025.063963419525,,0.3974393548387097,V12_STOP,1765746000000,538,-12.225279770811822,,36025.063963419525,1,155.98840678544028,,USD,SHORT,dbf84542311c15f69508f91a0e7311ff7e686d96,V12,ADAUSDT,-26.53694531057112,14292.11492025299
1.0,C004558,1.0,[],14292.11492025299,7.146057460126495,0.398,1765756800000,,7.11983169567565,0.39653935483870967,V12_STOP,1765767600000,,1.4220295247286898,False,6178.337226008338,14292.11492025299,35909.836483047715,,0.39653935483870967,V12_STOP,1765767600000,539,52.45152890169142,,35909.836483047715,1,155.98840678544028,,USD,SHORT,dbf84542311c15f69508f91a0e7311ff7e686d96,V12,ADAUSDT,39.60766927061797,14331.72258952361
1.0,C004577,1.0,[],14931.651818072387,7.465825909036194,184.78,1765814400000,,7.306402690222977,180.83425806451612,V12_STOP,1765825200000,,0.0,False,47432.05141069183,14931.651818072387,80.80772712453938,,180.83425806451612,V12_STOP,1765825200000,541,318.84643762643327,,80.80772712453938,1,155.98840678544028,,USD,SHORT,dbf84542311c15f69508f91a0e7311ff7e686d96,V12,AAVEUSDT,304.0742090271741,14627.82868567686
1.0,C004584,1.0,[],15322.73233081165,7.661366165405825,12.728,1765836000000,,7.660667149819272,12.726838709677418,V12_STOP,1765846800000,,1.5468399412209217,False,-1920.0240044821924,15322.73233081165,1203.8601768393817,,12.726838709677418,V12_STOP,1765846800000,542,1.3980311731050927,,1203.8601768393817,1,155.12635071896537,,USD,SHORT,dbf84542311c15f69508f91a0e7311ff7e686d96,V12,LINKUSDT,-12.377162200899082,14616.311107345997
1.0,C004596,1.0,[],15545.165854538882,7.772582927269441,125.49,1765872000000,,7.786651893974327,125.71714645161289,V12_STOP,1765882800000,,-1.0602935151190302,False,-6943.0617081217915,15545.165854538882,123.87573395919102,,125.71714645161289,V12_STOP,1765882800000,544,-28.13793340977334,,123.87573395919102,1,155.12635071896537,,USD,SHORT,dbf84542311c15f69508f91a0e7311ff7e686d96,V12,SOLUSDT,-44.757461746136144,14560.236026356639
1.0,C004605,1.0,[],15681.143916974714,7.840571958487357,0.3815,1765893600000,,7.799176337374776,0.37948580645161295,V12_STOP,1765904400000,,1.602641681055948,False,10665.578154071396,15681.143916974714,41103.91590294814,,0.37948580645161295,V12_STOP,1765904400000,545,82.79124222516222,,41103.91590294814,1,155.12635071896537,,USD,SHORT,dbf84542311c15f69508f91a0e7311ff7e686d96,V12,ADAUSDT,68.75413561035603,14627.45756590141
0.1411163990691895,C004606,1.0,[],15673.303345016226,1.1058800647838862,12.0,1765893600000,,1.100802529432674,11.944903225806451,V12_STOP,1765904400000,,0.22725835331308863,False,1268.258200344133,2211.7601295677723,184.3133441306477,,11.944903225806451,V12_STOP,1765904400000,546,10.1550707024242,,184.3133441306477,2,155.12635071896537,,USD,SHORT,dbf84542311c15f69508f91a0e7311ff7e686d96,V12,AVAXUSDT,8.17564646152073,14636.511834074401
0.16350719940452763,C004624,0.5,[],15719.167964693994,1.2850985654382419,0.130905,1765951200000,,1.2838031605726643,0.13077304516129032,V12_STOP,1765962000000,,0.25691172573636445,False,43.108617868076294,2570.1971308764837,19634.063869802405,,0.13077304516129032,V12_STOP,1765962000000,548,2.5908097311552285,,19634.063869802405,2,154.61107336956522,,USD,SHORT,dbf84542311c15f69508f91a0e7311ff7e686d96,V12,DOGEUSDT,0.2788197308806868,14628.799844394913
1.0,C004623,1.0,[],15727.03148043421,7.863515740217106,0.3801,1765951200000,,7.817441521488197,0.37787290322580647,V12_STOP,1765969200000,,0.26722167021370413,False,11864.034620245675,15727.03148043421,41376.036517848486,,0.37787290322580647,V12_STOP,1765969200000,547,92.14843745781393,,41376.036517848486,1,154.61107336956522,,USD,SHORT,dbf84542311c15f69508f91a0e7311ff7e686d96,V12,ADAUSDT,76.73470186632233,14713.130840331238
1.0,C004639,1.0,[],15846.749722747198,7.923374861373599,1.8721,1765994400000,,7.838883583393382,1.8521367741935484,V12_STOP,1766005200000,,0.0,False,23689.554660901398,15846.749722747198,8464.691908951016,,1.8521367741935484,V12_STOP,1766005200000,549,168.98255596043393,,8464.691908951016,1,154.61107336956522,,USD,SHORT,dbf84542311c15f69508f91a0e7311ff7e686d96,V12,XRPUSDT,153.22029751566697,14862.900433940926
0.24196406358165357,C004638,1.0,[],15838.826347885824,1.9162133927493077,12.323,1765994400000,,1.892825349502002,12.172593548387097,V12_STOP,1766005200000,,0.0,False,6643.181372513727,3832.426785498615,310.99787271757,,12.172593548387097,V12_STOP,1766005200000,550,46.7760864946112,,310.99787271757,2,154.61107336956522,,USD,SHORT,dbf84542311c15f69508f91a0e7311ff7e686d96,V12,LINKUSDT,42.96704775235989,14907.783695086035
1.0,C004563,1.0,[],14331.72258952361,7.165861294761805,0.010562,1765771200000,SHORT_V20,6.267584419713081,0.009238,SHORT_MAX_HOLD,1766030400000,,2.5064137125969816,False,277821.70350304595,14331.72258952361,1356913.7085328167,,0.009238,SHORT_MAX_HOLD,1766030400000,540,1796.5537500974501,,1356913.7085328167,,155.58778365466645,SHORT_V20,USD,SHORT,dbf84542311c15f69508f91a0e7311ff7e686d96,PENGU,PENGUUSDT,1785.6267180955722,16687.10586485779
0.5,C004652,0.5,[],16223.234070149623,4.055808517537406,0.12555,1766023200000,,4.057810343865996,0.12561196774193548,V12_STOP,1766034000000,,0.0,False,-1885.299419518233,8111.617035074812,64608.65818458632,,0.12561196774193548,V12_STOP,1766034000000,551,-4.003652657180172,,64608.65818458632,1,155.58778365466645,,USD,SHORT,dbf84542311c15f69508f91a0e7311ff7e686d96,V12,DOGEUSDT,-12.117271518583575,16679.044401856743
0.8253321321818294,C004651,1.0,[],16219.178261632087,6.693104488454994,11.72,1766023200000,,6.699625899301941,11.731419354838708,V12_STOP,1766034000000,,0.0,False,-4113.048958071486,13386.208976909988,1142.1680014428316,,11.731419354838708,V12_STOP,1766034000000,552,-13.042821693893437,,1142.1680014428316,2,155.58778365466645,,USD,SHORT,dbf84542311c15f69508f91a0e7311ff7e686d96,V12,AVAXUSDT,-26.43555208165037,16659.30195426355
1.0,C004676,1.0,[],16511.25896238478,8.255629481192392,1.8048,1766088000000,,8.26465996127863,1.8067741935483872,V12_STOP,1766098800000,,0.0,False,-5380.419983598938,16511.25896238478,9148.52557756249,,1.8067741935483872,V12_STOP,1766098800000,554,-18.060960172479493,,9148.52557756249,1,155.58778365466645,,USD,SHORT,dbf84542311c15f69508f91a0e7311ff7e686d96,V12,XRPUSDT,-34.581249614950515,16613.271104363386
0.25026413712677353,C004675,1.0,[],16503.00333290359,2.0650549445546926,0.3476,1766088000000,,2.070811863012544,0.3485690322580645,V12_STOP,1766098800000,,0.0,False,-2434.902717155711,4130.109889109385,11881.789094100648,,0.3485690322580645,V12_STOP,1766098800000,555,-11.513836915702441,,11881.789094100648,2,155.58778365466645,,USD,SHORT,dbf84542311c15f69508f91a0e7311ff7e686d96,V12,ADAUSDT,-15.649703723269678,16599.68645558467
1.0,C004588,1.0,[],15096.658560166614,7.5483292800833075,1.452,1765846800000,,6.933337989564123,1.3337,Q102_TIME_EXIT,1766106000000,HIGH_VOL,-12.950933007689576,False,-195870.92870482267,15096.658560166614,10397.147768709789,,1.3337,Q102_TIME_EXIT,1766106000000,543,-1229.9825810383663,,10397.147768709789,,155.77267684956055,,USD,LONG,dbf84542311c15f69508f91a0e7311ff7e686d96,Q102,SUIUSDT,-1257.4151813157034,15351.115320497252
0.5,C004682,0.5,[],16453.696841632078,4.113424210408019,0.122035,1766102400000,,4.080942263317959,0.12107134193548387,V12_STOP,1766113200000,,0.0,False,8843.14129431062,8226.848420816039,67413.84374004211,,0.12107134193548387,V12_STOP,1766113200000,556,64.96389418012213,,67413.84374004211,1,155.77267684956055,,USD,SHORT,dbf84542311c15f69508f91a0e7311ff7e686d96,V12,DOGEUSDT,56.76952770639615,15411.998272414057
0.7274157492439648,C004683,1.0,[],16449.58341742167,5.982843023167441,1.425,1766102400000,,5.950474047897786,1.4172903225806452,V12_STOP,1766113200000,,0.0,False,8225.519105408393,11965.686046334882,8396.972664094654,,1.4172903225806452,V12_STOP,1766113200000,557,64.73795053931006,,8396.972664094654,2,155.77267684956055,,USD,SHORT,dbf84542311c15f69508f91a0e7311ff7e686d96,V12,NEARUSDT,52.80463346824484,15470.78574890547
1.0,C004663,1.0,[],16117.24245723352,8.05862122861676,0.009199,1766059200000,SHORT_V20,8.03409232390959,0.009171,SHORT_MAX_HOLD,1766318400000,,11.41098293808952,False,6977.3351357605425,16117.24245723352,1752064.621940811,,0.009171,SHORT_MAX_HOLD,1766318400000,553,49.05780941434314,,1752064.621940811,,157.23189890710384,SHORT_V20,USD,SHORT,dbf84542311c15f69508f91a0e7311ff7e686d96,PENGU,PENGUUSDT,44.37607879990631,15511.112098514302
1.0,C004755,1.0,[],15188.98363088992,7.59449181544496,3001.85,1766311200000,,7.591777927387425,3000.7772903225805,V12_STOP,1766322000000,,0.0,False,-3241.1855743960045,15188.98363088992,5.059874287819151,,3000.7772903225805,V12_STOP,1766322000000,559,-5.427776115069325,,5.059874287819151,1,157.23189890710384,,USD,LONG,dbf84542311c15f69508f91a0e7311ff7e686d96,V12,ETHUSDT,-20.61404585790171,15498.092544471845
0.75,C004738,0.75,[],15411.345990570253,5.779254746463844,6.267,1766264400000,,5.664905362618062,6.143,Q102_TIME_EXIT,1766350800000,MR,2.2929090937670558,False,34519.87294734591,11558.50949292769,1844.3449007384218,,6.143,Q102_TIME_EXIT,1766350800000,558,228.6987676915653,,1844.3449007384218,,157.23189890710384,,USD,SHORT,dbf84542311c15f69508f91a0e7311ff7e686d96,Q102,UNIUSDT,219.54751667625047,15721.104294175153
1.0,C004826,1.0,[],16092.323393908007,8.046161696954004,148.83,1766556000000,,7.95882068000961,147.21445161290322,V12_STOP,1766574000000,,1.594959768753188,False,25006.29573594529,16092.323393908007,108.12553513342743,,147.21445161290322,V12_STOP,1766574000000,561,174.68203388878644,,108.12553513342743,1,156.02409638554215,,USD,SHORT,dbf84542311c15f69508f91a0e7311ff7e686d96,V12,AAVEUSDT,160.272011280576,15871.992134830864
1.0,C004836,1.0,[],16373.365249377519,8.18668262468876,149.33,1766584800000,,8.116972833708406,148.0584516129032,V12_STOP,1766595600000,,1.624836935850301,False,19462.564897882035,16373.365249377519,109.64551831097246,,148.0584516129032,V12_STOP,1766595600000,562,139.4195819607097,,109.64551831097246,1,156.02409638554215,,USD,SHORT,dbf84542311c15f69508f91a0e7311ff7e686d96,V12,AAVEUSDT,124.74076343816286,15997.584860813935
1.25,C004816,1.25,[],15721.104294175153,9.825690183859471,1.607,1766523600000,,9.947976309358655,1.627,Q102_TIME_EXIT,1766610000000,REV,1.293482103898251,False,-41042.51853338039,19651.380367718943,12228.612549918445,,1.627,Q102_TIME_EXIT,1766610000000,560,-244.57225099836913,,12228.612549918445,,156.02409638554215,,USD,SHORT,dbf84542311c15f69508f91a0e7311ff7e686d96,Q102,APTUSDT,-263.052435387689,15743.064633506207
1.0,C004858,1.0,[],15743.064633506207,7.871532316753103,151.25,1766656800000,,7.815238374520021,150.16832258064517,V12_STOP,1766667600000,,0.0,False,15112.693429403766,15743.064633506207,104.0863777421898,,150.16832258064517,V12_STOP,1766667600000,563,112.58788446616416,,104.0863777421898,1,155.95995588360057,,USD,SHORT,dbf84542311c15f69508f91a0e7311ff7e686d96,V12,AAVEUSDT,96.90111377489103,15839.965747281098
0.75,C004870,0.75,[],15839.965747281098,5.939987155230412,5.943,1766696400000,,5.847034302220749,5.85,Q102_TIME_EXIT,1766782800000,MR,3.3872693095133717,False,27683.8207348582,11879.974310460824,1998.986086229316,,5.85,Q102_TIME_EXIT,1766782800000,564,185.90570601932635,,1998.986086229316,,155.95995588360057,,USD,SHORT,dbf84542311c15f69508f91a0e7311ff7e686d96,Q102,UNIUSDT,177.50595387138858,16017.471701152486
1.0,C004921,1.0,[],16054.769069784199,8.0273845348921,12.6,1766872800000,,8.121427831440144,12.747612903225805,V12_STOP,1766883600000,,-1.6156704111497115,False,26563.428811291622,16054.769069784199,1274.1880214114444,,12.747612903225805,V12_STOP,1766883600000,566,188.08659309608848,,1274.1880214114444,1,155.95995588360057,,USD,LONG,dbf84542311c15f69508f91a0e7311ff7e686d96,V12,AVAXUSDT,170.32211031860652,16180.130258244342
0.5,C004925,0.5,[],16182.343006954587,4.045585751738646,80.36,1766880000000,,4.0466186009085545,80.38051612903226,V12_STOP,1766890800000,,0.0,False,-939.893611893668,8091.171503477293,100.68655429912013,,80.38051612903226,V12_STOP,1766890800000,567,2.065698339814331,,100.68655429912013,2,155.95995588360057,,USD,LONG,dbf84542311c15f69508f91a0e7311ff7e686d96,V12,LTCUSDT,-6.02650601283287,16178.149337983248
0.75,C004907,0.75,[],16017.471701152486,6.006551887932183,5.991,1766826000000,,6.323372184474759,6.307,Q102_TIME_EXIT,1766912400000,MR,3.6572692333164776,False,-100175.14580971714,12013.103775864365,2005.1917502694653,,6.307,Q102_TIME_EXIT,1766912400000,565,-633.6405930851524,,2005.1917502694653,,155.95995588360057,,USD,SHORT,dbf84542311c15f69508f91a0e7311ff7e686d96,Q102,UNIUSDT,-642.313247924243,15539.454057534016
0.5,C004949,0.5,[],15539.454057534016,3.884863514383504,0.123415,1766959200000,,3.8745446034951514,0.1230871870967742,V12_STOP,1766970000000,,0.019345427283542944,False,2011.5339380670155,7769.727028767008,62956.09957271813,,0.1230871870967742,V12_STOP,1766970000000,568,20.637821776705056,,62956.09957271813,1,155.95995588360057,,USD,SHORT,dbf84542311c15f69508f91a0e7311ff7e686d96,V12,DOGEUSDT,12.897759086109945,15552.351816620125
1.0,C004992,1.0,[],15552.351816620125,7.776175908310062,0.009141,1767110400000,RECOVERY_V8,7.387367112894559,0.00859254,RECOVERY_V8_HARD_STOP,1767207600000,,-4.587186669990192,False,-124437.47507817777,15552.351816620125,1701384.0735827726,"{""fraction"": 0.5, ""price"": 0.00877536, ""ts"": 1767196800000}",0.00859254,RECOVERY_V8_HARD_STOP,1767207600000,569,-777.6175908310072,,850692.0367913863,,156.06021944373563,RECOVERY_V8,USD,LONG,dbf84542311c15f69508f91a0e7311ff7e686d96,PENGU,PENGUUSDT,-797.368320522202,14747.492965978565
1.0,C005017,1.0,[],14981.060238714304,7.490530119357152,1.941,1767196800000,,7.385263591147077,1.9137225806451614,V12_STOP,1767207600000,,0.0,False,30534.315354227776,14981.060238714304,7718.217536689492,,1.9137225806451614,V12_STOP,1767207600000,570,210.53305642014885,,7718.217536689492,1,156.06021944373563,,USD,SHORT,dbf84542311c15f69508f91a0e7311ff7e686d96,V12,ATOMUSDT,195.65726270964464,14950.640758807567
1.0,C005082,1.0,[],14983.446957571065,7.4917234787855325,3017.05,1767340800000,,7.572739958546505,3049.6767741935487,V12_STOP,1767351600000,,-0.22175501497205177,False,22991.155373200076,14983.446957571065,4.96625742283723,,3049.6767741935487,V12_STOP,1767351600000,572,162.0329595219444,,4.96625742283723,1,156.6723404255319,,USD,LONG,dbf84542311c15f69508f91a0e7311ff7e686d96,V12,ETHUSDT,146.74674106964034,15089.164569995402
1.0,C005101,1.0,[],15929.65651613119,7.964828258065595,3048.9,1767362400000,,8.106021328206243,3102.9480645161293,V12_STOP_AMBIGUOUS,1767373200000,,-1.6118268999398053,False,41471.711191520575,15929.65651613119,5.224722528167926,,3102.9480645161293,V12_STOP_AMBIGUOUS,1767373200000,573,282.3861402812938,,5.224722528167926,1,156.6723404255319,,USD,LONG,dbf84542311c15f69508f91a0e7311ff7e686d96,V12,ETHUSDT,264.7034637950822,15352.289772884682
0.5,C005115,0.5,[],16940.984922509888,4.235246230627472,0.139185,1767376800000,,4.243953607155266,0.13947115483870967,V12_STOP,1767387600000,,0.0,False,1399.9540356302753,8470.492461254944,60857.79689804895,,0.13947115483870967,V12_STOP,1767387600000,575,17.414753055586928,,60857.79689804895,1,156.6723404255319,,USD,LONG,dbf84542311c15f69508f91a0e7311ff7e686d96,V12,DOGEUSDT,8.935553217804191,15347.548400502426
0.7666846494252848,C005114,1.0,[],16936.749676279258,6.492572993980985,0.389,1767376800000,,6.478294609720234,0.3881445161290322,V12_STOP,1767387600000,,0.0,False,-6506.231944075161,12985.145987961969,33380.83801532639,,0.3881445161290322,V12_STOP,1767387600000,576,-28.55676852150012,,33380.83801532639,2,156.6723404255319,,USD,LONG,dbf84542311c15f69508f91a0e7311ff7e686d96,V12,ADAUSDT,-41.52763612520134,15312.513337371205
1.0,C005069,1.0,[],14950.640758807567,7.475320379403784,0.00965,1767326400000,LONG_V2_FINAL,8.451054969734686,0.01090959,LONG_TRAILING_STOP,1767423600000,,-4.869648342077307,False,302984.40448184474,14950.640758807567,1549289.197803893,,0.01090959,LONG_TRAILING_STOP,1767423600000,571,1951.469180661805,,1549289.197803893,,156.93200238887468,BASE_V64_LONG,USD,LONG,dbf84542311c15f69508f91a0e7311ff7e686d96,PENGU,PENGUUSDT,1930.6731569705894,17255.113469968514
0.75,C005110,0.75,[],16952.7055142161,6.357264567831038,5.927,1767373200000,,6.302562274434822,5.876,Q102_TIME_EXIT,1767459600000,MR,0.8504907282754612,False,15315.818112612344,12714.529135662076,2145.1879763222673,,5.876,Q102_TIME_EXIT,1767459600000,574,109.40458679243406,,2145.1879763222673,,156.93200238887468,,USD,SHORT,dbf84542311c15f69508f91a0e7311ff7e686d96,Q102,UNIUSDT,97.59525067844366,17357.767288413925
1.0,C005174,1.0,[],17357.767288413925,8.678883644206962,3148.5,1767492000000,,8.668041653061788,3144.5667741935486,V12_STOP,1767502800000,,0.0,False,-6125.1984827802025,17357.767288413925,5.513027565003629,,3144.5667741935486,V12_STOP,1767502800000,577,-21.68398229035045,,5.513027565003629,1,156.93200238887468,,USD,LONG,dbf84542311c15f69508f91a0e7311ff7e686d96,V12,ETHUSDT,-39.0309075876192,17314.399108725116
0.5,C005173,0.5,[],17349.08840476972,4.33727210119243,0.146465,1767492000000,,4.479627465819139,0.1512721870967742,V12_STOP,1767502800000,,0.0,False,43296.5711394229,8674.54420238486,59226.05538787327,,0.1512721870967742,V12_STOP,1767502800000,578,284.71072925341787,,59226.05538787327,2,156.93200238887468,,USD,LONG,dbf84542311c15f69508f91a0e7311ff7e686d96,V12,DOGEUSDT,275.8938296864063,17594.630210512714
1.0,C005183,1.0,[],17594.630210512714,8.797315105256358,0.3978,1767506400000,,8.796986948381576,0.3977851612903226,V12_STOP,1767517200000,,-1.7515016499152931,False,-3138.97234393446,17594.630210512714,44229.83964432558,,0.3977851612903226,V12_STOP,1767517200000,579,-0.6563137495596365,,44229.83964432558,2,156.93200238887468,,USD,LONG,dbf84542311c15f69508f91a0e7311ff7e686d96,V12,ADAUSDT,-20.002117453112863,17565.88113362678
0.9993973643216936,C005190,1.0,[],17504.467682397757,8.746959432821292,3139.6,1767513600000,,8.75367641493129,3142.0109677419355,V12_STOP,1767524400000,,0.0,False,-638.190921601723,17493.918865642583,5.5720215523132195,,3142.0109677419355,V12_STOP,1767524400000,580,13.433964219996904,,5.5720215523132195,1,156.93200238887468,,USD,LONG,dbf84542311c15f69508f91a0e7311ff7e686d96,V12,ETHUSDT,-4.066671627755678,17552.80407974113
0.27077313972654693,C005198,1.0,[],17737.777614577266,2.401456868235173,91417.3,1767520800000,,2.4027232965912293,91465.50967741935,V12_STOP,1767531600000,,0.0,False,-356.4433375072185,4802.9137364703465,0.052538345985610455,,91465.50967741935,V12_STOP,1767531600000,583,2.5328567121124155,,0.052538345985610455,2,156.93200238887468,,USD,LONG,dbf84542311c15f69508f91a0e7311ff7e686d96,V12,BTCUSDT,-2.271323452713987,17542.851568194375
1.0,C005204,1.0,[],18332.48431101426,9.166242155507131,1.725,1767528000000,,9.216980026999044,1.7345483870967744,V12_STOP,1767538800000,,0.0,False,13039.875672890892,18332.48431101426,10627.527136819861,,1.7345483870967744,V12_STOP,1767538800000,584,101.4757429838295,,10627.527136819861,1,156.93200238887468,,USD,LONG,dbf84542311c15f69508f91a0e7311ff7e686d96,V12,NEARUSDT,83.09252080132333,17632.201290841764
0.31171183958165605,C005211,1.0,[],18664.93305705913,2.909040309442182,2.1004,1767535200000,,2.909194892585649,2.1005116129032255,V12_STOP,1767546000000,,-0.19850466446514312,False,-895.7009506222216,5818.080618884364,2769.986963856582,,2.1005116129032255,V12_STOP,1767546000000,585,0.3091662869327591,,2769.986963856582,1,156.93200238887468,,USD,LONG,dbf84542311c15f69508f91a0e7311ff7e686d96,V12,XRPUSDT,-5.707573579560215,17618.72832152324
0.9948280737273012,C005217,1.0,[],18681.62325904019,9.29250164044505,3134.15,1767542400000,,9.301826789672043,3137.2951612903225,V12_STOP,1767553200000,,-1.7602137414832364,False,-267.4503791633254,18585.003280890098,5.929838482807171,,3137.2951612903225,V12_STOP,1767553200000,586,18.650298453989514,,5.929838482807171,2,156.93200238887468,,USD,LONG,dbf84542311c15f69508f91a0e7311ff7e686d96,V12,ETHUSDT,-1.704243717610817,17625.1871263808
0.75,C005194,0.75,[],17544.567413091507,6.579212779909315,0.152075,1767517200000,,6.482303776937119,0.149835,Q102_TIME_EXIT,1767560400000,MR,1.3100453209826337,False,28572.065859813105,13158.42555981863,86525.89551089023,,0.149835,Q102_TIME_EXIT,1767560400000,582,193.81800594439343,,86525.89551089023,,156.93200238887468,,USD,SHORT,dbf84542311c15f69508f91a0e7311ff7e686d96,Q102,DOGEUSDT,182.06653470852962,17811.60649855277
0.3084963397379621,C005224,1.0,[],18733.880662647745,2.8896668067573086,2.322,1767549600000,,2.8834604983979317,2.3170129032258067,V12_STOP,1767560400000,,0.0,False,-2853.925224603551,5779.333613514617,2488.9464313155113,,2.3170129032258067,V12_STOP,1767560400000,587,-12.412616718753762,,2488.9464313155113,1,156.93200238887468,,USD,LONG,dbf84542311c15f69508f91a0e7311ff7e686d96,V12,ATOMUSDT,-18.185744023909002,17796.31042133562
1.0,C005238,1.0,[],18412.293874796025,9.206146937398012,3144.2,1767564000000,,9.214528509193544,3147.0625806451612,V12_STOP,1767574800000,,-1.840878030176477,False,-549.0124685409793,18412.293874796025,5.855955052094659,,3147.0625806451612,V12_STOP,1767574800000,588,16.76314359106138,,5.855955052094659,1,156.93200238887468,,USD,LONG,dbf84542311c15f69508f91a0e7311ff7e686d96,V12,ETHUSDT,-3.4984098857066535,17781.195110078155
1.0,C005242,1.0,[],18665.77065254345,9.332885326271725,91494.4,1767571200000,,9.503588941730737,93167.88299354838,V12_TAKE_PROFIT,1767578400000,,-1.3665210694727061,False,50407.22386544333,18665.77065254345,0.2040099793270785,,93167.88299354838,V12_TAKE_PROFIT,1767578400000,589,341.40723091802386,,0.2040099793270785,2,156.93200238887468,,USD,LONG,dbf84542311c15f69508f91a0e7311ff7e686d96,V12,BTCUSDT,321.2042355805487,18113.098752054448
1.0,C005248,1.0,[],19232.936283286246,9.616468141643123,1.761,1767578400000,,9.78793724990411,1.7924,V12_STOP,1767589200000,,0.0,False,50772.80882120131,19232.936283286246,10921.59925229202,,1.7924,V12_STOP,1767589200000,590,342.9382165219705,,10921.59925229202,1,156.93200238887468,,USD,LONG,dbf84542311c15f69508f91a0e7311ff7e686d96,V12,NEARUSDT,323.53381113042326,18426.101153840915
0.9994997498749374,C005247,1.0,[],19223.3198151446,9.60685167350148,14.48,1767578400000,,9.57962855077671,14.438967741935484,V12_STOP,1767589200000,,0.0,False,-11555.33108134252,19213.703347002956,1326.9132145720273,,14.438967741935484,V12_STOP,1767589200000,591,-54.44624544953701,,1326.9132145720273,2,156.93200238887468,,USD,LONG,dbf84542311c15f69508f91a0e7311ff7e686d96,V12,AVAXUSDT,-73.63272567381519,18362.0752798406
0.5,C005256,0.5,[],19050.870016215944,4.762717504053986,0.150135,1767592800000,,4.7738080343542295,0.1504846064516129,V12_STOP,1767603600000,,-0.4185719837875968,False,1918.6448670086454,9525.435008107972,63445.79883510156,,0.1504846064516129,V12_STOP,1767603600000,592,22.181060600486738,,63445.79883510156,1,156.93200238887468,,USD,LONG,dbf84542311c15f69508f91a0e7311ff7e686d96,V12,DOGEUSDT,12.225963078290928,18361.93763969413
1.0,C005255,1.0,[],19046.10729871189,9.523053649355944,162.85,1767592800000,,9.597655791783616,164.1257419354839,V12_STOP,1767607200000,,-1.925311749164232,False,20112.13293963597,19046.10729871189,116.95491126012828,,164.1257419354839,V12_STOP,1767607200000,593,149.20428485534302,,116.95491126012828,2,156.93200238887468,,USD,LONG,dbf84542311c15f69508f91a0e7311ff7e686d96,V12,AAVEUSDT,128.15826366503924,18501.54426875769
1.0,C005261,1.0,[],18835.019944508123,9.417509972254061,0.3965,1767607200000,,9.469932055181419,0.3987070967741935,V12_STOP,1767618000000,,0.0,False,13489.360789002365,18835.019944508123,47503.20288652742,,0.3987070967741935,V12_STOP,1767618000000,594,104.84416585471433,,47503.20288652742,2,156.93200238887468,,USD,LONG,dbf84542311c15f69508f91a0e7311ff7e686d96,V12,ADAUSDT,85.95672382727885,18581.81024098454
0.5,C005266,0.5,[],19149.2368080844,4.7873092020211,0.147735,1767614400000,,4.777391062376855,0.14742892903225807,V12_STOP,1767625200000,,0.0,False,-4613.954593428914,9574.6184040422,64809.411473531654,,0.14742892903225807,V12_STOP,1767625200000,595,-19.83627928848902,,64809.411473531654,1,156.93200238887468,,USD,LONG,dbf84542311c15f69508f91a0e7311ff7e686d96,V12,DOGEUSDT,-29.400979552886973,18557.196570633674
1.0,C005271,1.0,[],19273.659594516696,9.636829797258349,0.4127,1767628800000,,9.685037673558757,0.41476451612903226,V12_STOP,1767639600000,,-1.663822739058129,False,11837.3907313281,19273.659594516696,46701.380166020586,,0.41476451612903226,V12_STOP,1767639600000,596,96.4157526008161,,46701.380166020586,1,156.93200238887468,,USD,LONG,dbf84542311c15f69508f91a0e7311ff7e686d96,V12,ADAUSDT,75.43006239094088,18620.160947975906
0.9994997498749374,C005272,1.0,[],19264.022764719437,9.62719296746109,1.756,1767628800000,,9.648309266239742,1.7598516129032258,V12_STOP,1767639600000,,-1.925438593492218,False,3300.5400042125984,19254.38593492218,10964.912263623108,,1.7598516129032258,V12_STOP,1767639600000,597,42.23259755730932,,10964.912263623108,2,156.93200238887468,,USD,LONG,dbf84542311c15f69508f91a0e7311ff7e686d96,V12,NEARUSDT,21.031656730116268,18652.745236266976
1.0,C005193,1.0,[],17553.344085134075,8.776672042567037,0.012054,1767517200000,LONG_V2_FINAL,9.488729983833707,0.01303195,LONG_TRAILING_STOP,1767661200000,,-9.231960994634166,False,219035.85886007015,17553.344085134075,1456225.6582988282,,0.01303195,LONG_TRAILING_STOP,1767661200000,581,1424.1158825333391,,1456225.6582988282,,156.83299039780522,BASE_V64_LONG,USD,LONG,dbf84542311c15f69508f91a0e7311ff7e686d96,PENGU,PENGUUSDT,1396.6185195123041,20042.096782842047
1.0,C005284,1.0,[],20170.65188071795,10.085325940358974,0.4202,1767650400000,,10.161711859297405,0.42338258064516127,V12_STOP,1767661200000,,-1.1994530943622541,False,20596.146882349032,20170.65188071795,48002.50328585899,,0.42338258064516127,V12_STOP,1767661200000,598,152.77183787686405,,48002.50328585899,1,156.83299039780522,,USD,LONG,dbf84542311c15f69508f91a0e7311ff7e686d96,V12,ADAUSDT,131.32534698284542,20184.706908859614
0.9994997498749374,C005283,1.0,[],20160.56655477759,10.075240614418615,170.31,1767650400000,,10.210900010623599,172.6031612903226,V12_STOP,1767661200000,,-2.02191047924138,False,39053.09920014458,20150.48122883723,118.31648892512025,,172.6031612903226,V12_STOP,1767661200000,599,271.3187924099668,,118.31648892512025,2,156.83299039780522,,USD,LONG,dbf84542311c15f69508f91a0e7311ff7e686d96,V12,AAVEUSDT,249.01074130568324,20445.81480125896
0.5,C005292,0.5,[],20445.81480125896,5.11145370031474,0.151375,1767664800000,,5.14911090342511,0.1524902129032258,V12_STOP,1767675600000,,0.0,False,10202.58851765937,10222.90740062948,67533.65747732109,,0.1524902129032258,V12_STOP,1767675600000,600,75.31440622074028,,67533.65747732109,1,156.83299039780522,,USD,LONG,dbf84542311c15f69508f91a0e7311ff7e686d96,V12,DOGEUSDT,65.05384161700043,20500.603381319957
1.0,C005295,1.0,[],20530.52311200348,10.265261556001741,173.23,1767672000000,,10.300491386653349,173.82451612903228,V12_STOP,1767682800000,,0.0,False,7825.010850820896,20530.52311200348,118.5159794031258,,173.82451612903228,V12_STOP,1767682800000,601,70.45966130321646,,118.5159794031258,1,156.83299039780522,,USD,LONG,dbf84542311c15f69508f91a0e7311ff7e686d96,V12,AAVEUSDT,49.893908360561376,20550.536690689554
0.9985391926877478,C005299,1.0,[],20481.640824615457,10.225860546965968,2.389,1767679200000,,10.24064309372137,2.392453548387097,V12_STOP,1767690000000,,-1.994321032248801,False,1114.1837264324588,20451.721093931938,8560.787398046019,,2.392453548387097,V12_STOP,1767690000000,602,29.5650935108021,,8560.787398046019,1,156.83299039780522,,USD,LONG,dbf84542311c15f69508f91a0e7311ff7e686d96,V12,XRPUSDT,7.104268837865959,20567.866820074385
1.0,C005308,1.0,[],20567.866820074385,10.283933410037193,1.814,1767700800000,,10.371239129174223,1.8294,V12_STOP,1767711600000,,0.0,False,24145.421545675264,20567.866820074385,11338.405082731193,,1.8294,V12_STOP,1767711600000,603,174.61143827405877,,11338.405082731193,1,156.83299039780522,,USD,LONG,dbf84542311c15f69508f91a0e7311ff7e686d96,V12,NEARUSDT,153.95626573484736,20711.487075104655
0.9995027665804321,C005311,1.0,[],20682.305342574393,10.33601070458218,0.423,1767708000000,,10.654327989943155,0.43602709677419355,V12_STOP,1767718800000,,-2.0432558277001465,False,96232.87600841545,20672.021409164357,48870.02697201976,,0.43602709677419355,V12_STOP,1767718800000,604,636.6345707219508,,48870.02697201976,1,156.83299039780522,,USD,LONG,dbf84542311c15f69508f91a0e7311ff7e686d96,V12,ADAUSDT,613.6009761997254,21323.528048652268
1.0,C005315,1.0,[],20584.425004977405,10.292212502488702,2.348,1767715200000,,9.87541805369617,2.252915161290322,V12_STOP,1767722400000,,-1.6038008542055981,False,-134148.71826400777,20584.425004977405,8766.790887980156,,2.252915161290322,V12_STOP,1767722400000,605,-833.5888975850648,,8766.790887980156,1,156.83299039780522,,USD,LONG,dbf84542311c15f69508f91a0e7311ff7e686d96,V12,XRPUSDT,-855.3603289954553,20480.063733013507
1.0,C005328,1.0,[],20480.063733013507,10.240031866506754,175.87,1767744000000,,10.203954901282833,175.2503870967742,V12_STOP,1767754800000,,0.0,False,-14485.677422798928,20480.063733013507,116.45001269695517,,175.2503870967742,V12_STOP,1767754800000,606,-72.15393044784166,,116.45001269695517,1,156.4363201503374,,USD,LONG,dbf84542311c15f69508f91a0e7311ff7e686d96,V12,AAVEUSDT,-92.59791721563124,20377.236023963236
0.9994997498749376,C005329,1.0,[],20469.823701147,10.229791834640249,5.501,1767744000000,,10.198538153222515,5.484193548387097,V12_STOP,1767754800000,,0.0,False,-12974.154594400658,20459.5836692805,3719.24807658253,,5.484193548387097,V12_STOP,1767754800000,607,-62.50736283546831,,3719.24807658253,2,156.4363201503374,,USD,LONG,dbf84542311c15f69508f91a0e7311ff7e686d96,V12,INJUSDT,-82.93569282333107,20304.530122974546
0.5,C005367,0.5,[],19903.33253138163,4.975833132845408,0.142315,1767866400000,,4.84655247804647,0.1386174129032258,V12_STOP,1767877200000,,0.0,False,38939.43562689056,9951.666265690816,69927.03696511833,,0.1386174129032258,V12_STOP,1767877200000,609,258.5613095978742,,69927.03696511833,1,156.54741526874358,,USD,SHORT,dbf84542311c15f69508f91a0e7311ff7e686d96,V12,DOGEUSDT,248.73892398698231,20532.964516838554
2.0,C005365,2.0,[],20304.530122974546,20.304530122974548,13.86,1767862800000,,20.114083592239577,13.73,Q102_TIME_EXIT,1767949200000,PB,-10.515610086620633,False,-67675.7502237056,40609.06024594909,2929.946626691854,,13.73,Q102_TIME_EXIT,1767949200000,608,-380.8930614699381,,2929.946626691854,,156.71948608137046,,USD,LONG,dbf84542311c15f69508f91a0e7311ff7e686d96,Q102,AVAXUSDT,-431.8272852717729,20120.619091276847
0.5,C005395,0.5,[],19393.93644133542,4.848484110333855,0.140635,1767952800000,,4.848525258699408,0.14063619354838708,V12_STOP,1767967200000,,0.0,False,-1532.6078262463918,9696.96822066771,68951.31525344124,,0.14063619354838708,V12_STOP,1767967200000,611,-0.08229673110699104,,68951.31525344124,1,156.71948608137046,,USD,SHORT,dbf84542311c15f69508f91a0e7311ff7e686d96,V12,DOGEUSDT,-9.779306100140253,20109.83409331071
0.5,C005440,0.5,[],19372.31818815972,4.84307954703993,0.139479,1768111200000,,4.836062660897425,0.13927691612903226,V12_STOP,1768122000000,,0.510423996314445,False,766.9083693077565,9686.15909407986,69445.2863447534,,0.13927691612903226,V12_STOP,1768122000000,612,14.033772285010498,,69445.2863447534,1,157.63614499226938,,USD,SHORT,dbf84542311c15f69508f91a0e7311ff7e686d96,V12,DOGEUSDT,4.865054073387587,19751.76503037144
1.0,C005376,1.0,[],20764.998678349366,10.382499339174684,0.012373,1767888000000,RECOVERY_V8,10.013737263720571,0.011989,RECOVERY_V8_MAX_HOLD,1768147200000,,1.9554222535579335,False,-119167.40287241651,20764.998678349366,1678250.9236522561,"{""fraction"": 0.5, ""price"": 0.01187808, ""ts"": 1767985200000}",0.011989,RECOVERY_V8_MAX_HOLD,1768147200000,610,-737.5241509082219,,839125.4618261281,,157.63614499226938,RECOVERY_V8,USD,LONG,dbf84542311c15f69508f91a0e7311ff7e686d96,PENGU,PENGUUSDT,-755.9649652575594,19409.3008048758
1.0,C005450,1.0,[],19601.88975467268,9.80094487733634,2.0965,1768140000000,,9.756469912714445,2.0869864516129035,V12_STOP,1768150800000,,-0.07165756202961435,False,10927.472647969867,19601.88975467268,9349.81624358344,,2.0869864516129035,V12_STOP,1768150800000,613,88.94992924378985,,9349.81624358344,1,157.63614499226938,,USD,SHORT,dbf84542311c15f69508f91a0e7311ff7e686d96,V12,XRPUSDT,69.32085689170945,19488.411819490942
0.5,C005449,0.5,[],19592.088809795343,4.898022202448836,0.140405,1768140000000,,4.776693902038492,0.1369270451612903,V12_STOP,1768150800000,,-0.01078715390377117,False,36724.66571433854,9796.044404897671,69769.91136282662,,0.1369270451612903,V12_STOP,1768150800000,614,242.65660082068905,,69769.91136282662,2,157.63614499226938,,USD,SHORT,dbf84542311c15f69508f91a0e7311ff7e686d96,V12,DOGEUSDT,232.97109756229796,19726.291726409592
1.0,C005460,1.0,[],19857.16276696366,9.928581383481829,2.0854,1768161600000,,9.752280160024211,2.048369677419355,V12_STOP,1768172400000,,0.0,False,52480.47530271451,19857.16276696366,9521.992311769282,,2.048369677419355,V12_STOP,1768172400000,616,352.6024469152379,,9521.992311769282,1,157.63614499226938,,USD,SHORT,dbf84542311c15f69508f91a0e7311ff7e686d96,V12,XRPUSDT,332.92158537173185,20051.81595238392
0.75,C005455,0.75,[],19726.291726409592,7.397359397403598,13.91,1768150800000,,7.360133289724356,13.84,Q102_TIME_EXIT,1768237200000,MR,3.075005722079164,False,9894.77800615287,14794.718794807195,1063.6030765497624,,13.84,Q102_TIME_EXIT,1768237200000,615,74.45221535848367,,1063.6030765497624,,157.63614499226938,,USD,SHORT,dbf84542311c15f69508f91a0e7311ff7e686d96,Q102,AVAXUSDT,62.76972839343489,20114.683335745012
1.3598044372221318,C005522,2.0,[],21806.846854161926,14.826523557056436,187.877831,1768325400000,,14.59744441570924,184.975,BASIS_CONVERGED,1768329000000,,0.0,False,67625.02764365573,29653.047114112873,157.83153848584124,,184.975,BASIS_CONVERGED,1768329000000,620,458.15828269439174,,157.83153848584124,,157.7317824153267,V50_POST_OPEN_BASIS,USD,SHORT,,V52,NVDAUSDT,428.7343147216261,20529.235825725133
1.0,C005516,1.0,[],21794.68146390403,10.897340731952015,1.82,1768320000000,,11.014696709065344,1.8396,V12_STOP,1768330800000,,0.0,False,33565.31017243212,21794.68146390403,11975.099705441775,,1.8396,V12_STOP,1768330800000,619,234.71195422665687,,11975.099705441775,1,157.7317824153267,,USD,LONG,dbf84542311c15f69508f91a0e7311ff7e686d96,V12,NEARUSDT,212.7999167856395,20752.933083242726
0.2559152273646865,C005542,1.0,[],25265.434461863493,3.232904702387691,145.485,1768348800000,,3.2379634206533616,145.71264903225807,V12_STOP,1768359600000,,0.0,False,579.2455326450186,6465.809404775382,44.443134376570654,,145.71264903225807,V12_STOP,1768359600000,622,10.117436531341099,,44.443134376570654,2,158.84674789771753,,USD,LONG,dbf84542311c15f69508f91a0e7311ff7e686d96,V12,SOLUSDT,3.6465684083000465,20741.685757082356
1.0,C005541,1.0,[],25278.0734986128,12.6390367493064,1.868,1768348800000,,12.624893460272846,1.8659096774193549,V12_STOP,1768363200000,,0.0,False,-8506.32408802178,25278.0734986128,13532.159260499357,,1.8659096774193549,V12_STOP,1768363200000,621,-28.28657806710929,,13532.159260499357,1,158.84674789771753,,USD,LONG,dbf84542311c15f69508f91a0e7311ff7e686d96,V12,NEARUSDT,-53.55050827668853,20699.652198145173
1.0,C005486,1.0,[],20053.415740638826,10.026707870319413,0.012158,1768233600000,RECOVERY_V8,11.062638825833833,0.013414129999999998,RECOVERY_V8_TRAILING_STOP,1768366800000,,12.052646931493914,False,327673.0762907368,20053.415740638826,1649400.8669714448,,0.013414129999999998,RECOVERY_V8_TRAILING_STOP,1768366800000,617,2071.8619110288373,,1649400.8669714448,,158.84674789771753,RECOVERY_V8,USD,LONG,dbf84542311c15f69508f91a0e7311ff7e686d96,PENGU,PENGUUSDT,2062.825211264178,22744.06000878302
0.5,C005558,0.5,[],25813.82825618534,6.453457064046336,0.14954,1768363200000,,6.441584041700853,0.14926487741935482,V12_STOP,1768374000000,,0.0,False,-5820.317318248743,12906.91412809267,86310.7805810664,,0.14926487741935482,V12_STOP,1768374000000,623,-23.74604469096351,,86310.7805810664,1,158.84674789771753,,USD,LONG,dbf84542311c15f69508f91a0e7311ff7e686d96,V12,DOGEUSDT,-36.6410857967107,22713.872380050358
0.7701677972644831,C005557,1.0,[],25807.374799121295,9.93800450110909,0.4262,1768363200000,,9.91927512128759,0.42539677419354843,V12_STOP,1768374000000,,0.0,False,-9104.466439685839,19876.00900221818,46635.4035716053,,0.42539677419354843,V12_STOP,1768374000000,624,-37.45875964299806,,46635.4035716053,2,158.84674789771753,,USD,LONG,dbf84542311c15f69508f91a0e7311ff7e686d96,V12,ADAUSDT,-57.31603926539474,22666.49434528607
1.0,C005571,1.0,[],25626.334357564276,12.813167178782138,144.79,1768377600000,,12.846583970396876,145.16761290322583,V12_STOP,1768388400000,,0.0,False,6540.3293244419565,25626.334357564276,176.9896702642743,,145.16761290322583,V12_STOP,1768388400000,625,66.83358322947642,,176.9896702642743,1,158.84674789771753,,USD,LONG,dbf84542311c15f69508f91a0e7311ff7e686d96,V12,SOLUSDT,41.1738320802974,22692.62445406977
0.9994997498749374,C005570,1.0,[],25613.521190385494,12.800354011603355,177.02,1768377600000,,12.85192285683836,177.73316129032258,V12_STOP,1768388400000,,0.0,False,12308.305960119056,25600.70802320671,144.62042720148406,,177.73316129032258,V12_STOP,1768388400000,626,103.1376904700123,,144.62042720148406,2,158.84674789771753,,USD,LONG,dbf84542311c15f69508f91a0e7311ff7e686d96,V12,AAVEUSDT,77.48541360157058,22782.910221682945
1.0,C005501,1.0,[],19471.60946837403,9.735804734187015,0.2143,1768269600000,,10.945170679236284,0.24091999999999997,Q102_TRAIL_5_AFTER_12,1768392000000,HIGH_VOL,-8.494637280439981,False,379573.2435843084,19471.60946837403,90861.453422184,,0.24091999999999997,Q102_TRAIL_5_AFTER_12,1768392000000,618,2418.731890098536,,90861.453422184,,158.84674789771753,,USD,LONG,dbf84542311c15f69508f91a0e7311ff7e686d96,Q102,ENAUSDT,2389.5562774046725,25190.696941102244
0.9994997498749376,C005583,1.0,[],25178.101592631694,12.582753122080574,0.4141,1768392000000,,12.603121399174062,0.41477032258064517,V12_STOP,1768402800000,,0.0,False,2470.17489249932,25165.506244161148,60771.567843905206,,0.41477032258064517,V12_STOP,1768402800000,628,40.73655418697799,,60771.567843905206,2,158.84674789771753,,USD,LONG,dbf84542311c15f69508f91a0e7311ff7e686d96,V12,ADAUSDT,15.550679665723353,25193.652272297415
1.0,C005584,1.0,[],25190.696941102244,12.595348470551123,1.827,1768392000000,,12.699114376166872,1.8420516129032258,V12_STOP,1768410000000,,-2.55905492735007,False,28541.312583524505,25190.696941102244,13788.01146201546,,1.8420516129032258,V12_STOP,1768410000000,627,207.53181123149815,,13788.01146201546,1,158.84674789771753,,USD,LONG,dbf84542311c15f69508f91a0e7311ff7e686d96,V12,NEARUSDT,179.67829345743007,25373.13044145051
1.0,C005591,1.0,[],25590.945549768516,12.795472774884258,147.0338,1768406400000,,12.874001400358894,147.93617870967742,V12_STOP,1768417200000,,0.0,False,20870.521054065564,25590.945549768516,174.0480457538914,,147.93617870967742,V12_STOP,1768417200000,629,157.05725094927084,,174.0480457538914,1,158.84674789771753,,USD,LONG,dbf84542311c15f69508f91a0e7311ff7e686d96,V12,SOLUSDT,131.38777677402769,25511.020830107915
0.5,C005594,0.5,[],25171.4435660309,6.292860891507725,0.147885,1768413600000,,6.338221744267284,0.148951,V12_STOP,1768424400000,,0.0,False,12404.441486325954,12585.72178301545,85104.78941755723,,0.148951,V12_STOP,1768424400000,630,90.72170551911698,,85104.78941755723,2,158.84674789771753,,USD,LONG,dbf84542311c15f69508f91a0e7311ff7e686d96,V12,DOGEUSDT,78.09062288334196,25582.650335353923
1.0,C005600,1.0,[],25507.957057688884,12.753978528844442,0.4149,1768420800000,,12.789259984621294,0.4160477419354839,V12_STOP,1768431600000,,0.0,False,7151.228653860422,25507.957057688884,61479.77116820652,,0.4160477419354839,V12_STOP,1768431600000,631,70.56291155370415,,61479.77116820652,2,158.84674789771753,,USD,LONG,dbf84542311c15f69508f91a0e7311ff7e686d96,V12,ADAUSDT,45.019673040238416,25640.423986923004
1.0,C005626,1.0,[],25640.423986923004,12.820211993461502,0.405,1768471200000,,12.950037700578083,0.40910129032258064,V12_STOP,1768489200000,,0.0,False,37100.606669059125,25640.423986923004,63309.688856600005,,0.40910129032258064,V12_STOP,1768489200000,632,259.651414233163,,63309.688856600005,1,158.63016050124452,,USD,LONG,dbf84542311c15f69508f91a0e7311ff7e686d96,V12,ADAUSDT,233.8811645391234,25874.30515146213
1.0,C005635,1.0,[],25874.30515146213,12.937152575731066,2.221,1768492800000,,12.680855991610322,2.177,OVERLAY_HOLD,1768536000000,,3.3834046420322914,False,77751.19321155717,25874.30515146213,11649.844732760976,,2.177,OVERLAY_HOLD,1768536000000,633,512.5931682414833,,11649.844732760976,0,158.55987611837577,IDLE_RENDER_RELATIVE_SHORT,USD,SHORT,53eeff5417636369d4709fddfd47d7916ddcf3b1,IDLE,RENDERUSDT,490.3585643161742,26364.663715778308
1.0,C005658,1.0,[],26364.663715778308,13.182331857889155,2.11,1768539600000,,13.33227307333434,2.134,OVERLAY_HOLD,1768626000000,,3.3852937932812464,False,-51069.61062093489,26364.663715778308,12495.101287098725,,2.134,OVERLAY_HOLD,1768626000000,634,-299.8824308903697,,12495.101287098725,0,158.10450202289746,IDLE_DOT_MOMENTUM_SHORT_BTCREL,USD,SHORT,53eeff5417636369d4709fddfd47d7916ddcf3b1,IDLE,DOTUSDT,-323.01174202831197,26041.65197374999
0.5,C005718,0.5,[],26041.65197374999,6.510412993437498,0.137025,1768744800000,,6.489159537927261,0.13657767741935484,V12_STOP,1768755600000,,1.237511840365772,False,4860.899251110365,13020.825986874996,95025.1850893997,,0.13657767741935484,V12_STOP,1768755600000,635,42.506911020475286,,95025.1850893997,1,158.10450202289746,,USD,SHORT,dbf84542311c15f69508f91a0e7311ff7e686d96,V12,DOGEUSDT,30.744850329476296,26061.98853595034
1.0,C005717,1.0,[],26035.141560756554,13.017570780378277,13.54,1768744800000,,13.019679692593138,13.542193548387097,V12_STOP,1768755600000,,2.6092826512515988,False,-4370.924216942919,26035.141560756554,1922.831725314369,,13.542193548387097,V12_STOP,1768755600000,636,-4.21782442972347,,1922.831725314369,2,158.10450202289746,,USD,SHORT,dbf84542311c15f69508f91a0e7311ff7e686d96,V12,AVAXUSDT,-27.64579225144329,26044.751031828022
1.0,C005738,1.0,[],26044.751031828022,13.02237551591401,0.3626,1768788000000,,13.060050342149047,0.3636490322580645,V12_STOP,1768798800000,,0.0,False,-16036.868233216743,26044.751031828022,71827.77449483736,,0.3636490322580645,V12_STOP,1768798800000,637,-75.34965247006834,,71827.77449483736,1,158.10450202289746,,USD,SHORT,dbf84542311c15f69508f91a0e7311ff7e686d96,V12,ADAUSDT,-101.43207832813138,25930.309600359495
0.9994997498749374,C005739,1.0,[],26031.72865631211,13.009353140398096,4.668,1768788000000,,13.053800055514142,4.683948387096774,V12_STOP,1768798800000,,0.0,False,-18175.216618939026,26018.706280796192,5573.844533161137,,4.683948387096774,V12_STOP,1768798800000,638,-88.89383023209162,,5573.844533161137,2,158.10450202289746,,USD,SHORT,dbf84542311c15f69508f91a0e7311ff7e686d96,V12,INJUSDT,-114.95698342800385,25828.36197007189
1.0,C005759,1.0,[],25828.36197007189,12.914180985035944,1.564,1768816800000,,12.819356951732734,1.552516129032258,V12_STOP,1768834800000,,0.0,False,25915.62492963325,25828.36197007189,16514.297934828573,,1.552516129032258,V12_STOP,1768834800000,639,189.6480666064205,,16514.297934828573,1,158.10450202289746,,USD,SHORT,dbf84542311c15f69508f91a0e7311ff7e686d96,V12,NEARUSDT,163.91452866965182,25992.27649874154
1.0,C005791,1.0,[],25992.27649874154,12.99613824937077,4.789,1768881600000,,12.643578639070851,4.659083870967742,V12_STOP,1768906800000,,2.5476664415346164,False,107713.49917065745,25992.27649874154,5427.495614688148,,4.659083870967742,V12_STOP,1768906800000,640,705.1192205998369,,5427.495614688148,1,157.93139025019343,,USD,SHORT,dbf84542311c15f69508f91a0e7311ff7e686d96,V12,INJUSDT,682.0271701529299,26661.054948839304
1.0,C005796,1.0,[],26497.440110329077,13.248720055164538,91144.8,1768896000000,,13.185525449711685,90710.05161290323,V12_STOP,1768906800000,,0.0,False,15786.026648163775,26497.440110329077,0.29071806740844325,,90710.05161290323,V12_STOP,1768906800000,641,126.38921090571073,,0.29071806740844325,1,157.93139025019343,,USD,SHORT,dbf84542311c15f69508f91a0e7311ff7e686d96,V12,BTCUSDT,99.9549654008345,26774.258634295304
1.0,C005808,1.0,[],26774.258634295304,13.387129317147652,90914.1,1768917600000,,13.24299330468623,89935.24967741936,V12_STOP,1768928400000,,1.4431098714979473,False,41549.38172639282,26774.258634295304,0.2945006179931969,,89935.24967741936,V12_STOP,1768928400000,642,288.27202492284124,,0.2945006179931969,1,157.93139025019343,,USD,SHORT,dbf84542311c15f69508f91a0e7311ff7e686d96,V12,BTCUSDT,263.0850121725053,27026.63942519617
0.9994997498749374,C005809,1.0,[],26760.871504978157,13.373742187830503,1.535,1768917600000,,13.291450883583433,1.5255548387096773,V12_STOP,1768928400000,,2.66952091618975,False,22203.090307020047,26747.484375661006,17425.071254502283,,1.5255548387096773,V12_STOP,1768928400000,643,164.58260849413767,,17425.071254502283,2,157.93139025019343,,USD,SHORT,dbf84542311c15f69508f91a0e7311ff7e686d96,V12,NEARUSDT,140.5869363389135,27177.930582806723
1.0,C005823,1.0,[],27177.930582806723,13.588965291403362,0.3523,1768932000000,,13.539368983590615,0.3510141935483871,V12_STOP,1768942800000,,0.0,False,11381.212141065229,27177.930582806723,77144.28209709543,,0.3510141935483871,V12_STOP,1768942800000,644,99.19261562549194,,77144.28209709543,2,157.93139025019343,,USD,SHORT,dbf84542311c15f69508f91a0e7311ff7e686d96,V12,ADAUSDT,72.06428135049795,27236.397264492043
1.0,C005830,1.0,[],27195.199330354157,13.597599665177079,89686.3,1768939200000,,13.568589760232065,89494.95806451613,V12_STOP,1768950000000,,0.0,False,4872.755174228342,27195.199330354157,0.30322579179154624,,89494.95806451613,V12_STOP,1768950000000,645,58.01980989002336,,0.30322579179154624,1,157.93139025019343,,USD,SHORT,dbf84542311c15f69508f91a0e7311ff7e686d96,V12,BTCUSDT,30.853620464614217,27280.848484621834
0.5,C005840,0.5,[],27280.848484621834,6.820212121155459,0.123315,1768953600000,,6.830210599421683,0.1234957806451613,V12_STOP,1768964400000,,0.0,False,-5312.774292356124,13640.424242310917,110614.4770896559,,0.1234957806451613,V12_STOP,1768964400000,646,-19.99695653244836,,110614.4770896559,1,157.8956343792633,,USD,SHORT,dbf84542311c15f69508f91a0e7311ff7e686d96,V12,DOGEUSDT,-33.6473792530255,27240.449520059326
0.5,C005847,0.5,[],27006.34123794371,6.751585309485928,68.43,1768960800000,,6.773552397023496,68.65264516129032,V12_STOP,1768971600000,,0.0,False,-9072.574642654625,13503.170618971855,197.32822766289425,,68.65264516129032,V12_STOP,1768971600000,647,-43.934175075137325,,197.32822766289425,2,157.8956343792633,,USD,SHORT,dbf84542311c15f69508f91a0e7311ff7e686d96,V12,LTCUSDT,-57.459312781646744,27176.163993396083
0.9986810546883131,C005854,1.0,[],27147.977838734092,13.556085570320958,12.3581,1768975200000,,13.432759869420844,12.245672903225808,V12_STOP,1768986000000,,2.6831135291836987,False,35107.41059871194,27112.171140641916,2193.878601131397,,12.245672903225808,V12_STOP,1768986000000,649,246.6514018002296,,2193.878601131397,2,157.8956343792633,,USD,SHORT,dbf84542311c15f69508f91a0e7311ff7e686d96,V12,AVAXUSDT,222.34566988967148,27401.207606777305
1.0,C005851,1.0,[],27155.598382164284,13.577799191082143,1.5415,1768968000000,,13.34759900172676,1.5153651612903227,V12_STOP,1768993200000,,2.6979434915526825,False,68869.80053553906,27155.598382164284,17616.346663745884,,1.5153651612903227,V12_STOP,1768993200000,648,460.40037871076163,,17616.346663745884,1,157.8956343792633,,USD,SHORT,dbf84542311c15f69508f91a0e7311ff7e686d96,V12,NEARUSDT,436.17292400950544,27834.436468256306
1.0,C005861,1.0,[],27647.836460069746,13.823918230034874,12.291,1768989600000,,13.729057273278556,12.20665806451613,V12_STOP,1769004000000,,0.0,False,25605.767343593234,27647.836460069746,2249.4375120063255,,12.20665806451613,V12_STOP,1769004000000,650,189.72191351263487,,2249.4375120063255,2,157.8956343792633,,USD,SHORT,dbf84542311c15f69508f91a0e7311ff7e686d96,V12,LINKUSDT,162.16893800932144,27996.388387198374
1.0,C005865,1.0,[],28081.874594577006,14.040937297288503,12.105,1768996800000,,13.921100195798802,12.001685806451613,V12_STOP,1769007600000,,0.0,False,33428.4266752693,28081.874594577006,2319.8574634099136,,12.001685806451613,V12_STOP,1769007600000,651,239.67420297940245,,2319.8574634099136,2,157.8956343792633,,USD,SHORT,dbf84542311c15f69508f91a0e7311ff7e686d96,V12,AVAXUSDT,211.71216548631514,28208.038902202527
1.0,C005869,1.0,[],28205.175558905266,14.102587779452634,1.5025,1769004000000,,14.152140235380609,1.5077793548387097,V12_STOP,1769014800000,,2.9143783730582644,False,-19649.363509676652,28205.175558905266,18772.163433547597,,1.5077793548387097,V12_STOP,1769014800000,652,-99.10491185595035,,18772.163433547597,1,157.8956343792633,,USD,SHORT,dbf84542311c15f69508f91a0e7311ff7e686d96,V12,NEARUSDT,-124.44526149772533,28084.995775240644
0.9313796223166066,C005873,1.0,[],27272.345108898204,12.700453243606882,4.7415,1769011200000,,12.10257750749429,4.518293178290323,V12_TAKE_PROFIT,1769018400000,,0.0,False,184887.64699196,25400.906487213764,5357.1457317755485,,4.518293178290323,V12_TAKE_PROFIT,1769018400000,653,1195.7514722251842,,5357.1457317755485,2,157.8956343792633,,USD,SHORT,dbf84542311c15f69508f91a0e7311ff7e686d96,V12,INJUSDT,1170.948441474083,29268.644669958336
0.5,C005878,0.5,[],29268.644669958336,7.3171611674895845,66.61,1769018400000,,7.57688539614327,68.9743364516129,V12_STOP,1769025600000,,0.0,False,-84370.34862451626,14634.322334979168,219.70158136885104,,68.9743364516129,V12_STOP,1769025600000,654,-519.448457307372,,219.70158136885104,2,157.8956343792633,,USD,SHORT,dbf84542311c15f69508f91a0e7311ff7e686d96,V12,LTCUSDT,-534.3425038710049,28734.30216608733
1.0,C005883,1.0,[],28734.30216608733,14.367151083043666,1.5723,1769025600000,,14.160392246991075,1.5496729032258065,V12_STOP,1769036400000,,0.0,False,60788.26061270597,28734.30216608733,18275.33051331637,,1.5496729032258065,V12_STOP,1769036400000,655,413.5176721051809,,18275.33051331637,1,157.8956343792633,,USD,SHORT,dbf84542311c15f69508f91a0e7311ff7e686d96,V12,NEARUSDT,384.99012877514616,29112.083070579905
0.5,C005889,0.5,[],28836.89713028951,7.209224282572378,69.31,1769032800000,,7.128925319274933,68.538,V12_STOP,1769043600000,,1.4247865275238267,False,23303.187410268805,14418.448565144756,208.02840232498565,,68.538,V12_STOP,1769043600000,656,160.59792659489008,,208.02840232498565,2,157.79027174376012,,USD,SHORT,dbf84542311c15f69508f91a0e7311ff7e686d96,V12,LTCUSDT,147.6845635205666,29266.976858383045
1.0,C005902,1.0,[],28984.648518570844,14.492324259285423,1.5525,1769047200000,,14.35527690347251,1.5378187096774194,V12_STOP,1769058000000,,0.0,False,38697.60820433937,28984.648518570844,18669.660881527114,,1.5378187096774194,V12_STOP,1769058000000,658,274.09471162582537,,18669.660881527114,2,157.79027174376012,,USD,SHORT,dbf84542311c15f69508f91a0e7311ff7e686d96,V12,NEARUSDT,245.24711046306746,29493.932108309622
1.25,C005898,1.25,[],29266.976858383045,18.291860536489402,12.47,1769043600000,,18.039705698781102,12.2981,Q102_TIME_EXIT,1769086800000,REV,1.726055898521708,False,74114.74784712675,36583.721072978806,2933.73865861899,,12.2981,Q102_TIME_EXIT,1769086800000,657,504.3096754166068,,2933.73865861899,,157.79027174376012,,USD,SHORT,dbf84542311c15f69508f91a0e7311ff7e686d96,Q102,AVAXUSDT,469.704165079858,29981.92813392597
0.5,C005920,0.5,[],29981.92813392597,7.495482033481492,68.48,1769090400000,,7.377503609516526,67.40212903225807,V12_STOP,1769101200000,,1.489245451920987,False,35119.87115296746,14990.964066962984,218.91010611803424,,67.40212903225807,V12_STOP,1769101200000,659,235.95684792993416,,218.91010611803424,1,157.79027174376012,,USD,SHORT,dbf84542311c15f69508f91a0e7311ff7e686d96,V12,LTCUSDT,222.57310773885712,30189.855169451246
1.0,C005919,1.0,[],29974.432651892486,14.987216325946244,2971.05,1769090400000,,14.706066535591434,2915.315161290323,V12_STOP,1769101200000,,0.34114411236832387,False,84093.92169208096,29974.432651892486,10.088834806513685,,2915.315161290323,V12_STOP,1769101200000,660,562.2995807096177,,10.088834806513685,2,157.79027174376012,,USD,SHORT,dbf84542311c15f69508f91a0e7311ff7e686d96,V12,ETHUSDT,532.9474419604483,30737.448683625273
1.0,C005928,1.0,[],30737.448683625273,15.368724341812637,128.61,1769104800000,,15.272834057892831,127.80756193548388,V12_STOP,1769115600000,,0.0,False,25426.16808804305,30737.448683625273,238.99734611325147,,127.80756193548388,V12_STOP,1769115600000,661,191.7805678396112,,238.99734611325147,1,157.79027174376012,,USD,SHORT,dbf84542311c15f69508f91a0e7311ff7e686d96,V12,SOLUSDT,161.13900943990572,30898.58769306518
1.25,C005940,1.25,[],30898.58769306518,19.311617308165737,1.607,1769144400000,,18.64466350567464,1.5515,Q102_TIME_EXIT,1769230800000,REV,11.312962689839688,False,206755.28079750968,38623.23461633147,24034.371260940556,,1.5515,Q102_TIME_EXIT,1769230800000,662,1333.907604982198,,24034.371260940556,,158.1587463805144,,USD,SHORT,dbf84542311c15f69508f91a0e7311ff7e686d96,Q102,APTUSDT,1307.2642868581975,32205.85197992338
1.0,C005965,1.0,[],32205.85197992338,16.10292598996169,2.0158442,1769230800000,,15.973378482297354,1.9996268,OVERLAY_HOLD,1769274000000,,4.751501890062429,False,36656.48629632767,32205.85197992338,15976.359671011965,,1.9996268,OVERLAY_HOLD,1769274000000,663,259.095015328672,,15976.359671011965,0,158.1587463805144,IDLE_RENDER_RELATIVE_SHORT,USD,SHORT,53eeff5417636369d4709fddfd47d7916ddcf3b1,IDLE,RENDERUSDT,231.77021274647538,32437.622192669853
1.0,C005977,1.0,[],32437.622192669853,16.218811096334928,1.9996268,1769274000000,,16.128562522297663,1.9885,OVERLAY_HOLD,1769317200000,,4.475693639800038,False,24139.052699754713,32437.622192669853,16221.838091322768,,1.9885,OVERLAY_HOLD,1769317200000,664,180.49714807453006,,16221.838091322768,0,158.1587463805144,IDLE_RENDER_RELATIVE_SHORT,USD,SHORT,53eeff5417636369d4709fddfd47d7916ddcf3b1,IDLE,RENDERUSDT,152.6254680956975,32590.247660765548
1.0,C005997,1.0,[],32398.740114379994,16.19937005719,1.8926,1769335200000,,16.219564531526085,1.8949593548387098,V12_STOP,1769346000000,,0.0,False,-11515.203543161679,32398.740114379994,17118.641083366794,,1.8949593548387098,V12_STOP,1769346000000,666,-40.38894867217694,,17118.641083366794,1,158.1587463805144,,USD,SHORT,dbf84542311c15f69508f91a0e7311ff7e686d96,V12,XRPUSDT,-72.80788326089302,32484.719524701493
0.9994997498749374,C005996,1.0,[],32382.540744322803,16.183170687132808,126.67,1769335200000,,16.18561672687189,126.68914580645162,V12_STOP,1769346000000,,0.0,False,-5893.1319967161935,32366.341374265612,255.5170235593717,,126.68914580645162,V12_STOP,1769346000000,667,-4.892079478161334,,255.5170235593717,2,158.1587463805144,,USD,SHORT,dbf84542311c15f69508f91a0e7311ff7e686d96,V12,SOLUSDT,-37.260866892166035,32463.64182849646
1.0,C006002,1.0,[],32284.355624983695,16.14217781249185,2940.35,1769349600000,,16.05989402764415,2925.361741935484,V12_STOP,1769360400000,,1.8268011196393772,False,21223.685779789248,32284.355624983695,10.97976622680419,,2925.361741935484,V12_STOP,1769360400000,668,164.56756969539583,,10.97976622680419,2,158.1587463805144,,USD,SHORT,dbf84542311c15f69508f91a0e7311ff7e686d96,V12,ETHUSDT,134.19229897489922,32580.48005991503
1.0,C006009,1.0,[],32767.945020095067,16.383972510047535,1.8862,1769356800000,,16.02339888424827,1.8446890677419356,V12_TAKE_PROFIT,1769364000000,,0.0,False,108930.23603536731,32767.945020095067,17372.465814916268,,1.8446890677419356,V12_TAKE_PROFIT,1769364000000,669,721.1472515985298,,17372.465814916268,1,158.1587463805144,,USD,SHORT,dbf84542311c15f69508f91a0e7311ff7e686d96,V12,XRPUSDT,688.7398802042339,33285.57764361477
1.0,C006016,1.0,[],34464.124034799366,17.232062017399684,4.227,1769371200000,,17.24760460432875,4.230812574193549,V12_STOP,1769382000000,,0.0,False,-10369.652976933554,34464.124034799366,8153.32955637553,,4.230812574193549,V12_STOP,1769382000000,670,-31.085173858134684,,8153.32955637553,1,158.1587463805144,,USD,SHORT,dbf84542311c15f69508f91a0e7311ff7e686d96,V12,INJUSDT,-65.56484047986311,33217.73825850703
0.75,C005993,0.75,[],32590.247660765548,12.221342872787082,0.22495,1769331600000,,11.97686168617876,0.22045,Q102_TIME_EXIT,1769504400000,BRK,-31.507126367880463,False,66811.48644705447,24442.685745574163,108658.30515925388,,0.22045,Q102_TIME_EXIT,1769504400000,665,488.9623732166429,,108658.30515925388,,154.2075025346401,,USD,SHORT,dbf84542311c15f69508f91a0e7311ff7e686d96,Q102,FETUSDT,433.2570422897966,33640.48359023264
1.0,C006026,1.0,[],33503.01691519985,16.751508457599925,0.009501,1769392800000,RECOVERY_V8,18.019058658666943,0.01021992,RECOVERY_V8_TRAILING_STOP,1769587200000,,-23.93972337406099,False,379731.1419413755,33503.01691519985,3526262.1740027205,,0.01021992,RECOVERY_V8_TRAILING_STOP,1769587200000,671,2535.1004021340345,,3526262.1740027205,,153.34059854136976,RECOVERY_V8,USD,LONG,dbf84542311c15f69508f91a0e7311ff7e686d96,PENGU,PENGUUSDT,2476.390111643707,36134.10557748811
1.25,C006078,1.25,[],34996.547996790716,21.8728424979942,1.585,1769547600000,,22.07984100743894,1.6,Q102_TIME_EXIT,1769634000000,REV,13.151305300055819,False,-68205.65244076784,43745.6849959884,27599.801259298674,,1.6,Q102_TIME_EXIT,1769634000000,672,-413.99701888948357,,27599.801259298674,,153.34059854136976,,USD,SHORT,dbf84542311c15f69508f91a0e7311ff7e686d96,Q102,APTUSDT,-444.7983970948609,35702.39500615041
2.0,C006140,2.0,[],38565.28265931284,38.56528265931284,417.805,1769704200000,,38.84727291439404,420.86,BASIS_CONVERGED,1769715000000,,0.0,False,74265.20743329692,77130.56531862568,184.60900496314233,,420.86,BASIS_CONVERGED,1769715000000,674,563.9805101624011,,184.60900496314233,,152.63069984967427,V50_POST_OPEN_BASIS,USD,LONG,,V52,TSLAUSDT,486.5679545886942,36165.56115597546
1.0,C006145,1.0,[],38758.510726154265,19.37925536307713,1.358,1769716800000,,19.436604112023215,1.3620187096774194,V12_STOP,1769727600000,,0.0,False,-23430.851171238617,38758.510726154265,28540.87682338311,,1.3620187096774194,V12_STOP,1769727600000,675,-114.6974978921634,,28540.87682338311,1,152.63069984967427,,USD,SHORT,dbf84542311c15f69508f91a0e7311ff7e686d96,V12,NEARUSDT,-153.51335736726375,36000.826876225896
0.5,C006144,0.5,[],38739.13147079119,9.684782867697797,0.115495,1769716800000,,9.69839976689494,0.1156573870967742,V12_STOP,1769727600000,,0.0,False,-7115.182439316547,19369.565735395594,167709.12797433304,,0.1156573870967742,V12_STOP,1769727600000,676,-27.233798394284662,,167709.12797433304,2,152.63069984967427,,USD,SHORT,dbf84542311c15f69508f91a0e7311ff7e686d96,V12,DOGEUSDT,-46.616981028877404,35963.89467806472
0.964181085678979,C006154,1.0,[],39324.7336980846,18.95808221552797,1.345,1769738400000,,18.682270423420064,1.3254322580645161,V12_STOP,1769749200000,,0.0,False,78798.16454689496,37916.16443105594,28190.4568260639,,1.3254322580645161,V12_STOP,1769749200000,678,551.6235842158169,,28190.4568260639,1,153.30882352941174,,USD,SHORT,dbf84542311c15f69508f91a0e7311ff7e686d96,V12,NEARUSDT,513.9832315768689,36449.87756430733
1.0,C006125,1.0,[],35702.39500615041,17.851197503075205,0.4405,1769666400000,,16.12078630357166,0.3978,OVERLAY_HOLD,1769752800000,,-9.365739579217225,False,523930.55504928343,35702.39500615041,81049.70489477958,,0.3978,OVERLAY_HOLD,1769752800000,673,3460.8223990070896,,81049.70489477958,0,153.30882352941174,IDLE_TIA_BREAKDOWN_SHORT_VOLCAP100,USD,SHORT,53eeff5417636369d4709fddfd47d7916ddcf3b1,IDLE,TIAUSDT,3417.484675621226,39893.9881228484
0.12047637986913706,C006164,1.0,[],40540.687792673576,2.442097651333115,1.7467,1769745600000,,2.4492912084996727,1.7518451612903225,V12_STOP,1769756400000,,0.0,False,-2955.564643918994,4884.1953026662295,2796.241657220032,,1.7518451612903225,V12_STOP,1769756400000,679,-14.387114333116047,,2796.241657220032,1,153.30882352941174,,USD,SHORT,dbf84542311c15f69508f91a0e7311ff7e686d96,V12,XRPUSDT,-19.278503192948836,39877.151717306784
1.0,C006170,1.0,[],41534.36943446172,20.767184717230858,1.332,1769760000000,,20.58763698536872,1.320483870967742,V12_STOP,1769770800000,,4.153436943446172,False,49349.20254722665,41534.36943446172,31181.95903488117,,1.320483870967742,V12_STOP,1769770800000,680,359.0954637242769,,31181.95903488117,1,153.30882352941174,,USD,SHORT,dbf84542311c15f69508f91a0e7311ff7e686d96,V12,NEARUSDT,321.8940789651235,40187.35996862019
0.8894202128532092,C006169,1.0,[],41513.60224974449,18.461518474635604,10.84,1769760000000,,18.339302387268997,10.76823870967742,V12_STOP,1769770800000,,3.6953692607254918,False,32398.251303697743,36923.036949271205,3406.1842204124728,,10.76823870967742,V12_STOP,1769770800000,681,244.43217473321235,,3406.1842204124728,2,153.30882352941174,,USD,SHORT,dbf84542311c15f69508f91a0e7311ff7e686d96,V12,LINKUSDT,211.32672313203327,40413.452840966136
1.0,C006180,1.0,[],41624.49655734858,20.812248278674293,0.3253,1769781600000,,20.594762213840177,0.3219006451612903,V12_STOP,1769792400000,,-0.10300661765950836,False,60321.21357967351,41624.49655734858,127957.25962910724,,0.3219006451612903,V12_STOP,1769792400000,682,434.9721296682363,,127957.25962910724,1,153.30882352941174,,USD,SHORT,dbf84542311c15f69508f91a0e7311ff7e686d96,V12,ADAUSDT,393.4621125580623,40757.9952759562
0.8810994173320523,C006181,1.0,[],41603.68430906991,18.328491001794074,2728.05,1769781600000,,18.149344599074855,2701.3854838709676,V12_STOP,1769792400000,,0.7878018576323913,False,49457.85139591884,36656.98200358815,13.437063838121789,,2701.3854838709676,V12_STOP,1769792400000,683,358.2928054384386,,13.437063838121789,2,153.30882352941174,,USD,SHORT,dbf84542311c15f69508f91a0e7311ff7e686d96,V12,ETHUSDT,322.6027716952021,41098.13873679556
1.2792190210443017,C006189,2.0,[],41904.229363838356,26.802343632212594,193.96,1769790600000,,26.610266618143836,192.57,BASIS_CONVERGED,1769794200000,,0.0,False,50705.57766872933,53604.687264425185,276.3698044154732,,192.57,BASIS_CONVERGED,1769794200000,684,384.15402813751183,,276.3698044154732,,153.30882352941174,V50_POST_OPEN_BASIS,USD,SHORT,,V52,NVDAUSDT,330.7414178871554,41455.68249831493
2.0,C006192,2.0,[],42985.42192953486,42.98542192953486,435.32,1769794200000,,43.14094439470765,436.895,BASIS_CONVERGED,1769797800000,,0.0,False,34482.0004400345,85970.84385906972,197.48884466385584,,436.895,BASIS_CONVERGED,1769797800000,685,311.0449303455707,,197.48884466385584,,153.30882352941174,V50_POST_OPEN_BASIS,USD,LONG,,V52,TSLAUSDT,224.9185640213282,41654.728883533884
1.0,C006194,1.0,[],43349.09015240214,21.67454507620107,1.311,1769796000000,,21.45460505530037,1.2976967741935483,V12_STOP,1769806800000,,0.0,False,60825.41243615698,43349.09015240214,33065.66754569195,,1.2976967741935483,V12_STOP,1769806800000,686,439.8800418013983,,33065.66754569195,1,153.30882352941174,,USD,SHORT,dbf84542311c15f69508f91a0e7311ff7e686d96,V12,NEARUSDT,396.7508916698969,42073.15432027998
0.19376340210132525,C006193,1.0,[],43327.41560732594,4.1976337261667656,138.75,1769796000000,,4.116668312750271,136.07374193548387,V12_STOP,1769806800000,,0.0,False,23550.768690856105,8395.267452333532,60.50643208889032,,136.07374193548387,V12_STOP,1769806800000,687,161.93082683299048,,60.50643208889032,2,153.30882352941174,,USD,SHORT,dbf84542311c15f69508f91a0e7311ff7e686d96,V12,AAVEUSDT,153.61652479407343,42230.96847880022
1.25,C006151,1.25,[],38192.494466124364,23.87030904132773,1.498,1769734800000,,23.137308897201507,1.452,Q102_TIME_EXIT,1769821200000,REV,-3.894205722655068,False,217969.56717367927,47740.618082655456,31869.571483748634,,1.452,Q102_TIME_EXIT,1769821200000,677,1466.0002882524384,,31869.571483748634,,154.03137847134826,,USD,SHORT,dbf84542311c15f69508f91a0e7311ff7e686d96,Q102,APTUSDT,1415.098464591254,43635.07143961019
0.9484477412159888,C006202,1.0,[],43848.495349358396,20.794003184909382,10.787,1769810400000,,20.759615664204187,10.76916129032258,V12_STOP,1769821200000,,4.156487407740949,False,4833.18272607791,41588.006369818766,3855.3820682134756,,10.76916129032258,V12_STOP,1769821200000,689,68.77504141039196,,3855.3820682134756,1,154.03137847134826,,USD,SHORT,dbf84542311c15f69508f91a0e7311ff7e686d96,V12,LINKUSDT,31.377909969019345,43683.08686535638
1.0,C006212,1.0,[],43755.09321209439,21.877546606047197,1.316,1769839200000,,21.6090913694802,1.2998516129032258,V12_STOP,1769850000000,,4.315661929278003,False,76667.5008560613,43755.09321209439,33248.551073020055,,1.2998516129032258,V12_STOP,1769850000000,690,536.9104731339964,,33248.551073020055,1,154.03137847134826,,USD,SHORT,dbf84542311c15f69508f91a0e7311ff7e686d96,V12,NEARUSDT,497.73949708774705,44169.92295499164
0.5,C006215,0.5,[],44848.67577844291,11.212168944610728,63.67,1769846400000,,11.040637989407504,62.69593548387097,V12_STOP,1769857200000,,-0.42405222434099804,False,49349.35108535642,22424.337889221453,352.19629164789467,,62.69593548387097,V12_STOP,1769857200000,691,343.0619104064464,,352.19629164789467,1,154.03137847134826,,USD,SHORT,dbf84542311c15f69508f91a0e7311ff7e686d96,V12,LTCUSDT,320.38505124808717,44478.888645815794
1.0,C006219,1.0,[],46111.16318577728,23.05558159288864,2647.45,1769853600000,,22.874468007524378,2626.6529032258063,V12_STOP,1769871600000,,0.0,False,48719.68157388243,46111.16318577728,17.41719888412521,,2626.6529032258063,V12_STOP,1769871600000,692,362.22717072852714,,17.41719888412521,1,154.03137847134826,,USD,SHORT,dbf84542311c15f69508f91a0e7311ff7e686d96,V12,ETHUSDT,316.2971211281141,44808.458511939476
0.5,C006226,0.5,[],47490.677515726,11.8726693789315,62.33,1769868000000,,11.251626918476694,59.069606290322575,V12_TAKE_PROFIT,1769871600000,,0.0,False,187758.18531131325,23745.338757863,380.9616357751163,,59.069606290322575,V12_TAKE_PROFIT,1769871600000,693,1242.0849209096107,,380.9616357751163,1,154.03137847134826,,USD,SHORT,dbf84542311c15f69508f91a0e7311ff7e686d96,V12,LTCUSDT,1218.9606246122025,46039.29180593061
0.9994997498749374,C006234,1.0,[],50434.58013116893,25.204675113075417,1.238,1769875200000,,23.57409327382259,1.1579092903225807,V12_TAKE_PROFIT,1769882400000,,0.0,False,494808.07588614966,50409.35022615083,40718.37659624461,,1.1579092903225807,V12_TAKE_PROFIT,1769882400000,695,3261.1636785056508,,40718.37659624461,2,154.03137847134826,,USD,SHORT,dbf84542311c15f69508f91a0e7311ff7e686d96,V12,NEARUSDT,3212.3849101187525,49228.4186995454
1.0,C006233,1.0,[],50459.81003618703,25.229905018093515,10.14,1769875200000,,23.85435589230588,9.587161290322582,V12_STOP_AMBIGUOUS,1769886000000,,0.0,False,416194.9396309795,50459.81003618703,4976.312626842902,,9.587161290322582,V12_STOP_AMBIGUOUS,1769886000000,694,2751.0982515752753,,4976.312626842902,1,154.03137847134826,,USD,SHORT,dbf84542311c15f69508f91a0e7311ff7e686d96,V12,AVAXUSDT,2702.0139906648756,51926.99572503707
1.0,C006200,1.0,[],43856.3166244714,21.928158312235702,0.008794,1769806800000,SHORT_V20,18.03106028369045,0.007231120000000001,SHORT_TRAILING_STOP,1769889600000,,8.839300261050752,False,1195757.31883056,43856.3166244714,4987072.62047662,,0.007231120000000001,SHORT_TRAILING_STOP,1769889600000,688,7794.196057090496,,4987072.62047662,,154.03137847134826,SHORT_V20,USD,SHORT,dbf84542311c15f69508f91a0e7311ff7e686d96,PENGU,PENGUUSDT,7763.07613875562,59705.00194905535
1.0,C006246,1.0,[],57333.74038260492,28.66687019130246,78880.7,1769882400000,,27.584086926579467,75901.27806451613,V12_STOP,1769893200000,,0.0,False,324900.78523677983,57333.74038260492,0.7268411713208037,,75901.27806451613,V12_STOP,1769893200000,696,2165.566529445993,,0.7268411713208037,2,154.03137847134826,,USD,SHORT,dbf84542311c15f69508f91a0e7311ff7e686d96,V12,BTCUSDT,2109.315572328111,61842.98439157477
1.0,C006267,1.0,[],61729.273722213125,30.864636861106565,2417.25,1769896800000,,30.86780015198421,2417.497741935484,V12_STOP,1769907600000,,-7.104141346322796,False,-11577.48516273008,61729.273722213125,25.536983647621522,,2417.497741935484,V12_STOP,1769907600000,698,-6.326581755287578,,25.536983647621522,2,154.03137847134826,,USD,SHORT,dbf84542311c15f69508f91a0e7311ff7e686d96,V12,ETHUSDT,-75.16316011470114,61708.400754398564
0.8608594675739485,C006273,1.0,[],59042.67905823326,25.4137246291051,78705.1,1769904000000,,25.349486246109958,78506.15677419354,V12_STOP,1769914800000,,0.0,False,11970.326020284594,50827.4492582102,0.6457961333917396,,78506.15677419354,V12_STOP,1769914800000,699,128.47676599029327,,0.6457961333917396,1,154.03137847134826,,USD,SHORT,dbf84542311c15f69508f91a0e7311ff7e686d96,V12,BTCUSDT,77.71355511507821,61780.108452770975
1.0,C006281,1.0,[],59077.492423979245,29.538746211989622,1.6595,1769911200000,,29.652527042775574,1.6658922580645161,V12_STOP,1769922000000,,0.0,False,-44168.949832056416,59077.492423979245,35599.573620957664,,1.6658922580645161,V12_STOP,1769922000000,700,-227.5616615719032,,35599.573620957664,1,154.03137847134826,,USD,SHORT,dbf84542311c15f69508f91a0e7311ff7e686d96,V12,XRPUSDT,-286.75293482666837,61520.84355404876
1.0,C006263,1.0,[],61842.98439157477,30.921492195787387,1.52,1769893200000,,31.796244935536635,1.563,OVERLAY_HOLD,1769936400000,,-5.499726302849722,False,-279986.3705789147,61842.98439157477,40686.17394182551,,1.563,OVERLAY_HOLD,1769936400000,697,-1749.505479498494,,40686.17394182551,0,154.03137847134826,IDLE_RENDER_RELATIVE_SHORT,USD,SHORT,53eeff5417636369d4709fddfd47d7916ddcf3b1,IDLE,RENDERUSDT,-1817.7229429326676,59687.607567215404
0.5,C006287,0.5,[],59038.98694359741,14.759746735899354,59.44,1769925600000,,14.709058767905189,59.23587096774194,V12_STOP,1769936400000,,-3.98805476368904,False,10461.668857780407,29519.493471798705,496.6267407772326,,59.23587096774194,V12_STOP,1769936400000,701,101.3759359883306,,496.6267407772326,1,154.03137847134826,,USD,SHORT,dbf84542311c15f69508f91a0e7311ff7e686d96,V12,LTCUSDT,67.91907572083701,59774.27444443583
1.0,C006286,1.0,[],59024.22719686151,29.512113598430755,3.68,1769925600000,,29.39808011601325,3.66578064516129,V12_STOP,1769936400000,,-5.19142650238806,False,25255.808053066965,59024.22719686151,16039.192173060192,,3.66578064516129,V12_STOP,1769936400000,702,228.0669648350058,,16039.192173060192,2,154.03137847134826,,USD,SHORT,dbf84542311c15f69508f91a0e7311ff7e686d96,V12,INJUSDT,163.96534461817373,59972.94332915483
0.9994997498749376,C006297,1.0,[],59942.95685749025,29.956485192912844,2411.05,1769947200000,,29.576899695809736,2380.4990322580647,V12_STOP,1769958000000,,0.0,False,107766.14539357189,59912.97038582568,24.849327216700473,,2380.4990322580647,V12_STOP,1769958000000,704,759.1709942062145,,24.849327216700473,2,154.03137847134826,,USD,SHORT,dbf84542311c15f69508f91a0e7311ff7e686d96,V12,ETHUSDT,699.6376093174919,60642.59446680774
1.0,C006298,1.0,[],59972.94332915483,29.986471664577415,9.845,1769947200000,,28.857873209745794,9.474464516129032,V12_STOP,1769965200000,,5.836473032368028,False,339514.2759070465,59972.94332915483,6091.715929827813,,9.474464516129032,V12_STOP,1769965200000,703,2257.196909663235,,6091.715929827813,1,154.03137847134826,,USD,SHORT,dbf84542311c15f69508f91a0e7311ff7e686d96,V12,LINKUSDT,2204.1890378212797,62846.82001073611
1.0,C006307,1.0,[],62622.40214400179,31.311201072000895,77569.7,1769961600000,,31.203171951845253,77302.07096774194,V12_STOP,1769972400000,,1.3612355145162514,False,23860.246516831103,62622.40214400179,0.807304941800752,,77302.07096774194,V12_STOP,1769972400000,705,216.05824031128532,,0.807304941800752,1,154.03137847134826,,USD,SHORT,dbf84542311c15f69508f91a0e7311ff7e686d96,V12,BTCUSDT,154.9051028019554,63000.307332765915
1.0,C006311,1.0,[],62735.49265926178,31.36774632963089,756.15,1769968800000,,31.394750748063483,756.8009677419354,V12_STOP,1769979600000,,0.0,False,-17986.449533159575,62735.49265926178,82.96699419329734,,756.8009677419354,V12_STOP,1769979600000,706,-54.00883686518321,,82.96699419329734,2,154.03137847134826,,USD,SHORT,dbf84542311c15f69508f91a0e7311ff7e686d96,V12,BNBUSDT,-116.77133394287759,62914.90374515267
1.0,C006322,1.0,[],62914.90374515267,31.457451872576335,0.10455,1769979600000,,31.221257709783675,0.103765,FORMAL_PRIORITY,1769983200000,,0.0,False,-82417.1130014553,62914.90374515267,601768.567624607,,0.10387,OVERLAY_HOLD,1770022800000,707,-472.38832558532124,,601768.567624607,1,154.03137847134826,DOGE_REL_VOL,USD,LONG,53eeff5417636369d4709fddfd47d7916ddcf3b1,RESIDUAL,DOGEUSDT,-535.0670351676812,62379.836709984986
1.0,C006323,1.0,[],62379.836709984986,31.189918354992493,76470.1,1769983200000,,30.95821591898783,75902.02193548388,V12_STOP,1769994000000,,1.6994229704486765,False,62067.892897035745,62379.836709984986,0.8157415344034463,,75902.02193548388,V12_STOP,1769994000000,708,463.40487200932665,,0.8157415344034463,1,154.03137847134826,,USD,SHORT,dbf84542311c15f69508f91a0e7311ff7e686d96,V12,BTCUSDT,402.956160705795,62743.970483361074
0.9994997498749374,C006324,1.0,[],62348.646791629995,31.1587284366375,3.512,1769983200000,,30.692228993697906,3.4594193548387095,V12_STOP,1769994000000,,-7.663658893070637,False,133003.67232800173,62317.456873275,17744.15059034026,,3.4594193548387095,V12_STOP,1769994000000,709,932.998885879184,,17744.15059034026,2,154.03137847134826,,USD,SHORT,dbf84542311c15f69508f91a0e7311ff7e686d96,V12,INJUSDT,863.4842695557779,63646.27714024656
1.0,C006338,1.0,[],63646.27714024656,31.82313857012328,102.035,1769997600000,,30.07075997359315,96.41632258064516,V12_STOP,1770008400000,,0.0,False,530308.9791427903,63646.27714024656,623.7690708114526,,96.41632258064516,V12_STOP,1770008400000,710,3504.757193060258,,623.7690708114526,2,154.03137847134826,,USD,SHORT,dbf84542311c15f69508f91a0e7311ff7e686d96,V12,SOLUSDT,3442.8632945165414,67056.69072561932
1.0,C006341,1.0,[],64899.41828754803,32.449709143774015,76275.1,1770004800000,,31.957894872880036,75119.0593548387,V12_STOP,1770015600000,,0.0,False,141588.86816463937,64899.41828754803,0.8508598256514646,,75119.0593548387,V12_STOP,1770015600000,711,983.6285417879579,,0.8508598256514646,1,154.03137847134826,,USD,SHORT,dbf84542311c15f69508f91a0e7311ff7e686d96,V12,BTCUSDT,919.2209377713039,67974.48021814489
1.0,C006347,1.0,[],67762.30877903209,33.88115438951604,3.503,1770012000000,,33.57164912532406,3.471,V12_STOP,1770022800000,,6.900032983580002,False,86020.01826007053,67762.30877903209,19344.07901199888,,3.471,V12_STOP,1770022800000,712,619.0105283839648,,19344.07901199888,2,154.03137847134826,,USD,SHORT,dbf84542311c15f69508f91a0e7311ff7e686d96,V12,INJUSDT,558.4577578527047,68541.07771364534
0.9643072691082604,C006352,1.0,[],66678.42692434097,32.149245887922966,1.168,1770019200000,,32.26786992820762,1.1723096774193549,V12_STOP,1770030000000,,6.407829146154509,False,-45478.89927968691,64298.491775845934,55050.078575210566,,1.1723096774193549,V12_STOP,1770030000000,713,-237.24808056930078,,55050.078575210566,1,154.03137847134826,,USD,SHORT,dbf84542311c15f69508f91a0e7311ff7e686d96,V12,NEARUSDT,-295.25736723927685,68237.7591499589
1.0,C006356,1.0,[],67605.22637786675,33.80261318893338,2289.85,1770026400000,,33.74583688832323,2286.003870967742,V12_STOP,1770037200000,,0.0,False,7086.082815966026,67605.22637786675,29.523866793836607,,2286.003870967742,V12_STOP,1770037200000,714,113.55260122029222,,29.523866793836607,1,154.03137847134826,,USD,SHORT,dbf84542311c15f69508f91a0e7311ff7e686d96,V12,ETHUSDT,46.00415114303561,68317.56591429087
1.0,C006362,1.0,[],68317.56591429087,34.158782957145434,103.225,1770040800000,,34.064258461458586,102.93935483870968,V12_STOP,1770051600000,,-15.092910082067418,False,16286.20588160773,68317.56591429087,661.8315903539925,,102.93935483870968,V12_STOP,1770051600000,715,189.04899137369424,,661.8315903539925,2,154.03137847134826,,USD,SHORT,dbf84542311c15f69508f91a0e7311ff7e686d96,V12,SOLUSDT,105.73303987302279,68390.5395593441
0.972547389119806,C006369,1.0,[],67368.22325837023,32.75939481978408,78789.1,1770048000000,,32.76230800339289,78796.10645161291,V12_STOP,1770058800000,,0.0,False,-10989.841579654289,65518.78963956815,0.8315717483708805,,78796.10645161291,V12_STOP,1770058800000,716,-5.8263672176201755,,0.8315717483708805,1,154.03137847134826,,USD,SHORT,dbf84542311c15f69508f91a0e7311ff7e686d96,V12,BTCUSDT,-71.34807004079714,68282.0911414251
0.7896863692729488,C006383,1.0,[],68396.49018505373,27.00588800262398,0.2994,1770055200000,,27.136299783204237,0.3008458064516129,V12_STOP,1770066000000,,0.0,False,-48514.60848146613,54011.77600524796,180400.053457742,,0.3008458064516129,V12_STOP,1770066000000,718,-260.8235611605168,,180400.053457742,1,154.03137847134826,,USD,SHORT,dbf84542311c15f69508f91a0e7311ff7e686d96,V12,ADAUSDT,-314.965748946345,67960.89434847595
0.9687404290607735,C006392,1.0,[],68618.86013706654,33.23693200542153,127.6,1770062400000,,33.23988968568898,127.61135483870967,V12_STOP,1770073200000,,0.0,False,-11150.66761882021,66473.86401084306,520.9550471069206,,127.61135483870967,V12_STOP,1770073200000,719,-5.915360534892028,,520.9550471069206,1,154.03137847134826,,USD,SHORT,dbf84542311c15f69508f91a0e7311ff7e686d96,V12,AAVEUSDT,-72.39218222600255,67921.73909825538
0.6657134521787407,C006399,0.6657134521787407,[],68258.50809389682,22.720303531879278,33.935,1770073200000,,24.686265681981414,36.87135714285714,HYPE_TAKE_PROFIT,1770091200000,,3.829784785200641,False,602923.7503557814,45440.60706375856,1339.0483885003257,,36.87135714285714,HYPE_TAKE_PROFIT,1770091200000,720,3931.9243002042745,,1339.0483885003257,,155.05912162162164,HYPE_TREND_LONG,USD,LONG,123df49950e3d5aba61e2d50e9ee1a37fae620d7,HYPE_LONG,HYPEUSDT,3888.3475157756143,71784.68397907546
1.25,C006377,1.25,[],68566.16751260005,42.853854695375034,10.18,1770051600000,,42.68547019755431,10.14,Q102_TIME_EXIT,1770094800000,REV,8.49499791505568,False,40272.67898644039,85707.70939075007,8419.224891036352,,10.14,Q102_TIME_EXIT,1770094800000,717,336.7689956414469,,8419.224891036352,,155.05912162162164,,USD,SHORT,dbf84542311c15f69508f91a0e7311ff7e686d96,Q102,AVAXUSDT,259.72466866357325,72078.76750451935
1.0,C006400,1.0,[],67795.2657411494,33.897632870574704,9.801,1770076800000,,33.31770555683368,9.63332258064516,V12_STOP,1770094800000,,0.0,False,169423.6884100852,67795.2657411494,6917.17842476782,,9.63332258064516,V12_STOP,1770094800000,721,1159.8546274820455,,6917.17842476782,1,155.05912162162164,,USD,SHORT,dbf84542311c15f69508f91a0e7311ff7e686d96,V12,LINKUSDT,1092.6392890546372,73205.30442644456
1.0,C006413,1.0,[],73205.30442644456,36.602652213222285,78350.2,1770112800000,,36.52753201108788,78189.4006451613,V12_STOP,1770123600000,,0.0,False,11956.642988151994,73205.30442644456,0.9343346210532273,,78189.4006451613,V12_STOP,1770123600000,722,150.24040426882218,,0.9343346210532273,1,155.05912162162164,,USD,SHORT,dbf84542311c15f69508f91a0e7311ff7e686d96,V12,BTCUSDT,77.110220044512,73245.84859692807
0.9994997498749376,C006412,1.0,[],73168.70177423135,36.566049561009066,772.15,1770112800000,,36.43358983262456,769.3529032258065,V12_STOP,1770123600000,,0.0,False,29758.918304009014,73132.09912201813,94.71229569645553,,769.3529032258065,V12_STOP,1770123600000,723,264.9194567690172,,94.71229569645553,2,155.05912162162164,,USD,SHORT,dbf84542311c15f69508f91a0e7311ff7e686d96,V12,BNBUSDT,191.91981737538356,73474.33446386446
2.0,C006427,2.0,[],73391.49070310846,73.39149070310846,425.86,1770136200000,,73.43112824329,426.09,BASIS_STOP,1770139800000,,0.0,False,-35058.510655598344,146782.98140621692,344.67426244826214,,426.09,BASIS_STOP,1770139800000,726,-79.27508036308697,,344.67426244826214,,155.05912162162164,V50_POST_OPEN_BASIS,USD,SHORT,,V52,TSLAUSDT,-226.09769930948545,73174.79916725834
1.0,C006424,1.0,[],73474.33446386446,36.73716723193223,78078.9,1770134400000,,35.31973352907366,75066.37419354838,V12_STOP_AMBIGUOUS,1770145200000,,0.0,False,428398.9701054882,73474.33446386446,0.9410267622093097,,75066.37419354838,V12_STOP_AMBIGUOUS,1770145200000,724,2834.8674057171474,,0.9410267622093097,1,155.05912162162164,,USD,SHORT,dbf84542311c15f69508f91a0e7311ff7e686d96,V12,BTCUSDT,2762.8105049561414,75974.34683944641
0.9994997498749376,C006425,1.0,[],73437.59729663254,36.700430064700306,102.515,1770134400000,,35.604855884563655,99.45474193548388,V12_STOP,1770148800000,,0.0,False,328545.94595874223,73400.86012940061,716.001171822666,,99.45474193548388,V12_STOP,1770148800000,725,2191.1483602733056,,716.001171822666,2,155.05912162162164,,USD,SHORT,dbf84542311c15f69508f91a0e7311ff7e686d96,V12,SOLUSDT,2118.8430743240415,78129.89034383516
1.0,C006440,1.0,[],78129.89034383516,39.06494517191758,758.15,1770148800000,,38.9284659813554,755.5012903225806,V12_STOP,1770159600000,,0.0,False,30231.096990701364,78129.89034383516,103.0533408215197,,755.5012903225806,V12_STOP,1770159600000,727,272.95838112435206,,103.0533408215197,2,155.05912162162164,,USD,SHORT,dbf84542311c15f69508f91a0e7311ff7e686d96,V12,BNBUSDT,194.96496997107909,78286.88830665642
0.9812509219928849,C006451,1.0,[],77384.91001403582,37.96700714980454,100.175,1770156000000,,37.00747194217978,97.64329032258064,V12_STOP,1770166800000,,-13.163995080116269,False,285352.9383975579,75934.01429960907,758.0136191625563,,97.64329032258064,V12_STOP,1770166800000,728,1919.070415249515,,758.0136191625563,1,155.85119905092787,,USD,SHORT,dbf84542311c15f69508f91a0e7311ff7e686d96,V12,SOLUSDT,1830.9319410774144,80115.74835652104
1.0,C006455,1.0,[],80077.79672518317,40.03889836259159,75730.0,1770163200000,,40.01784733996495,75690.18387096774,V12_STOP,1770174000000,,0.0,False,-5915.285574642397,80077.79672518317,1.0574118146729587,,75690.18387096774,V12_STOP,1770174000000,729,42.102045253255255,,1.0574118146729587,2,155.85119905092787,,USD,SHORT,dbf84542311c15f69508f91a0e7311ff7e686d96,V12,BTCUSDT,-37.954700449301285,80067.85934406913
1.0,C006468,1.0,[],80305.07395023307,40.15253697511653,96.845,1770184800000,,40.28700312629853,97.16932258064516,V12_STOP,1770195600000,,-36.29727205520059,False,-60106.99393494491,80305.07395023307,829.2123904200844,,97.16932258064516,V12_STOP,1770195600000,731,-268.93230236398296,,829.2123904200844,1,155.85119905092787,,USD,SHORT,dbf84542311c15f69508f91a0e7311ff7e686d96,V12,SOLUSDT,-385.6691145205986,79692.27975746404
1.0,C006482,1.0,[],79534.1366866881,39.76706834334405,96.065,1770206400000,,39.17478504413277,94.63422580645161,V12_STOP,1770217200000,,0.0,False,172312.94221409442,79534.1366866881,827.9200196397034,,94.63422580645161,V12_STOP,1770217200000,732,1184.5665984225618,,827.9200196397034,1,155.85119905092787,,USD,SHORT,dbf84542311c15f69508f91a0e7311ff7e686d96,V12,SOLUSDT,1105.624745035085,80768.48229831555
0.7402336624553936,C006481,1.0,[],79494.36961834476,29.422204183585055,2254.2,1770206400000,,28.835024897400597,2209.2129032258067,V12_STOP,1770217200000,,0.0,False,173945.7326137759,58844.40836717011,26.104342279819942,,2209.2129032258067,V12_STOP,1770217200000,733,1174.3585723689205,,26.104342279819942,2,155.85119905092787,,USD,SHORT,dbf84542311c15f69508f91a0e7311ff7e686d96,V12,ETHUSDT,1116.1013432879347,81914.00584578706
1.0,C006490,1.0,[],85402.80013017528,42.70140006508764,733.9,1770220800000,,41.7817515235402,718.0941935483871,V12_STOP,1770231600000,,0.0,False,273489.85533652117,85402.80013017528,116.36844274448192,,718.0941935483871,V12_STOP,1770231600000,734,1839.2970830948732,,116.36844274448192,2,155.85119905092787,,USD,SHORT,dbf84542311c15f69508f91a0e7311ff7e686d96,V12,BNBUSDT,1754.8139315062454,83634.67675062885
0.9873406832000402,C006498,1.0,[],88702.4199993068,43.78975398180624,91.36,1770228000000,,43.488731892562775,90.73196774193549,V12_STOP,1770238800000,,0.0,False,80226.85042394926,87579.50796361249,958.6198332269317,,90.73196774193549,V12_STOP,1770238800000,735,602.0441784869317,,958.6198332269317,1,155.85119905092787,,USD,SHORT,dbf84542311c15f69508f91a0e7311ff7e686d96,V12,SOLUSDT,514.7656926125627,84193.23219722322
1.25,C006458,1.25,[],79957.1365843201,49.97321036520007,1.264,1770166800000,,48.549922728216515,1.228,Q102_TIME_EXIT,1770253200000,REV,24.747481789571847,False,434334.8985923018,99946.42073040013,79071.53538797479,,1.228,Q102_TIME_EXIT,1770253200000,730,2846.5752739670947,,79071.53538797479,,156.64128595600678,,USD,SHORT,dbf84542311c15f69508f91a0e7311ff7e686d96,Q102,APTUSDT,2772.79962266325,86912.42574391964
1.0,C006510,1.0,[],86904.38710145386,43.45219355072693,1.5169,1770242400000,,42.970803135380976,1.5000948387096775,V12_STOP,1770253200000,,-7.486259806290768,False,136101.16071323006,86904.38710145386,57290.78192461854,,1.5000948387096775,V12_STOP,1770253200000,737,962.7808306919012,,57290.78192461854,2,156.64128595600678,,USD,SHORT,dbf84542311c15f69508f91a0e7311ff7e686d96,V12,XRPUSDT,868.8715741995026,87832.23577147616
0.7006986647063185,C006508,0.7006986647063185,[],87039.80747119032,30.494338435679047,35.828,1770238800000,,28.409826264206327,33.37889285714286,HYPE_HARD_STOP,1770260400000,,6.41436075248325,False,-661263.4046507707,60988.6768713581,1702.2629471742239,,33.37889285714286,HYPE_HARD_STOP,1770260400000,736,-4169.024342945446,,1702.2629471742239,,156.64128595600678,HYPE_TREND_LONG,USD,LONG,123df49950e3d5aba61e2d50e9ee1a37fae620d7,HYPE_LONG,HYPEUSDT,-4221.514146892849,83634.80160226651
0.20260708125295057,C006515,1.0,[],87110.48009189939,8.824600058981495,697.4,1770249600000,,8.776736908157876,693.6174193548387,V12_STOP,1770260400000,,0.0,False,12237.594932758457,17649.20011796299,25.307140977864915,,693.6174193548387,V12_STOP,1770260400000,738,95.72630164723925,,25.307140977864915,1,156.64128595600678,,USD,SHORT,dbf84542311c15f69508f91a0e7311ff7e686d96,V12,BNBUSDT,78.1249646800999,83721.7511670056
1.0,C006524,1.0,[],83721.7511670056,41.860875583502796,71198.9,1770264000000,,41.374225144943914,70371.18258064517,V12_STOP,1770274800000,,0.0,False,139421.04779905625,83721.7511670056,1.1758854584411502,,70371.18258064517,V12_STOP,1770274800000,739,973.3008771177767,,1.1758854584411502,2,156.64128595600678,,USD,SHORT,dbf84542311c15f69508f91a0e7311ff7e686d96,V12,BTCUSDT,890.06577638933,84569.68096908505
1.0,C006527,1.0,[],84271.94861974721,42.13597430987361,692.7,1770271200000,,42.04692908179544,691.2361290322581,V12_STOP,1770282000000,,0.0,False,14709.799826038277,84271.94861974721,121.65720892124615,,691.2361290322581,V12_STOP,1770282000000,740,178.09045615633144,,121.65720892124615,1,156.64128595600678,,USD,SHORT,dbf84542311c15f69508f91a0e7311ff7e686d96,V12,BNBUSDT,93.9075527646624,84705.72449615959
1.0,C006538,1.0,[],84705.72449615959,42.352862248079795,1.4138,1770285600000,,40.40484202138774,1.3487722580645163,V12_STOP,1770296400000,,0.0,False,597317.513535173,84705.72449615959,59913.51287039156,,1.3487722580645163,V12_STOP,1770296400000,741,3896.0404533841015,,59913.51287039156,1,156.64128595600678,,USD,SHORT,dbf84542311c15f69508f91a0e7311ff7e686d96,V12,XRPUSDT,3813.282749114634,88475.198691365
1.0,C006543,1.0,[],87617.1078184218,43.80855390921091,683.4,1770292800000,,43.10552105837714,672.4329032258064,V12_STOP,1770303600000,,0.0,False,206633.60717723588,87617.1078184218,128.207649719669,,672.4329032258064,V12_STOP,1770303600000,742,1406.0657016675223,,128.207649719669,1,156.64128595600678,,USD,SHORT,dbf84542311c15f69508f91a0e7311ff7e686d96,V12,BNBUSDT,1319.151626699934,89838.15887197416
1.0,C006564,1.0,[],89838.15887197416,44.91907943598708,1.2959,1770307200000,,42.457798920114854,1.2248929032258065,V12_STOP,1770318000000,,0.0,False,757389.4636208585,89838.15887197416,69324.9161756109,,1.2248929032258065,V12_STOP,1770318000000,743,4922.561031744462,,69324.9161756109,2,156.64128595600678,,USD,SHORT,dbf84542311c15f69508f91a0e7311ff7e686d96,V12,XRPUSDT,4835.184153388359,94626.84499990259
1.0,C006574,1.0,[],92996.05091985139,46.4980254599257,655.55,1770314400000,,45.20241271826416,637.283870967742,V12_STOP,1770325200000,,0.0,False,391528.8173507391,92996.05091985139,141.85958495896787,,637.283870967742,V12_STOP,1770325200000,744,2591.2254833230645,,141.85958495896787,1,156.64128595600678,,USD,SHORT,dbf84542311c15f69508f91a0e7311ff7e686d96,V12,BNBUSDT,2499.5250451448746,97172.8680705074
1.0,C006594,1.0,[],98331.77869660409,49.165889348302045,1.1626,1770328800000,,48.92702131544777,1.1569516129032258,V12_STOP,1770339600000,,-17.569377696615316,False,56809.18539152653,98331.77869660409,84579.20066798906,,1.1569516129032258,V12_STOP,1770339600000,746,477.73606570855264,,84579.20066798906,1,156.89947448720125,,USD,SHORT,dbf84542311c15f69508f91a0e7311ff7e686d96,V12,XRPUSDT,362.0737773481875,97426.59268863667
0.9506613417780889,C006600,1.0,[],97810.99667529773,46.49256666999538,608.55,1770336000000,,43.90971612641583,574.7425806451613,V12_STOP,1770346800000,,0.0,False,796311.7152700231,92985.13333999075,152.79785283048352,,574.7425806451613,V12_STOP,1770346800000,747,5165.701087159077,,152.79785283048352,1,156.89947448720125,,USD,SHORT,dbf84542311c15f69508f91a0e7311ff7e686d96,V12,BNBUSDT,5075.298804362666,102475.80713376493
0.967977797677833,C006610,1.0,[],94846.21815426998,45.90451668352078,0.98,1770343200000,,44.88095777629837,0.9581483870967742,V12_STOP,1770354000000,,0.0,False,306947.5160659648,91809.03336704156,93682.68710922608,,0.9581483870967742,V12_STOP,1770354000000,748,2047.1178144448293,,93682.68710922608,1,156.89947448720125,,USD,SHORT,dbf84542311c15f69508f91a0e7311ff7e686d96,V12,NEARUSDT,1956.33233998501,104421.38265328016
1.0,C006618,1.0,[],104949.7051278369,52.47485256391845,76.655,1770350400000,,52.62466052198512,76.87383870967741,V12_STOP,1770361200000,,0.0,False,-63499.63816136077,104949.7051278369,1369.1175412932869,,76.87383870967741,V12_STOP,1770361200000,749,-299.61591613333593,,1369.1175412932869,1,156.89947448720125,,USD,SHORT,dbf84542311c15f69508f91a0e7311ff7e686d96,V12,SOLUSDT,-404.71542921923947,104005.22507868141
1.0,C006591,1.0,[],97172.8680705074,48.586434035253696,163.43,1770325200000,,48.33670874253134,162.59,OVERLAY_HOLD,1770368400000,,-75.78151912621806,False,51266.26369436982,97172.8680705074,594.5840302913014,,162.59,OVERLAY_HOLD,1770368400000,745,499.45058544469515,,594.5840302913014,0,156.89947448720125,IDLE_TAO_BREAKDOWN_SHORT_RELWEAK2,USD,SHORT,53eeff5417636369d4709fddfd47d7916ddcf3b1,IDLE,TAOUSDT,326.74592354069205,104403.3989367079
0.8026148331477554,C006623,1.0,[],95868.80320038534,38.47286174237614,639.55,1770357600000,,37.589342637395376,624.8629032258065,V12_STOP,1770368400000,,0.0,False,265313.24664624286,76945.72348475228,120.3122875220894,,624.8629032258065,V12_STOP,1770368400000,750,1767.0382099615192,,120.3122875220894,1,156.89947448720125,,USD,SHORT,dbf84542311c15f69508f91a0e7311ff7e686d96,V12,BNBUSDT,1690.9760055817476,106132.84780403203
1.0,C006629,1.0,[],105847.53810737959,52.923769053689796,8.41,1770364800000,,52.835261657320615,8.395935483870968,V12_STOP,1770375600000,,6.192080979281705,False,12151.52586790751,105847.53810737959,12585.914162589725,,8.395935483870968,V12_STOP,1770375600000,751,177.0147927383587,,12585.914162589725,1,156.89947448720125,,USD,SHORT,dbf84542311c15f69508f91a0e7311ff7e686d96,V12,AVAXUSDT,77.44784300663,106257.02733511307
1.25,C006643,1.25,[],106139.81588905223,66.33738493065765,8.71,1770382800000,,69.32256725253724,9.10195,Q102_HARD_STOP,1770397200000,REV,13.739683400104061,False,-955876.3012041872,132674.7698613153,15232.464966855945,,9.10195,Q102_HARD_STOP,1770397200000,753,-5970.3646437591815,,15232.464966855945,,156.89947448720125,,USD,SHORT,dbf84542311c15f69508f91a0e7311ff7e686d96,Q102,AVAXUSDT,-6092.284912542272,100113.6175359959
0.5967042250534336,C006656,1.0,[],95112.61319649436,28.377049075110577,662.1,1770400800000,,27.995602561338508,653.1999999999999,V12_STOP,1770411600000,,0.0,False,110852.67569441618,56754.09815022115,85.7183177015876,,653.1999999999999,V12_STOP,1770411600000,755,762.8930275441373,,85.7183177015876,1,156.89947448720125,,USD,SHORT,dbf84542311c15f69508f91a0e7311ff7e686d96,V12,BNBUSDT,706.5203759076883,100752.66984026622
1.0,C006639,1.0,[],106257.02733511307,53.12851366755654,0.1592,1770375600000,,56.4991040447068,0.1693,OVERLAY_HOLD,1770418800000,,-11.293365961508204,False,-1076660.1565658757,106257.02733511307,667443.639039655,,0.1693,OVERLAY_HOLD,1770418800000,752,-6741.180754300514,,667443.639039655,0,156.89947448720125,IDLE_JUP_RELATIVE_SHORT,USD,SHORT,53eeff5417636369d4709fddfd47d7916ddcf3b1,IDLE,JUPUSDT,-6862.101737974286,93922.74470126638
0.5839280299400693,C006672,1.0,[],94959.86836801075,27.72486442975041,9.17,1770415200000,,27.59710007753958,9.127741935483872,V12_STOP,1770426000000,,-0.5522037136597401,False,31363.401663477056,55449.72885950082,6046.862471046981,,9.127741935483872,V12_STOP,1770426000000,756,255.52870442165593,,6046.862471046981,1,157.0883500084789,,USD,SHORT,dbf84542311c15f69508f91a0e7311ff7e686d96,V12,AVAXUSDT,199.6545362007062,94086.62250294842
1.0,C006676,1.0,[],96105.09751536608,48.05254875768304,113.84,1770422400000,,47.72110022157704,113.05477419354838,V12_STOP,1770433200000,,-27.156807177611327,False,84822.46477576322,96105.09751536608,844.212030177144,,113.05477419354838,V12_STOP,1770433200000,757,662.8970722120079,,844.212030177144,2,157.0883500084789,,USD,SHORT,dbf84542311c15f69508f91a0e7311ff7e686d96,V12,AAVEUSDT,539.9666160551365,94701.79847493886
1.0,C006688,1.0,[],99497.96766020426,49.748983830102134,68050.0,1770451200000,,49.81202900249057,68136.23741935483,V12_STOP,1770462000000,,0.0,False,-35447.19944404479,99497.96766020426,1.4621303109508341,,68136.23741935483,V12_STOP,1770462000000,758,-126.09034477687685,,1.4621303109508341,1,157.0883500084789,,USD,SHORT,dbf84542311c15f69508f91a0e7311ff7e686d96,V12,BTCUSDT,-225.65135760946956,94444.2826212883
0.8672715235923163,C006689,1.0,[],99448.21867637416,43.12430406500044,2026.15,1770451200000,,42.97997885968089,2019.3690322580644,V12_STOP,1770465600000,,0.0,False,31817.63700326273,86248.60813000087,42.56773098240548,,2019.3690322580644,V12_STOP,1770465600000,759,288.6504106390877,,42.56773098240548,2,157.0883500084789,,USD,SHORT,dbf84542311c15f69508f91a0e7311ff7e686d96,V12,ETHUSDT,202.54612771440634,94689.9530530677
1.25,C006653,1.25,[],93906.3916929271,58.69149480807944,1.153,1770397200000,,57.21529936190919,1.124,Q102_TIME_EXIT,1770483600000,REV,34.19683105990266,False,450950.53057361284,117382.98961615888,101806.58249450033,,1.124,Q102_TIME_EXIT,1770483600000,754,2952.3908923405006,,101806.58249450033,,157.0883500084789,,USD,SHORT,dbf84542311c15f69508f91a0e7311ff7e686d96,Q102,APTUSDT,2870.6809292304147,97542.59519267872
1.0,C006702,1.0,[],100085.70192527621,50.042850962638106,69054.5,1770472800000,,49.80104885485127,68720.83548387096,V12_STOP,1770483600000,,-3.719868454066507,False,59699.92680317393,100085.70192527621,1.4493726248872443,,68720.83548387096,V12_STOP,1770483600000,760,483.60421557367346,,1.4493726248872443,1,157.0883500084789,,USD,SHORT,dbf84542311c15f69508f91a0e7311ff7e686d96,V12,BTCUSDT,380.04044730211757,97976.39835939754
1.0,C006710,1.0,[],96825.56793293853,48.41278396646927,647.55,1770487200000,,48.61688697045114,650.28,V12_STOP,1770498000000,,0.0,False,-79366.6391639194,96825.56793293853,149.52601024312955,,650.28,V12_STOP,1770498000000,762,-408.2060079637464,,149.52601024312955,1,157.0883500084789,,USD,SHORT,dbf84542311c15f69508f91a0e7311ff7e686d96,V12,BNBUSDT,-505.2356789006668,97374.95452932862
0.7227511934978521,C006711,1.0,[],96777.15514897206,34.97290219362318,87.525,1770487200000,,35.17525528777607,88.0314193548387,V12_STOP,1770498000000,,0.0,False,-74594.08567406311,69945.80438724636,799.1522923421463,,88.0314193548387,V12_STOP,1770498000000,763,-404.70618830577644,,799.1522923421463,2,157.0883500084789,,USD,SHORT,dbf84542311c15f69508f91a0e7311ff7e686d96,V12,SOLUSDT,-474.85434578717565,96935.07308573507
1.25,C006706,1.25,[],97976.39835939754,61.23524897462347,1.124,1770483600000,,57.80302416554758,1.061,Q102_TIME_EXIT,1770570000000,REV,35.613394404983815,False,1065219.9876816245,122470.49794924693,108959.51774844031,,1.061,Q102_TIME_EXIT,1770570000000,761,6864.449618151758,,108959.51774844031,,157.0883500084789,,USD,SHORT,dbf84542311c15f69508f91a0e7311ff7e686d96,Q102,APTUSDT,6781.02473941657,103727.00125657865
1.0,C006732,1.0,[],100663.63509523138,50.33181754761569,644.85,1770559200000,,50.228814115666125,643.5303225806451,V12_STOP,1770570000000,,0.0,False,16564.37463654105,100663.63509523138,156.10395455568175,,643.5303225806451,V12_STOP,1770570000000,764,206.00686389913497,,156.10395455568175,1,157.0883500084789,,USD,SHORT,dbf84542311c15f69508f91a0e7311ff7e686d96,V12,BNBUSDT,105.44623223585316,103882.77930636212
1.0,C006758,1.0,[],103882.77930636212,51.94138965318106,0.1596,1770613200000,,50.96504774240699,0.1566,OVERLAY_HOLD,1770656400000,,-64.17535149178526,False,280497.2770824694,103882.77930636212,650894.6071827201,,0.1566,OVERLAY_HOLD,1770656400000,765,1952.683821548162,,650894.6071827201,0,157.0883500084789,IDLE_JUP_RELATIVE_SHORT,USD,SHORT,53eeff5417636369d4709fddfd47d7916ddcf3b1,IDLE,JUPUSDT,1785.6020326607888,105668.38133902292
2.0,C006777,2.0,[],105668.38133902292,105.66838133902291,212.075,1770658200000,,104.69428403609807,210.12,BASIS_CONVERGED,1770661800000,,0.0,False,272993.15212118556,211336.76267804584,996.5189799742819,,210.12,BASIS_CONVERGED,1770661800000,766,1948.1946058497053,,996.5189799742819,,157.0883500084789,V50_POST_OPEN_BASIS,USD,SHORT,,V52,AMZNUSDT,1737.8319404745844,107406.2132794975
1.0,C006780,1.0,[],107406.2132794975,53.70310663974875,70886.5,1770667200000,,53.69211225658098,70871.98774193549,V12_STOP,1770678000000,,0.0,False,-20324.716757595223,107406.2132794975,1.515185730421131,,70871.98774193549,V12_STOP,1770678000000,767,-21.988766335536223,,1.515185730421131,1,157.0883500084789,,USD,LONG,dbf84542311c15f69508f91a0e7311ff7e686d96,V12,BTCUSDT,-129.38398523186595,107223.17989073253
0.9994997498749376,C006781,1.0,[],107352.51017285776,53.649403533109016,1.4513,1770667200000,,53.66726667393994,1.4517832258064516,V12_STOP,1770678000000,,0.0,False,-11246.016013029115,107298.80706621803,73932.89262469373,,1.4517832258064516,V12_STOP,1770678000000,768,35.726281661863354,,73932.89262469373,2,157.0883500084789,,USD,LONG,dbf84542311c15f69508f91a0e7311ff7e686d96,V12,XRPUSDT,-71.5903885451856,107205.23890572046
1.0,C006792,1.0,[],106688.54061182834,53.34427030591417,112.69,1770688800000,,53.160907441237335,112.30264516129031,V12_STOP,1770699600000,,0.0,False,-73914.95701099567,106688.54061182834,946.7436384047239,,112.30264516129031,V12_STOP,1770699600000,770,-366.7257293536805,,946.7436384047239,1,156.19215884233552,,USD,LONG,dbf84542311c15f69508f91a0e7311ff7e686d96,V12,AAVEUSDT,-473.230907100832,106691.03727813422
1.0,C006789,1.0,[],107269.26260623217,53.63463130311608,0.152,1770681600000,,51.37633103772172,0.1456,OVERLAY_HOLD,1770724800000,,-54.37531568134846,False,680562.700678198,107269.26260623217,705718.8329357379,,0.1456,OVERLAY_HOLD,1770724800000,769,4516.600530788715,,705718.8329357379,0,156.19215884233552,IDLE_JUP_RELATIVE_SHORT,USD,SHORT,53eeff5417636369d4709fddfd47d7916ddcf3b1,IDLE,JUPUSDT,4357.214252766529,111153.24595189786
1.0,C006803,1.0,[],111153.24595189786,55.57662297594893,0.1456,1770724800000,,54.355158734719275,0.1424,OVERLAY_HOLD,1770768000000,,13.488301347384159,False,364007.01844353107,111153.24595189786,763415.1507685292,,0.1424,OVERLAY_HOLD,1770768000000,771,2442.9284824592996,,763415.1507685292,0,155.12863628720362,IDLE_JUP_RELATIVE_SHORT,USD,SHORT,53eeff5417636369d4709fddfd47d7916ddcf3b1,IDLE,JUPUSDT,2346.4850020960157,113499.73095399386
1.0,C006821,1.0,[],113499.73095399386,56.74986547699693,0.969,1770789600000,,55.462938203687884,0.9470258064516128,V12_STOP,1770814800000,,11.185989995981851,False,383606.3939831336,113499.73095399386,117130.78529823928,,0.9470258064516128,V12_STOP,1770814800000,772,2573.8545466180894,,117130.78529823928,1,155.12863628720362,,USD,SHORT,dbf84542311c15f69508f91a0e7311ff7e686d96,V12,NEARUSDT,2472.8277329333864,115915.01168789089
1.0,C006825,1.0,[],115093.99807268819,57.5469990363441,600.5,1770796800000,,56.42508681855408,588.7929032258064,V12_STOP,1770814800000,,0.0,False,330401.09050595673,115093.99807268819,191.6636104457755,,588.7929032258064,V12_STOP,1770814800000,773,2243.824435580035,,191.6636104457755,2,155.12863628720362,,USD,SHORT,dbf84542311c15f69508f91a0e7311ff7e686d96,V12,BNBUSDT,2129.8523497251367,118102.41103665237
0.5,C006840,0.5,[],118102.41103665237,29.525602759163093,0.09015,1770818400000,,28.864664114606352,0.08813196774193548,V12_STOP,1770829200000,,-4.64664700261448,False,195282.19071380145,59051.205518326184,655032.7844517602,,0.08813196774193548,V12_STOP,1770829200000,774,1321.8772891134738,,655032.7844517602,1,155.12863628720362,,USD,SHORT,dbf84542311c15f69508f91a0e7311ff7e686d96,V12,DOGEUSDT,1258.84037523709,119301.82427282532
1.0,C006846,1.0,[],118854.27812823269,59.427139064116346,593.5,1770825600000,,59.45708115608712,593.7990322580645,V12_STOP,1770836400000,,0.0,False,-27732.098748852008,118854.27812823269,200.2599462986229,,593.7990322580645,V12_STOP,1770836400000,775,-59.884183941547015,,200.2599462986229,1,155.12863628720362,,USD,SHORT,dbf84542311c15f69508f91a0e7311ff7e686d96,V12,BNBUSDT,-178.76840416175048,119125.55214372957
0.9703633012089004,C006853,1.0,[],117339.27679909884,56.93086399811924,0.2544,1770832800000,,57.099785460073484,0.2551548387096774,V12_STOP,1770843600000,,0.0,False,-70098.53121059961,113861.72799623848,447569.6855198053,,0.2551548387096774,V12_STOP,1770843600000,776,-337.84292390849305,,447569.6855198053,2,155.12863628720362,,USD,SHORT,dbf84542311c15f69508f91a0e7311ff7e686d96,V12,ADAUSDT,-451.8735733666858,118700.97350647286
0.5,C006858,0.5,[],118543.71155255384,29.63592788813846,0.09098,1770840000000,,29.49862274850681,0.09055848387096775,V12_STOP,1770850800000,,0.0,False,33426.45593484322,59271.85577627692,651482.257378291,,0.09055848387096775,V12_STOP,1770850800000,777,274.6102792632917,,651482.257378291,1,155.12863628720362,,USD,SHORT,dbf84542311c15f69508f91a0e7311ff7e686d96,V12,DOGEUSDT,215.47572862664643,118946.08516298764
0.5,C006868,0.5,[],118946.08516298764,29.73652129074691,0.09211,1770868800000,,29.611270926853873,0.09172203225806451,V12_STOP,1770879600000,,0.0,False,29362.05469963131,59473.04258149382,645674.1133589601,,0.09172203225806451,V12_STOP,1770879600000,778,250.5007277860742,,645674.1133589601,1,153.60504201680672,,USD,SHORT,dbf84542311c15f69508f91a0e7311ff7e686d96,V12,DOGEUSDT,191.15293556847342,119137.23809855612
1.0,C006877,1.0,[],119137.23809855612,59.56861904927806,1981.3,1770890400000,,59.64536346155493,1983.8525806451612,V12_STOP,1770901200000,,0.0,False,-41888.5261372561,119137.23809855612,60.13084242596079,,1983.8525806451612,V12_STOP,1770901200000,779,-153.488824553748,,60.13084242596079,1,153.60504201680672,,USD,SHORT,dbf84542311c15f69508f91a0e7311ff7e686d96,V12,ETHUSDT,-272.702807064581,118864.53529149153
1.0,C006893,1.0,[],125503.456351994,62.751728175997,1947.9,1770912000000,,61.33277919697489,1903.8538709677418,V12_STOP,1770922800000,,0.0,False,416855.4291161309,125503.456351994,64.43013314440884,,1903.8538709677418,V12_STOP,1770922800000,781,2837.897958044211,,64.43013314440884,1,153.60504201680672,,USD,SHORT,dbf84542311c15f69508f91a0e7311ff7e686d96,V12,ETHUSDT,2713.813450671239,121458.6157095283
0.8685036663204522,C006894,1.0,[],125440.704623818,54.472855935803416,80.07,1770912000000,,52.91767682402191,77.78403225806451,V12_STOP,1770922800000,,0.0,False,461270.97832093673,108945.71187160684,1360.6308464044816,,77.78403225806451,V12_STOP,1770922800000,782,3110.3582235630133,,1360.6308464044816,2,153.60504201680672,,USD,SHORT,dbf84542311c15f69508f91a0e7311ff7e686d96,V12,SOLUSDT,3002.967690803188,124516.05625626729
1.25,C006886,1.25,[],118864.53529149153,74.2903345571822,0.1617,1770901200000,,70.84458620109768,0.1542,Q102_TIME_EXIT,1770930000000,REV,12.572387168567046,False,1038206.3684895086,148580.6691143644,918866.2282892046,,0.1542,Q102_TIME_EXIT,1770930000000,780,6891.496712169041,,918866.2282892046,,153.60504201680672,,USD,SHORT,dbf84542311c15f69508f91a0e7311ff7e686d96,Q102,FETUSDT,6758.934178579328,131274.5450639464
1.0,C006905,1.0,[],131411.09519774638,65.7055475988732,608.2,1770926400000,,65.45076444260278,605.8416129032258,V12_STOP,1770937200000,,0.0,False,58125.684026282994,131411.09519774638,216.06559552408152,,605.8416129032258,V12_STOP,1770937200000,783,509.5663125408291,,216.06559552408152,2,153.60504201680672,,USD,SHORT,dbf84542311c15f69508f91a0e7311ff7e686d96,V12,BNBUSDT,378.41000049935315,131652.93691327443
1.0,C006912,1.0,[],131447.39754036567,65.72369877018284,77.25,1770933600000,,65.70577724380351,77.22893548387097,V12_STOP,1770944400000,,-8.335112658931052,False,-15974.194656448135,131447.39754036567,1701.584434179491,,77.22893548387097,V12_STOP,1770944400000,784,35.843052758680535,,1701.584434179491,1,153.71399696816576,,USD,SHORT,dbf84542311c15f69508f91a0e7311ff7e686d96,V12,SOLUSDT,-103.92153591423687,131551.62578741636
0.9726731650641318,C006915,1.0,[],129772.85892301807,63.11328871403652,0.962,1770940800000,,62.916046459722644,0.9589935483870967,V12_STOP,1770951600000,,0.0,False,41265.317718393824,126226.57742807304,131212.65844914038,,0.9589935483870967,V12_STOP,1770951600000,785,394.48450862774126,,131212.65844914038,2,153.71399696816576,,USD,SHORT,dbf84542311c15f69508f91a0e7311ff7e686d96,V12,NEARUSDT,268.4551734539821,131883.19424958437
1.25,C006941,1.25,[],131883.19424958437,82.42699640599022,9.19,1771002000000,,82.0682281953004,9.15,Q102_TIME_EXIT,1771045200000,REV,16.413645639060082,False,87290.48558148817,164853.99281198045,17938.41053449189,,9.15,Q102_TIME_EXIT,1771045200000,786,717.5364213796603,,17938.41053449189,,153.28780981284777,,USD,SHORT,dbf84542311c15f69508f91a0e7311ff7e686d96,Q102,AVAXUSDT,569.4548424174297,132452.64909200178
1.0,C006997,1.0,[],129510.79922465263,64.75539961232631,128.47,1771070400000,,64.5242516950546,128.01141935483872,V12_STOP,1771081200000,,0.0,False,-90681.31056504133,129510.79922465263,1008.1014962610152,,128.01141935483872,V12_STOP,1771081200000,788,-462.29583454342486,,1008.1014962610152,1,153.28780981284777,,USD,LONG,dbf84542311c15f69508f91a0e7311ff7e686d96,V12,AAVEUSDT,-591.5754858508058,131752.7735727392
1.25,C006989,1.25,[],132452.64909200178,82.78290568250112,0.1697,1771059600000,,84.3439268857068,0.1729,Q102_TIME_EXIT,1771088400000,REV,-21.306029124060085,False,-507455.5032872058,165565.81136500224,975638.2520035489,,0.1729,Q102_TIME_EXIT,1771088400000,787,-3122.0424064113645,,975638.2520035489,,153.28780981284777,,USD,SHORT,dbf84542311c15f69508f91a0e7311ff7e686d96,Q102,FETUSDT,-3310.4752681036325,128442.08632774238
0.6874749071711523,C007013,1.0,[],128570.6247938006,44.19453917252756,87.38,1771084800000,,44.5538998145192,88.09051612903225,V12_STOP,1771095600000,,0.0,False,96567.1576510385,88389.07834505512,1011.5481614220088,,88.09051612903225,V12_STOP,1771095600000,790,718.7212839832623,,1011.5481614220088,2,153.28780981284777,,USD,LONG,dbf84542311c15f69508f91a0e7311ff7e686d96,V12,SOLUSDT,629.9728449962155,129049.13469397693
1.0,C007019,1.0,[],134238.03586840184,67.11901793420093,128.83,1771092000000,,67.37796629283562,129.32703225806452,V12_STOP,1771102800000,,0.0,False,58770.50536089359,134238.03586840184,1041.9780786183485,,129.32703225806452,V12_STOP,1771102800000,791,517.8967172693947,,1041.9780786183485,1,153.28780981284777,,USD,LONG,dbf84542311c15f69508f91a0e7311ff7e686d96,V12,AAVEUSDT,383.3997330423581,129422.53465788909
1.0,C007027,1.0,[],140459.40507695315,70.22970253847657,0.2989,1771099200000,,70.36037091087033,0.2994561290322581,V12_STOP,1771110000000,,0.0,False,18508.992791622815,140459.40507695315,469921.0608128242,,0.2994561290322581,V12_STOP,1771110000000,792,261.3367447875363,,469921.0608128242,1,153.28780981284777,,USD,LONG,dbf84542311c15f69508f91a0e7311ff7e686d96,V12,ADAUSDT,120.7466713381894,129578.56441936293
1.0,C007011,1.0,[],128634.94226493307,64.31747113246654,0.007313,1771084800000,LONG_V2_FINAL,69.86119211960282,0.00794333,LONG_TRAILING_STOP,1771113600000,,-6.889084525921104,False,1677945.7305711592,128634.94226493307,17589900.487478882,,0.00794333,LONG_TRAILING_STOP,1771113600000,789,11087.441974272566,,17589900.487478882,,153.28780981284777,BASE_V64_LONG,USD,LONG,dbf84542311c15f69508f91a0e7311ff7e686d96,PENGU,PENGUUSDT,10946.374226494576,140596.1452015159
0.5,C007035,0.5,[],139786.44961129915,34.94661240282479,0.11076,1771106400000,,35.727627806470906,0.11323535483870968,V12_STOP,1771117200000,,-4.908546530635364,False,227854.36147110618,69893.22480564957,631033.0878083204,,0.11323535483870968,V12_STOP,1771117200000,793,1562.030807292239,,631033.0878083204,2,153.28780981284777,,USD,LONG,dbf84542311c15f69508f91a0e7311ff7e686d96,V12,DOGEUSDT,1486.4480205523078,142046.9524591405
1.0,C007045,1.0,[],140734.97248083373,70.36748624041687,128.19,1771113600000,,70.40290115438803,128.25451612903225,V12_STOP,1771124400000,,-0.21988909011802968,False,-10754.741492584404,140734.97248083373,1097.8623331058097,,128.25451612903225,V12_STOP,1771124400000,794,70.8298279423083,,1097.8623331058097,1,153.28780981284777,,USD,LONG,dbf84542311c15f69508f91a0e7311ff7e686d96,V12,AAVEUSDT,-70.16044854261463,142047.37938592842
1.0,C007060,1.0,[],142047.37938592842,71.02368969296421,1.5257,1771128000000,,73.73893610032943,1.584027741935484,V12_STOP,1771138800000,,0.0,False,810238.0039238234,142047.37938592842,93103.08670507204,,1.584027741935484,V12_STOP,1771138800000,795,5430.492814730429,,93103.08670507204,1,153.28780981284777,,USD,LONG,dbf84542311c15f69508f91a0e7311ff7e686d96,V12,XRPUSDT,5285.730188937135,147297.6154859415
0.5,C007059,0.5,[],141976.35569623546,35.494088924058865,0.11468,1771128000000,,36.22591963339129,0.11704451612903226,V12_STOP,1771138800000,,0.0,False,213367.65014316965,70988.17784811773,619010.9683302906,,0.11704451612903226,V12_STOP,1771138800000,796,1463.661418664846,,619010.9683302906,2,153.28780981284777,,USD,LONG,dbf84542311c15f69508f91a0e7311ff7e686d96,V12,DOGEUSDT,1391.941410107396,148725.05098497294
0.5,C007087,0.5,[],148725.05098497294,37.181262746243235,55.98,1771149600000,,37.23354079548941,56.05870967741935,V12_STOP,1771160400000,,0.0,False,4620.2930879041905,74362.52549248647,1328.3766611733918,,56.05870967741935,V12_STOP,1771160400000,797,104.55609849235658,,1328.3766611733918,1,153.28780981284777,,USD,LONG,dbf84542311c15f69508f91a0e7311ff7e686d96,V12,LTCUSDT,30.141294950623937,148680.84834506246
1.0,C007088,1.0,[],148687.8697222267,74.34393486111335,89.92,1771149600000,,74.224718715999,89.77580645161291,V12_STOP,1771160400000,,0.0,False,-59322.527071499746,148687.8697222267,1653.5572700425566,,89.77580645161291,V12_STOP,1771160400000,798,-238.43229022871168,,1653.5572700425566,2,153.28780981284777,,USD,LONG,dbf84542311c15f69508f91a0e7311ff7e686d96,V12,SOLUSDT,-387.0009438058241,148368.19133611774
2.0,C007109,2.0,[],148368.19133611774,148.36819133611775,0.1705,1771174800000,,151.50089215025278,0.1741,Q102_TIME_EXIT,1771218000000,PB,-44.46372968741382,False,907627.6704172619,296736.3826722355,1740389.3411861318,,0.1741,Q102_TIME_EXIT,1771218000000,799,6265.40162827006,,1740389.3411861318,,153.28780981284777,,USD,LONG,dbf84542311c15f69508f91a0e7311ff7e686d96,Q102,FETUSDT,5921.068815096276,154289.26015121397
1.0,C007197,1.0,[],154289.26015121397,77.14463007560698,82.54,1771423200000,,76.61996916727878,81.97864516129033,V12_STOP,1771434000000,,-30.808946035922602,False,132395.8413796957,154289.26015121397,1869.2665392684025,,81.97864516129033,V12_STOP,1771434000000,800,1049.3218166564077,,1869.2665392684025,2,153.1033316421444,,USD,SHORT,dbf84542311c15f69508f91a0e7311ff7e686d96,V12,SOLUSDT,864.7482713775993,155154.00842259158
0.5,C007208,0.5,[],155154.00842259158,38.78850210564789,0.0985,1771444800000,,38.76596704662206,0.0984427741935484,V12_STOP,1771455600000,,0.0,False,-4973.4623797323875,77577.00421129579,787583.7990994497,,0.0984427741935484,V12_STOP,1771455600000,801,45.07011805168715,,787583.7990994497,1,153.1033316421444,,USD,SHORT,dbf84542311c15f69508f91a0e7311ff7e686d96,V12,DOGEUSDT,-32.4843511005828,155043.96646153074
1.0,C007207,1.0,[],155115.21992048592,77.55760996024296,0.2738,1771444800000,,77.35822884271751,0.27309612903225805,V12_STOP,1771462800000,,-20.724979658278954,False,34281.018662010945,155115.21992048592,566527.4650127316,,0.27309612903225805,V12_STOP,1771462800000,802,398.762235050898,,566527.4650127316,2,153.64288729421696,,USD,SHORT,dbf84542311c15f69508f91a0e7311ff7e686d96,V12,ADAUSDT,223.12141658965857,155344.64548808063
0.5,C007222,0.5,[],156462.02293287154,39.11550573321789,0.0974,1771480800000,,39.2280045911987,0.09768012903225806,V12_STOP,1771491600000,,-2.603369350639268,False,-47006.21102568082,78231.01146643577,803193.136205706,,0.09768012903225806,V12_STOP,1771491600000,804,-224.99771596162165,,803193.136205706,1,153.64288729421696,,USD,SHORT,dbf84542311c15f69508f91a0e7311ff7e686d96,V12,DOGEUSDT,-305.9445956366775,154942.10069337068
1.0,C007219,1.0,[],155344.64548808063,77.67232274404032,0.1545,1771470000000,,76.41548904268043,0.152,OVERLAY_HOLD,1771513200000,,-49.18156979843342,False,354976.2227659652,155344.64548808063,1005466.9610879006,,0.152,OVERLAY_HOLD,1771513200000,803,2513.6674027197537,,1005466.9610879006,0,153.64288729421696,IDLE_JUP_RELATIVE_SHORT,USD,SHORT,53eeff5417636369d4709fddfd47d7916ddcf3b1,IDLE,JUPUSDT,2310.3980211345997,157234.13560880415
0.5,C007229,0.5,[],153309.95802561363,38.32748950640341,0.09763,1771502400000,,37.9837169252161,0.09675432258064516,V12_STOP,1771513200000,,0.0,False,93911.74980334798,76654.97901280681,785158.0355711033,,0.09675432258064516,V12_STOP,1771513200000,805,687.5451623746146,,785158.0355711033,1,153.64288729421696,,USD,SHORT,dbf84542311c15f69508f91a0e7311ff7e686d96,V12,DOGEUSDT,611.2339559429952,157883.69705425354
1.0,C007230,1.0,[],153271.63053610723,76.63581526805362,81.17,1771502400000,,75.39418026193424,79.85490322580645,V12_STOP,1771513200000,,0.0,False,358178.44714295416,153271.63053610723,1888.2792969829645,,79.85490322580645,V12_STOP,1771513200000,806,2483.2700122387587,,1888.2792969829645,2,153.64288729421696,,USD,SHORT,dbf84542311c15f69508f91a0e7311ff7e686d96,V12,SOLUSDT,2331.240016708771,160291.57288623037
1.0,C007250,1.0,[],161488.17889427667,80.74408944713834,80.41,1771524000000,,80.92671605685346,80.59187096774194,V12_STOP,1771534800000,,0.0,False,-80958.12857558647,161488.17889427667,2008.3096492261743,,80.59187096774194,V12_STOP,1771534800000,808,-365.2532194302473,,2008.3096492261743,1,153.64288729421696,,USD,SHORT,dbf84542311c15f69508f91a0e7311ff7e686d96,V12,SOLUSDT,-526.9240249342391,159652.239889489
0.5,C007249,0.5,[],161407.43480482954,40.351858701207384,0.09674,1771524000000,,40.46361903598308,0.09700793548387096,V12_STOP,1771534800000,,0.0,False,-46759.08437741442,80703.71740241477,834233.1755469792,,0.09700793548387096,V12_STOP,1771534800000,809,-223.52066955138247,,834233.1755469792,2,153.64288729421696,,USD,SHORT,dbf84542311c15f69508f91a0e7311ff7e686d96,V12,DOGEUSDT,-304.33614728857293,159388.25560090164
1.0,C007240,1.0,[],160291.57288623037,80.14578644311518,1.387,1771513200000,,82.8616133809857,1.434,OVERLAY_HOLD,1771556400000,,20.26222312732779,False,-863455.5836776168,160291.57288623037,115567.10373917113,,1.434,OVERLAY_HOLD,1771556400000,807,-5431.653875741035,,115567.10373917113,0,154.89662213902835,IDLE_RENDER_RELATIVE_SHORT,USD,SHORT,53eeff5417636369d4709fddfd47d7916ddcf3b1,IDLE,RENDERUSDT,-5574.399052437808,153807.7756484326
2.0,C007290,2.0,[],159505.94418341634,159.50594418341635,661.45,1771605000000,,158.65952213475992,657.94,TIME_OR_SESSION_FLAT,1771615800000,,0.0,False,212933.0764677776,319011.8883668327,482.29176561619573,,657.94,TIME_OR_SESSION_FLAT,1771615800000,811,1692.8440973128427,,482.29176561619573,,154.89662213902835,V50_POST_OPEN_BASIS,USD,SHORT,,V52,METAUSDT,1374.6786309946663,155156.65414387817
1.0,C007264,1.0,[],156276.0262742618,78.1380131371309,0.006689,1771549200000,RECOVERY_V8,75.26434723314911,0.006443,RECOVERY_V8_MAX_HOLD,1771808400000,,-137.042546268731,False,-937094.5537417099,156276.0262742618,23363137.43074627,,0.006443,RECOVERY_V8_MAX_HOLD,1771808400000,810,-5747.331807963575,,23363137.43074627,,155.20523497917904,RECOVERY_V8,USD,LONG,dbf84542311c15f69508f91a0e7311ff7e686d96,PENGU,PENGUUSDT,-6037.776714602585,149199.8923795988
1.0,C007366,1.0,[],161566.94226450543,80.78347113225271,111.65,1771812000000,,80.91235497941112,111.82812903225808,V12_STOP,1771822800000,,0.0,False,-65102.934253294974,161566.94226450543,1447.084122386972,,111.82812903225808,V12_STOP,1771822800000,813,-257.76769431681015,,1447.084122386972,1,155.20523497917904,,USD,SHORT,dbf84542311c15f69508f91a0e7311ff7e686d96,V12,AAVEUSDT,-419.463520428474,148699.7261715092
0.9994997498749374,C007367,1.0,[],161486.15879337318,80.70268766112045,0.2578,1771812000000,,80.93959111873072,0.25855677419354833,V12_STOP,1771822800000,,0.0,False,-98625.04147216304,161405.3753222409,626087.5691320439,,0.25855677419354833,V12_STOP,1771822800000,814,-473.80691522055537,,626087.5691320439,2,155.20523497917904,,USD,SHORT,dbf84542311c15f69508f91a0e7311ff7e686d96,V12,ADAUSDT,-635.4491940004066,148144.9796651699
0.6,C007327,0.6,[],161564.40811179287,48.46932243353786,0.1019,1771678800000,,44.25025579972549,0.09303,Q102_TRAIL_5_AFTER_12,1771830000000,HIGH_VOL,25.546124070502323,False,1299216.7848496325,96938.64486707572,951311.5296082014,,0.09303,Q102_TRAIL_5_AFTER_12,1771830000000,812,8438.13326762475,,951311.5296082014,,155.20523497917904,,USD,SHORT,dbf84542311c15f69508f91a0e7311ff7e686d96,Q102,ARBUSDT,8370.959813461988,156538.86267699493
1.0,C007381,1.0,[],156538.86267699493,78.26943133849747,0.1456,1771833600000,,77.57059713011803,0.1443,OVERLAY_HOLD,1771876800000,,-37.79460753841019,False,186872.34586446063,156538.86267699493,1075129.551352987,,0.1443,OVERLAY_HOLD,1771876800000,815,1397.6684167588785,,1075129.551352987,0,155.20523497917904,IDLE_JUP_RELATIVE_SHORT,USD,SHORT,53eeff5417636369d4709fddfd47d7916ddcf3b1,IDLE,JUPUSDT,1204.0337807518526,157664.356175049
1.0,C007396,1.0,[],165995.08739814282,82.99754369907141,114.34,1771876800000,,82.77373735955324,114.03167741935484,V12_STOP,1771887600000,,0.0,False,43743.260399992265,165995.08739814282,1451.7674252067764,,114.03167741935484,V12_STOP,1771887600000,817,447.6126790363441,,1451.7674252067764,1,155.20523497917904,,USD,SHORT,dbf84542311c15f69508f91a0e7311ff7e686d96,V12,AAVEUSDT,281.84139797771945,157946.19757302673
1.0,C007403,1.0,[],164675.87795964224,82.33793897982112,114.48,1771898400000,,80.97306435055641,112.58232258064515,V12_STOP,1771909200000,,0.0,False,397336.21459480084,164675.87795964224,1438.468535636288,,112.58232258064515,V12_STOP,1771909200000,818,2729.74925852942,,1438.468535636288,1,154.82009504412764,,USD,SHORT,dbf84542311c15f69508f91a0e7311ff7e686d96,V12,AAVEUSDT,2566.4382551990425,160531.44939623793
1.25,C007382,1.25,[],156247.49227313767,97.65468267071105,0.844,1771837200000,,93.02649865788115,0.804,Q102_TIME_EXIT,1771923600000,REV,56.60269047690977,False,1412313.7327990434,195309.3653414221,231409.20064149538,,0.804,Q102_TIME_EXIT,1771923600000,816,9256.368025659798,,231409.20064149538,,154.82009504412764,,USD,SHORT,dbf84542311c15f69508f91a0e7311ff7e686d96,Q102,APTUSDT,9122.289534808117,169663.71799090446
0.5,C007409,0.5,[],170482.04502382223,42.620511255955556,0.09121,1771912800000,,42.5419481015667,0.09104187096774194,V12_STOP,1771923600000,,-7.127143571192632,False,10038.024961889943,85241.02251191111,934557.8611107457,,0.09104187096774194,V12_STOP,1771923600000,819,157.1263087777124,,934557.8611107457,1,154.82009504412764,,USD,SHORT,dbf84542311c15f69508f91a0e7311ff7e686d96,V12,DOGEUSDT,64.83670584899752,169778.3023515806
0.5,C007418,0.5,[],169778.3023515806,42.44457558789515,0.09075,1771941600000,,42.201940320995824,0.09023122580645161,V12_STOP,1771952400000,,-1.918409880650803,False,61727.64012659698,84889.1511757903,935417.6438103615,,0.09023122580645161,V12_STOP,1771952400000,820,485.270533798651,,935417.6438103615,1,154.82009504412764,,USD,SHORT,dbf84542311c15f69508f91a0e7311ff7e686d96,V12,DOGEUSDT,398.7056080091092,170080.64156884674
1.0,C007419,1.0,[],169735.8577759927,84.86792888799636,1.3295,1771941600000,,83.9878368619684,1.3157129032258066,V12_STOP,1771952400000,,-11.498461854965676,False,244589.40357504733,169735.8577759927,127668.94153891894,,1.3157129032258066,V12_STOP,1771952400000,821,1760.1840520559047,,127668.94153891894,2,154.82009504412764,,USD,SHORT,dbf84542311c15f69508f91a0e7311ff7e686d96,V12,XRPUSDT,1579.8298244509742,171756.83778404066
1.0,C007428,1.0,[],172165.58602780558,86.08279301390279,77.87,1771956000000,,85.99642386901712,77.79187096774194,V12_STOP,1771966800000,,0.0,False,102.0377272267376,172165.58602780558,2210.9359962476638,,77.79187096774194,V12_STOP,1771966800000,823,172.73828977134343,,2210.9359962476638,1,154.82009504412764,,USD,SHORT,dbf84542311c15f69508f91a0e7311ff7e686d96,V12,SOLUSDT,0.6590728884235233,171585.2023469571
0.7548427922683372,C007427,1.0,[],172079.5032347917,64.94648635694926,0.2618,1771956000000,,64.6083017647409,0.2604367741935484,V12_STOP,1771966800000,,0.0,False,84657.85680589506,129892.97271389852,496153.4481050364,,0.2604367741935484,V12_STOP,1771966800000,824,676.3691844167281,,496153.4481050364,2,154.82009504412764,,USD,SHORT,dbf84542311c15f69508f91a0e7311ff7e686d96,V12,ADAUSDT,546.814396295038,172196.9632296091
1.0,C007434,1.0,[],174777.44456650876,87.38872228325438,0.967,1771970400000,,87.09312177488057,0.9637290322580645,V12_STOP,1771981200000,,17.459670263831175,False,67661.41041625649,174777.44456650876,180741.9281970101,,0.9637290322580645,V12_STOP,1771981200000,825,591.2010167476371,,180741.9281970101,1,155.83764965610936,,USD,SHORT,dbf84542311c15f69508f91a0e7311ff7e686d96,V12,NEARUSDT,434.17884295333334,172597.4263306341
0.7852602508487383,C007433,1.0,[],174690.0558442255,68.58857853650832,8.34,1771970400000,,68.12431763901125,8.283548387096774,V12_STOP,1771981200000,,13.635475205459327,False,125518.55817664576,137177.15707301663,16448.10036846722,,8.283548387096774,V12_STOP,1771981200000,826,928.5217949941201,,16448.10036846722,2,155.83764965610936,,USD,SHORT,dbf84542311c15f69508f91a0e7311ff7e686d96,V12,AVAXUSDT,805.4443740240599,173457.82380798922
1.0,C007451,1.0,[],171393.4387384695,85.69671936923476,0.985,1771999200000,,85.96333762173442,0.9880645161290322,V12_STOP,1772010000000,,17.40034911050452,False,-107137.79396266343,171393.4387384695,174003.4911050452,,0.9880645161290322,V12_STOP,1772010000000,827,-533.23650499933,,174003.4911050452,1,155.83764965610936,,USD,SHORT,dbf84542311c15f69508f91a0e7311ff7e686d96,V12,NEARUSDT,-687.4962128797947,172737.2747299215
0.7341720434633823,C007450,1.0,[],171307.74201910026,62.88467750963038,0.2638,1771999200000,,63.08553199085412,0.2646425806451613,V12_STOP,1772010000000,,7.975135398184931,False,-80989.45557271244,125769.35501926075,476760.2540533008,,0.2646425806451613,V12_STOP,1772010000000,828,-401.7089624474931,,476760.2540533008,2,155.83764965610936,,USD,SHORT,dbf84542311c15f69508f91a0e7311ff7e686d96,V12,ADAUSDT,-519.7040365497926,172272.48023548318
1.25,C007425,1.25,[],171756.83778404066,107.34802361502543,0.832,1771952400000,,113.78890503192696,0.88192,Q102_HARD_STOP,1772024400000,REV,43.09403832622415,False,-2035209.4290128564,214696.04723005084,258048.13368996498,,0.88192,Q102_HARD_STOP,1772024400000,822,-12881.762833803072,,258048.13368996498,,155.83764965610936,,USD,SHORT,dbf84542311c15f69508f91a0e7311ff7e686d96,Q102,APTUSDT,-13059.8057241238,159276.92849664818
1.0,C007507,1.0,[],171807.273385632,85.903636692816,1.198,1772049600000,,90.36628296929818,1.260235435483871,V12_TAKE_PROFIT,1772056800000,,0.0,False,1363427.123961925,171807.273385632,143411.74740036062,,1.260235435483871,V12_TAKE_PROFIT,1772056800000,831,8925.292552964349,,143411.74740036062,1,155.83764965610936,,USD,LONG,dbf84542311c15f69508f91a0e7311ff7e686d96,V12,NEARUSDT,8749.022633302235,167843.54105987356
1.0,C007463,1.0,[],159276.92849664818,79.6384642483241,0.00691,1772024400000,LONG_V2_FINAL,86.50581233906307,0.00750586,LONG_TRAILING_STOP,1772060400000,,-16.815125808727185,False,2111870.8084103675,159276.92849664818,23050206.728892643,,0.00750586,LONG_TRAILING_STOP,1772060400000,829,13734.696181477953,,23050206.728892643,,155.83764965610936,BASE_V64_LONG,USD,LONG,dbf84542311c15f69508f91a0e7311ff7e686d96,PENGU,PENGUUSDT,13551.736779081839,181491.73142901246
0.2681996260540762,C007506,1.0,[],171721.36974893918,23.027803576079624,0.3034,1772049600000,,23.704579201199227,0.3123167741935484,V12_STOP,1772060400000,,0.0,False,203651.58083152657,46055.607152159246,151798.309664335,,0.3123167741935484,V12_STOP,1772060400000,832,1353.5512502392135,,151798.309664335,2,155.83764965610936,,USD,LONG,dbf84542311c15f69508f91a0e7311ff7e686d96,V12,ADAUSDT,1306.8188674619346,182821.57810005048
1.0,C007573,1.0,[],188238.42874989667,94.11921437494834,88.28,1772100000000,,94.0225735574638,88.18935483870968,V12_STOP,1772110800000,,0.0,False,-59783.52529693534,188238.42874989667,2132.288499659002,,88.18935483870968,V12_STOP,1772110800000,833,-193.2816349690962,,2132.288499659002,1,156.7379497623897,,USD,LONG,dbf84542311c15f69508f91a0e7311ff7e686d96,V12,SOLUSDT,-381.4234229015084,182364.22568758676
1.0,C007580,1.0,[],186766.9983844352,93.3834991922176,0.2893,1772107200000,,94.38144468496228,0.2923916129032258,V12_STOP,1772118000000,,0.0,False,283401.9686742778,186766.9983844352,645582.4347889222,,0.2923916129032258,V12_STOP,1772118000000,834,1995.8909854893561,,645582.4347889222,1,156.7379497623897,,USD,LONG,dbf84542311c15f69508f91a0e7311ff7e686d96,V12,ADAUSDT,1808.1260416121763,184265.73522839116
0.75,C007487,0.75,[],167809.8038498934,62.928676443710025,9.79,1772038800000,,58.94340786402665,9.17,Q102_TIME_EXIT,1772125200000,MR,29.410315369040088,False,1234793.3847692283,125857.35288742004,12855.705095752814,,9.17,Q102_TIME_EXIT,1772125200000,830,7970.537159366734,,12855.705095752814,,156.7379497623897,,USD,SHORT,dbf84542311c15f69508f91a0e7311ff7e686d96,Q102,AVAXUSDT,7878.075390428037,192189.28478563292
2.0,C007593,2.0,[],192675.13609480474,192.67513609480474,185.95,1772127000000,,193.64913248054884,186.89,BASIS_CONVERGED,1772130600000,,0.0,False,244772.7193550611,385350.2721896095,2072.332735625757,,186.89,BASIS_CONVERGED,1772130600000,836,1947.9927714882067,,2072.332735625757,,156.7379497623897,V50_POST_OPEN_BASIS,USD,LONG,,V52,NVDAUSDT,1561.6685029128532,193652.64903114404
1.0,C007617,1.0,[],187069.95048222013,93.53497524111006,0.2905,1772179200000,,94.0823399843455,0.2922,Q102_PREEMPT:HIGH_VOL:V12_R2,1772182800000,,-18.694115877792946,False,138647.06015585235,187069.95048222013,643958.5214534256,,0.29228516129032256,V12_STOP,1772190000000,838,1094.729486470846,,643958.5214534256,2,156.06060606060606,,USD,LONG,dbf84542311c15f69508f91a0e7311ff7e686d96,V12,ADAUSDT,888.4180553675976,194489.8348739328
0.5,C007618,0.5,[],187116.72966463628,46.779182416159074,55.88,1772179200000,,46.837997999842074,55.95025806451613,V12_STOP,1772190000000,,5.92510147301512,False,4672.312284197835,93558.36483231814,1674.2728137494298,,55.95025806451613,V12_STOP,1772190000000,837,117.63116736600128,,1674.2728137494298,1,156.06060606060606,,USD,LONG,dbf84542311c15f69508f91a0e7311ff7e686d96,V12,LTCUSDT,29.93908842301525,194410.83077567775
0.8542939483022343,C007622,1.0,[],187896.5605058309,80.25944727346796,86.27,1772186400000,,80.10891410583457,86.10819354838709,V12_STOP,1772197200000,,0.0,False,-72011.77841598044,160518.89454693592,1860.6571756918504,,86.10819354838709,V12_STOP,1772197200000,840,-301.06633526678576,,1860.6571756918504,1,156.06060606060606,,USD,LONG,dbf84542311c15f69508f91a0e7311ff7e686d96,V12,SOLUSDT,-461.4346966460883,194029.68996303526
1.0,C007592,1.0,[],192189.28478563292,96.09464239281647,0.3298,1772125200000,,93.79279983701522,0.3219,OVERLAY_HOLD,1772211600000,,-40.60121600281121,False,682483.6889349874,192189.28478563292,582744.9508357578,,0.3219,OVERLAY_HOLD,1772211600000,835,4603.6851116024645,,582744.9508357578,0,156.06060606060606,IDLE_TIA_BREAKDOWN_SHORT_VOLCAP100,USD,SHORT,53eeff5417636369d4709fddfd47d7916ddcf3b1,IDLE,TIAUSDT,4373.196453369822,198514.52994080383
0.9994997498749374,C007667,1.0,[],215908.21175494813,107.90010182250785,2.921,1772265600000,,106.64654408027113,2.8870645161290325,V12_STOP,1772276400000,,-45.41584657976121,False,350502.5670608073,215800.2036450157,73878.87834475032,,2.8870645161290325,V12_STOP,1772276400000,842,2507.115484473433,,73878.87834475032,2,155.97628123676407,,USD,SHORT,dbf84542311c15f69508f91a0e7311ff7e686d96,V12,INJUSDT,2247.1529919908926,200403.78639265778
1.0,C007666,1.0,[],216016.2198648806,108.0081099324403,1.796,1772265600000,,106.97373382395591,1.7788,V12_STOP,1772287200000,,-244.22864059277745,False,251050.3339493877,216016.2198648806,120276.29168423197,,1.7788,V12_STOP,1772287200000,841,2068.7522169688023,,120276.29168423197,1,155.97628123676407,,USD,SHORT,dbf84542311c15f69508f91a0e7311ff7e686d96,V12,ATOMUSDT,1609.5417326196286,202365.56487580264
0.6,C007620,0.6,[],187273.7941146264,56.182138234387914,0.1117,1772182800000,,48.11192867332477,0.095655,Q102_TRAIL_5_AFTER_12,1772308800000,HIGH_VOL,-32.931880081143,False,2496118.5593715007,112364.27646877583,1005946.969281789,,0.095655,Q102_TRAIL_5_AFTER_12,1772308800000,839,16140.419122126295,,1005946.969281789,,155.97628123676407,,USD,SHORT,dbf84542311c15f69508f91a0e7311ff7e686d96,Q102,ARBUSDT,16003.19317513744,218329.42616006092
1.0,C007685,1.0,[],220271.42092901847,110.13571046450923,0.006605,1772287200000,RECOVERY_V8,118.26691074473834,0.00709264,RECOVERY_V8_TRAILING_STOP,1772341200000,,-13.61444794291079,False,2498799.840960768,220271.42092901847,33349193.176232927,,0.00709264,RECOVERY_V8_TRAILING_STOP,1772341200000,843,16262.400560458229,,33349193.176232927,,155.97628123676407,RECOVERY_V8,USD,LONG,dbf84542311c15f69508f91a0e7311ff7e686d96,PENGU,PENGUUSDT,16020.383491306071,234203.07629964186
1.25,C007709,1.25,[],231869.19858961148,144.91824911850716,0.1562,1772312400000,,143.61936596379584,0.1548,Q102_TIME_EXIT,1772355600000,REV,-144.78632526757784,False,337601.67167926783,289836.49823701434,1855547.363873331,,0.1548,Q102_TIME_EXIT,1772355600000,844,2597.7663094226864,,1855547.363873331,,155.97628123676407,,USD,SHORT,dbf84542311c15f69508f91a0e7311ff7e686d96,Q102,FETUSDT,2164.442369072806,236625.78594918695
1.25,C007742,1.25,[],236625.78594918695,147.89111621824185,0.1548,1772355600000,,145.6937675922602,0.1525,Q102_TIME_EXIT,1772384400000,REV,-39.22463339089405,False,633558.1436693777,295782.23243648367,1910737.9356361995,,0.1525,Q102_TIME_EXIT,1772384400000,845,4394.697251963252,,1910737.9356361995,,155.97628123676407,,USD,SHORT,dbf84542311c15f69508f91a0e7311ff7e686d96,Q102,FETUSDT,4061.8877347618554,240687.67368394881
1.0,C007763,1.0,[],240687.67368394881,120.34383684197441,9.07,1772388000000,,119.54773648800324,9.01,OVERLAY_HOLD,1772431200000,,-14.578858406217304,False,-288036.8970343152,240687.67368394881,26536.678465705492,,9.01,OVERLAY_HOLD,1772431200000,846,-1592.2007079423427,,26536.678465705492,2,155.97628123676407,AVAX_REL_LONG,USD,LONG,53eeff5417636369d4709fddfd47d7916ddcf3b1,RESIDUAL,AVAXUSDT,-1846.6711396785377,238714.59458578166
0.9554086505576295,C007774,0.9554086505576295,[],240818.11777335766,115.03985646583597,32.425,1772413200000,,109.36452309089952,30.825357142857143,HYPE_HARD_STOP,1772434800000,,-11.368102022755025,False,-1807209.7040976875,230079.71293167194,7095.750591570453,,30.825357142857143,HYPE_HARD_STOP,1772434800000,847,-11350.666749872855,,7095.750591570453,,155.97628123676407,HYPE_TREND_LONG,USD,LONG,123df49950e3d5aba61e2d50e9ee1a37fae620d7,HYPE_LONG,HYPEUSDT,-11586.439231452345,227254.5633128179
1.0,C007793,1.0,[],226514.12986730278,113.25706493365139,1.292,1772467200000,,116.4727828564155,1.328683870967742,V12_STOP,1772478000000,,0.0,False,967319.0388509348,226514.12986730278,175320.53395302073,,1.328683870967742,V12_STOP,1772478000000,849,6431.435845528234,,175320.53395302073,1,155.97628123676407,,USD,LONG,dbf84542311c15f69508f91a0e7311ff7e686d96,V12,NEARUSDT,6201.705997738167,233252.2376500497
1.0,C007812,1.0,[],232277.01463545256,116.13850731772628,1.372,1772488800000,,118.85219227428502,1.4040580645161291,V12_STOP,1772499600000,,-22.922964855422943,False,813952.9376325321,232277.01463545256,169298.11562350768,,1.4040580645161291,V12_STOP,1772499600000,851,5427.369913117481,,169298.11562350768,1,157.45426568644214,,USD,LONG,dbf84542311c15f69508f91a0e7311ff7e686d96,V12,NEARUSDT,5169.456248670047,238416.7437945228
1.0,C007824,1.0,[],242278.78657673136,121.13939328836568,1.414,1772510400000,,123.06451308954001,1.4364709677419354,V12_STOP,1772521200000,,0.0,False,567785.7025481727,242278.78657673136,171342.8476497393,,1.4364709677419354,V12_STOP,1772521200000,852,3850.239602348655,,171342.8476497393,1,157.45426568644214,,USD,LONG,dbf84542311c15f69508f91a0e7311ff7e686d96,V12,NEARUSDT,3606.035695970749,242024.43351844943
0.918915195512944,C007800,0.918915195512944,[],235032.21286000722,107.98733591604669,33.16,1772470800000,,102.43549260229464,31.455178571428565,HYPE_HARD_STOP,1772546400000,,-10.902569081492187,False,-1783171.4523028655,215974.6718320934,6513.108318217533,,31.455178571428565,HYPE_HARD_STOP,1772546400000,850,-11103.68662750409,,6513.108318217533,,157.45426568644214,HYPE_TREND_LONG,USD,LONG,123df49950e3d5aba61e2d50e9ee1a37fae620d7,HYPE_LONG,HYPEUSDT,-11325.012025103924,230804.23356976066
1.0,C007853,1.0,[],234799.11897860316,117.39955948930158,1.38,1772589600000,,119.22833617101432,1.4014967741935482,V12_STOP,1772600400000,,0.0,False,539342.5315282306,234799.11897860316,170144.28911492985,,1.4014967741935482,V12_STOP,1772600400000,853,3657.5533634254516,,170144.28911492985,2,157.65983112183352,,USD,LONG,dbf84542311c15f69508f91a0e7311ff7e686d96,V12,NEARUSDT,3420.9254677651356,234224.83189663445
0.5,C007859,0.5,[],239508.82268821794,59.87720567205449,54.68,1772604000000,,61.73045019053071,56.3723870967742,V12_STOP,1772622000000,,-1.3915699128478536,False,564972.3984569787,119754.41134410897,2190.0953062199887,,56.3723870967742,V12_STOP,1772622000000,854,3706.489036952444,,2190.0953062199887,1,157.65983112183352,,USD,LONG,dbf84542311c15f69508f91a0e7311ff7e686d96,V12,LTCUSDT,3583.4898111770112,237664.9320376874
1.0,C007858,1.0,[],239448.94548254588,119.72447274127295,9.04,1772604000000,,125.0339779768872,9.440903225806451,V12_STOP,1772622000000,,-19.332556913784423,False,1632554.8539108254,239448.94548254588,26487.715208246227,,9.440903225806451,V12_STOP,1772622000000,855,10619.010471228536,,26487.715208246227,2,157.65983112183352,,USD,LONG,dbf84542311c15f69508f91a0e7311ff7e686d96,V12,AVAXUSDT,10354.91946359659,248158.90853093905
1.0,C007878,1.0,[],251123.0984871932,125.5615492435966,71066.1,1772625600000,,126.06557159249424,71351.36967741935,V12_STOP,1772636400000,,0.0,False,119256.6674409705,251123.0984871932,3.533655265832699,,71351.36967741935,V12_STOP,1772636400000,856,1008.0446977952688,,3.533655265832699,1,157.65983112183352,,USD,LONG,dbf84542311c15f69508f91a0e7311ff7e686d96,V12,BTCUSDT,756.417576959178,248789.89012020387
0.9994997498749374,C007879,1.0,[],250997.5369379496,125.435987694353,89.73,1772625600000,,125.38836798827948,89.69593548387097,V12_STOP,1772636400000,,0.0,False,-54560.35519340743,250871.975388706,2795.8539550730634,,89.69593548387097,V12_STOP,1772636400000,857,-95.23941214701374,,2795.8539550730634,2,157.65983112183352,,USD,LONG,dbf84542311c15f69508f91a0e7311ff7e686d96,V12,SOLUSDT,-346.0637678296462,248569.26234006858
1.0,C007893,1.0,[],249078.5808176436,124.53929040882181,1.335,1772640000000,,124.52966069444928,1.3348967741935485,V12_STOP,1772650800000,,0.0,False,-42304.60705208799,249078.5808176436,186575.7159682724,,1.3348967741935485,V12_STOP,1772650800000,858,-19.259428745091157,,186575.7159682724,2,157.65983112183352,,USD,LONG,dbf84542311c15f69508f91a0e7311ff7e686d96,V12,NEARUSDT,-268.32837984836226,248124.40399661366
1.1759136926873421,C007897,1.1759136926873421,[],248954.0415272348,146.3742331408643,33.107,1772640000000,,140.589504802106,31.79860714285714,HYPE_HARD_STOP,1772658000000,,43.92064166237699,False,-1862356.7194635568,292748.4662817286,8842.494526285334,,31.79860714285714,HYPE_HARD_STOP,1772658000000,859,-11569.456677516564,,8842.494526285334,,157.65983112183352,HYPE_TREND_LONG,USD,LONG,123df49950e3d5aba61e2d50e9ee1a37fae620d7,HYPE_LONG,HYPEUSDT,-11812.499773797159,236397.9707483447
0.20125614780448542,C007902,1.0,[],238133.45890058987,23.962911300845235,73170.1,1772647200000,,24.156997654609434,73762.73741935485,V12_STOP,1772658000000,,0.0,False,53612.66679551725,47925.82260169047,0.6549918969864803,,73762.73741935485,V12_STOP,1772658000000,860,388.17270752839886,,0.6549918969864803,1,157.65983112183352,,USD,LONG,dbf84542311c15f69508f91a0e7311ff7e686d96,V12,BTCUSDT,340.0527985729442,236761.98645821848
0.5,C007910,0.5,[],241230.83045067723,60.307707612669304,57.54,1772654400000,,60.167397373176684,57.406129032258065,V12_STOP,1772665200000,,0.0,False,-63236.66203259635,120615.41522533861,2096.201168323577,,57.406129032258065,V12_STOP,1772665200000,861,-280.620478985251,,2096.201168323577,2,157.65983112183352,,USD,LONG,dbf84542311c15f69508f91a0e7311ff7e686d96,V12,LTCUSDT,-401.095583971097,236421.19858186005
0.6,C007790,0.6,[],227254.5633128179,68.17636899384536,0.1058,1772463600000,,67.08090748827318,0.1041,Q102_TIME_EXIT,1772722800000,HIGH_VOL,-60.57663572961614,False,313452.83448077296,136352.73798769072,1288778.2418496287,,0.1041,Q102_TIME_EXIT,1772722800000,848,2190.923011144378,,1288778.2418496287,,157.11219847197185,,USD,SHORT,dbf84542311c15f69508f91a0e7311ff7e686d96,Q102,ARBUSDT,1995.0890989326435,238291.43612993992
1.0,C007937,1.0,[],238338.98120076844,119.16949060038422,72879.0,1772712000000,,119.06330377240843,72814.06064516128,V12_STOP,1772722800000,,0.0,False,-70795.77005611267,238338.98120076844,3.2703382483399666,,72814.06064516128,V12_STOP,1772722800000,862,-212.37365595157434,,3.2703382483399666,1,157.11219847197185,,USD,LONG,dbf84542311c15f69508f91a0e7311ff7e686d96,V12,BTCUSDT,-450.60645032436696,237959.99917021595
0.9994997498749376,C007938,1.0,[],238219.81171016805,119.05032110978385,2137.7,1772712000000,,118.85899610720813,2134.2645161290325,V12_STOP,1772722800000,,0.0,False,-97497.43941958573,238100.6422195677,111.38169164034603,,2134.2645161290325,V12_STOP,1772722800000,863,-382.65000515146727,,111.38169164034603,2,157.11219847197185,,USD,LONG,dbf84542311c15f69508f91a0e7311ff7e686d96,V12,ETHUSDT,-620.5593223684592,237458.49016895727
2.0,C007947,2.0,[],238498.7231860857,238.4987231860857,183.92,1772728200000,,231.80748019108677,178.76,BASIS_CONVERGED,1772735400000,,0.0,False,2028660.95334133,476997.4463721714,2593.5050368212887,,178.76,BASIS_CONVERGED,1772735400000,865,13382.485989997842,,2593.5050368212887,,157.11219847197185,V50_POST_OPEN_BASIS,USD,SHORT,,V52,NVDAUSDT,12912.17978662067,250128.68276110277
1.0,C007945,1.0,[],237458.49016895727,118.72924508447863,9.22,1772726400000,,118.51406857844769,9.203290322580644,V12_STOP,1772737200000,,0.0,False,-104887.52642643878,237458.49016895727,25754.71693806478,,9.203290322580644,V12_STOP,1772737200000,864,-430.35301206190445,,25754.71693806478,2,157.11219847197185,,USD,LONG,dbf84542311c15f69508f91a0e7311ff7e686d96,V12,LINKUSDT,-667.5963257248308,249579.81568046243
1.0,C007949,1.0,[],246515.8987813512,123.2579493906756,70659.8,1772733600000,,124.1473959373216,71169.69096774193,V12_STOP,1772744400000,,0.0,False,240615.40701551462,246515.8987813512,3.488771533196403,,71169.69096774193,V12_STOP,1772744400000,866,1778.8930932920064,,3.488771533196403,1,157.11219847197185,,USD,LONG,dbf84542311c15f69508f91a0e7311ff7e686d96,V12,BTCUSDT,1531.4877479640093,251234.56137781712
1.0,C007968,1.0,[],251234.56137781712,125.61728068890856,71025.1,1772784000000,,125.26875402252504,70828.04000000001,V12_STOP,1772794800000,,4.401716277361817,False,-148644.94430998352,251234.56137781712,3.537264451268877,,70828.04000000001,V12_STOP,1772794800000,867,-697.0533327670366,,3.537264451268877,1,157.54002410053366,,USD,LONG,dbf84542311c15f69508f91a0e7311ff7e686d96,V12,BTCUSDT,-943.5376512011084,250192.21309147996
0.9994997498749374,C007969,1.0,[],251108.9440971282,125.49166340821964,88.61,1772784000000,,124.97624901656812,88.24606451612904,V12_STOP,1772794800000,,26.681028272192815,False,-197652.1824878713,250983.32681643928,2832.4492361634047,,88.24606451612904,V12_STOP,1772794800000,868,-1030.828783303062,,2832.4492361634047,2,157.54002410053366,,USD,LONG,dbf84542311c15f69508f91a0e7311ff7e686d96,V12,SOLUSDT,-1254.6156674556569,249036.40805916034
1.0,C007981,1.0,[],249036.40805916034,124.51820402958018,178.0,1772809200000,,124.02852569912679,177.3,OVERLAY_HOLD,1772852400000,,-7.026849764523231,False,114299.00283165334,249036.40805916034,1399.0809441525862,,177.3,OVERLAY_HOLD,1772852400000,869,979.3566609067944,,1399.0809441525862,0,157.91886515007354,IDLE_TAO_BREAKDOWN_SHORT_RELWEAK2,USD,SHORT,53eeff5417636369d4709fddfd47d7916ddcf3b1,IDLE,TAOUSDT,723.7830814135642,249760.19114057394
1.0,C008030,1.0,[],247938.26270483283,123.96913135241641,616.8,1772942400000,,123.642105130427,615.1729032258065,V12_STOP,1772953200000,,0.0,False,64184.73423799563,247938.26270483283,401.9751340869534,,615.1729032258065,V12_STOP,1772953200000,871,654.0524439788545,,401.9751340869534,1,157.91886515007354,,USD,SHORT,dbf84542311c15f69508f91a0e7311ff7e686d96,V12,BNBUSDT,406.4412074960111,249887.43885587816
0.9848725737926975,C008031,1.0,[],247814.29357348042,122.03275056716642,66975.7,1772942400000,,121.41646200949792,66637.46,V12_STOP,1772953200000,,0.0,False,156201.95589218015,244065.50113433282,3.6440903362612533,,66637.46,V12_STOP,1772953200000,872,1232.5771153369724,,3.6440903362612533,2,157.91886515007354,,USD,SHORT,dbf84542311c15f69508f91a0e7311ff7e686d96,V12,BTCUSDT,989.1279027603081,250998.59950920564
1.0,C008040,1.0,[],246594.6757802969,123.29733789014846,619.9,1772964000000,,123.23702665492492,619.5967741935484,V12_STOP,1772974800000,,0.0,False,-19883.863424851937,246594.6757802969,397.79750892127265,,619.5967741935484,V12_STOP,1772974800000,873,120.62247044707632,,397.79750892127265,1,157.91886515007354,,USD,SHORT,dbf84542311c15f69508f91a0e7311ff7e686d96,V12,BNBUSDT,-125.91189409799705,250751.02847576822
0.9683156050444834,C008041,1.0,[],246471.37844240677,119.3310409713035,67692.5,1772964000000,,119.0363271196195,67525.31870967742,V12_STOP,1772974800000,,0.0,False,55439.049746160395,238662.08194260698,3.5256798307435386,,67525.31870967742,V12_STOP,1772974800000,874,589.4277033680004,,3.5256798307435386,2,157.91886515007354,,USD,SHORT,dbf84542311c15f69508f91a0e7311ff7e686d96,V12,BTCUSDT,351.0603352770774,251221.4198520166
0.5,C008052,0.5,[],247056.96489520473,61.764241223801186,0.08863,1772978400000,,61.79476894855103,0.08867380645161291,V12_STOP,1772989200000,,0.43615394212455405,False,-29085.229026130502,123528.48244760236,1393754.738210565,,0.08867380645161291,V12_STOP,1772989200000,875,-61.055449499681245,,1393754.738210565,2,157.91886515007354,,USD,SHORT,dbf84542311c15f69508f91a0e7311ff7e686d96,V12,DOGEUSDT,-184.1783057299089,250897.89738096812
1.0,C008055,1.0,[],250645.03571711548,125.32251785855775,615.9,1772985600000,,124.61034248511245,612.4,V12_STOP,1772996400000,,0.0,False,185462.73985543477,250645.03571711548,406.95735625444956,,612.4,V12_STOP,1772996400000,876,1424.3507468905734,,406.95735625444956,1,157.91886515007354,,USD,SHORT,dbf84542311c15f69508f91a0e7311ff7e686d96,V12,BNBUSDT,1174.4178865469032,252063.80271093975
1.0,C008061,1.0,[],251514.66194316006,125.75733097158003,67039.9,1772992800000,,125.4099971091683,66854.74,V12_STOP,1773003600000,,0.0,False,70037.07934721748,251514.66194316006,3.7517159474157937,,66854.74,V12_STOP,1773003600000,877,694.6677248234669,,3.7517159474157937,2,157.91886515007354,,USD,SHORT,dbf84542311c15f69508f91a0e7311ff7e686d96,V12,BTCUSDT,443.5003967427185,252618.11110797137
1.0,C008029,1.0,[],249760.19114057394,124.88009557028697,0.3124,1772938800000,,124.80014672549164,0.3122,OVERLAY_HOLD,1773025200000,,-101.66767361998862,False,-30233.602473985182,249760.19114057394,799488.4479531816,,0.3122,OVERLAY_HOLD,1773025200000,870,159.89768959066308,,799488.4479531816,0,157.91886515007354,IDLE_TIA_BREAKDOWN_SHORT_VOLCAP100,USD,SHORT,53eeff5417636369d4709fddfd47d7916ddcf3b1,IDLE,TIAUSDT,-191.45022632510415,252623.198443244
0.75,C008091,0.75,[],256993.75636045696,96.37265863517136,3.86,1773061200000,,97.9455802657454,3.923,Q102_TIME_EXIT,1773147600000,MR,58.697440531421734,False,-520121.2829949334,192745.31727034273,49934.020018223506,,3.923,Q102_TIME_EXIT,1773147600000,879,-3145.8432611480894,,49934.020018223506,,158.50281263522285,,USD,SHORT,dbf84542311c15f69508f91a0e7311ff7e686d96,Q102,UNIUSDT,-3281.4640595175842,249229.94877132814
1.0,C008078,1.0,[],252623.198443244,126.311599221622,0.006684,1773032400000,RECOVERY_V8,133.997255625487,0.007090699999999999,RECOVERY_V8_TRAILING_STOP,1773151200000,,-48.56437626699916,False,2387439.0380417113,252623.198443244,37795212.21472831,,0.007090699999999999,RECOVERY_V8_TRAILING_STOP,1773151200000,878,15371.312807729983,,37795212.21472831,,158.50281263522285,RECOVERY_V8,USD,LONG,dbf84542311c15f69508f91a0e7311ff7e686d96,PENGU,PENGUUSDT,15062.439576615874,264467.26432343264
1.0,C008129,1.0,[],264467.26432343264,132.23363216171632,0.09607,1773151200000,,136.72079403167777,0.09933,FORMAL_PRIORITY,1773154800000,,0.0,False,1379825.5212544817,264467.26432343264,2752860.042921127,,0.09355,OVERLAY_HOLD,1773194400000,880,8974.323739922871,,2752860.042921127,1,158.50281263522285,DOGE_REL_VOL,USD,LONG,53eeff5417636369d4709fddfd47d7916ddcf3b1,RESIDUAL,DOGEUSDT,8705.369313729476,273172.63363716216
0.5,C008135,0.5,[],273338.64490332257,68.33466122583064,0.09912,1773158400000,,68.98640156724939,0.10006535483870968,V12_STOP,1773169200000,,-13.660038110659892,False,182674.42529741715,136669.32245166128,1378826.9012475917,,0.10006535483870968,V12_STOP,1773169200000,882,1303.4806828374856,,1378826.9012475917,1,158.50281263522285,,USD,LONG,dbf84542311c15f69508f91a0e7311ff7e686d96,V12,DOGEUSDT,1152.4995819337457,274095.5352119608
1.0,C008134,1.0,[],273270.3102420967,136.63515512104837,9.76,1773158400000,,138.7296614981353,9.909612903225806,V12_STOP,1773169200000,,-27.327031024209674,False,615992.7944881488,273270.3102420967,27999.00719693614,,9.909612903225806,V12_STOP,1773169200000,883,4189.012754173865,,27999.00719693614,2,158.50281263522285,,USD,LONG,dbf84542311c15f69508f91a0e7311ff7e686d96,V12,AVAXUSDT,3886.320906530472,278145.8183046365
1.0,C008155,1.0,[],283353.0424859198,141.6765212429599,9.55,1773180000000,,141.6257943007145,9.54658064516129,V12_STOP,1773190800000,,-28.275963297286026,False,-65167.61226625943,283353.0424859198,29670.475652975892,,9.54658064516129,V12_STOP,1773190800000,884,-101.45388449084447,,29670.475652975892,1,157.7785413624259,,USD,LONG,dbf84542311c15f69508f91a0e7311ff7e686d96,V12,AVAXUSDT,-413.0321633318049,277681.543202015
1.447840326248161,C008177,1.447840326248161,[],285099.4543882248,206.38924352731007,35.517,1773234000000,,214.1992258822585,36.861,HYPE_TAKE_PROFIT,1773241200000,,0.0,False,2398135.412842798,412778.4870546201,11621.997552006647,,36.861,HYPE_TAKE_PROFIT,1773241200000,885,15619.964709896865,,11621.997552006647,,157.7785413624259,HYPE_TREND_LONG,USD,LONG,123df49950e3d5aba61e2d50e9ee1a37fae620d7,HYPE_LONG,HYPEUSDT,15199.376240487296,292709.99774975574
1.0,C008179,1.0,[],291839.1998985644,145.9195999492822,1.305,1773237600000,,146.51546987664895,1.3103290322580645,V12_STOP,1773248400000,,-29.027377890293995,False,137311.09985985863,291839.1998985644,223631.57080349763,,1.3103290322580645,V12_STOP,1773248400000,886,1191.7398547334922,,223631.57080349763,1,157.7785413624259,,USD,LONG,dbf84542311c15f69508f91a0e7311ff7e686d96,V12,NEARUSDT,870.277407017267,293595.7064532416
0.027574111103335852,C008178,1.0,[],291693.2802986151,4.02159145952525,9.72,1773237600000,,4.028051204203367,9.735612903225807,V12_STOP,1773248400000,,-0.7943884364494319,False,643.0198590239253,8043.1829190505,827.487954634825,,9.735612903225807,V12_STOP,1773248400000,887,12.919489356233756,,827.487954634825,2,157.7785413624259,,USD,LONG,dbf84542311c15f69508f91a0e7311ff7e686d96,V12,AVAXUSDT,4.075458256055706,293604.59789139364
1.0,C008213,1.0,[],307804.90247521206,153.90245123760604,2062.0,1773316800000,,154.72211505443485,2072.981935483871,V12_STOP,1773327600000,,0.0,False,210998.1903638186,307804.90247521206,149.27492845548596,,2072.981935483871,V12_STOP,1773327600000,889,1639.3276336576039,,149.27492845548596,2,158.56143683619723,,USD,LONG,dbf84542311c15f69508f91a0e7311ff7e686d96,V12,ETHUSDT,1330.703067365563,295252.2778331981
1.0,C008232,1.0,[],303749.6297301762,151.8748148650881,0.1673,1773349200000,,169.0322207285081,0.1862,CORE_PREEMPT:V12,1773367200000,,168.737904948605,False,5426910.48014207,303749.6297301762,1815598.5040656077,,0.1772,FET_24H_TIME_EXIT,1773435600000,890,34314.81172683999,,1815598.5040656077,,158.85511388239368,,USD,LONG,dbf84542311c15f69508f91a0e7311ff7e686d96,FET,FETUSDT,34162.642596195,329593.6788971689
1.2476402888527016,C008185,1.2476402888527016,[],302034.77479233267,188.4153768327333,36.754,1773241200000,,196.7309402382377,38.389214285714274,HYPE_TAKE_PROFIT,1773374400000,,573.958954666755,False,2671933.3966030516,376830.7536654666,10252.782109851081,,38.389214285714274,HYPE_TAKE_PROFIT,1773374400000,888,16631.126811008828,"[{""cause"": ""V12"", ""fraction"": 0.08724609578622665, ""quantity"": 894.5152100313784, ""ts"": 1773367200000}]",9358.266899819702,,158.85511388239368,HYPE_TREND_LONG,USD,LONG,123df49950e3d5aba61e2d50e9ee1a37fae620d7,HYPE_LONG,HYPEUSDT,16819.93944860461,345865.974564081
1.0,C008243,1.0,[],346802.76478031045,173.40138239015522,9.98,1773367200000,,173.22090774690218,9.969612903225807,V12_STOP,1773378000000,,0.0,False,-112401.36338759582,346802.76478031045,34749.77603009123,,9.969612903225807,V12_STOP,1773378000000,891,-360.94928650611394,,34749.77603009123,1,158.85511388239368,,USD,LONG,dbf84542311c15f69508f91a0e7311ff7e686d96,V12,AVAXUSDT,-707.5715766431713,345331.80436982797
0.49987664398020026,C008244,0.5,[],346612.2607143621,86.63168682414276,0.09707,1773367200000,,86.37949317055072,0.0967874193548387,V12_STOP,1773378000000,,0.0,False,-107608.21382454186,173263.37364828552,1784932.2514503503,,0.0967874193548387,V12_STOP,1773378000000,892,-504.38730718405867,,1784932.2514503503,2,158.85511388239368,,USD,LONG,dbf84542311c15f69508f91a0e7311ff7e686d96,V12,DOGEUSDT,-677.3984871787521,344741.0375694734
1.0,C008258,1.0,[],343765.6748877078,171.8828374438539,1.347,1773388800000,,171.524722472529,1.3441935483870968,V12_STOP,1773399600000,,0.0,False,-168328.8361442145,343765.6748877078,255208.37036949355,,1.3441935483870968,V12_STOP,1773399600000,893,-716.2299426498523,,255208.37036949355,1,158.85511388239368,,USD,LONG,dbf84542311c15f69508f91a0e7311ff7e686d96,V12,NEARUSDT,-1059.637502566235,343612.4250974838
0.5,C008263,0.5,[],341858.0506565029,85.46451266412572,0.09857,1773396000000,,86.75461798019239,0.10005793548387096,V12_STOP,1773406800000,,0.0,False,382521.7641968728,170929.02532825145,1734087.707499761,,0.10005793548387096,V12_STOP,1773406800000,894,2580.210632133328,,1734087.707499761,1,158.85511388239368,,USD,LONG,dbf84542311c15f69508f91a0e7311ff7e686d96,V12,DOGEUSDT,2407.99150148901,345933.5875859846
0.6,C008130,0.6,[],273172.63363716216,81.95179009114865,0.0661,1773154800000,,84.3074391255387,0.068,Q102_TIME_EXIT,1773414000000,HIGH_VOL,39.01278640701392,False,-768627.5394136246,163903.5801822973,2479630.562515844,,0.068,Q102_TIME_EXIT,1773414000000,881,-4711.298068780101,,2479630.562515844,,158.85511388239368,,USD,SHORT,dbf84542311c15f69508f91a0e7311ff7e686d96,Q102,SEIUSDT,-4838.544511589775,341137.98207807896
1.0,C008270,1.0,[],344587.05130462395,172.29352565231198,90.25,1773403200000,,175.624544078738,91.99483870967741,V12_STOP,1773414000000,,0.0,False,1003030.0583596579,344587.05130462395,3818.139072627412,,91.99483870967741,V12_STOP,1773414000000,895,6662.036852852116,,3818.139072627412,2,158.85511388239368,,USD,LONG,dbf84542311c15f69508f91a0e7311ff7e686d96,V12,SOLUSDT,6314.1187831210655,347624.39438685233
1.0,C008282,1.0,[],347537.48828825564,173.76874414412782,9.87,1773417600000,,174.29691661873005,9.9,Q102_PREEMPT:PB:V12_R2,1773421200000,,0.0,False,112513.78702593221,347537.48828825564,35211.49830681415,,9.89141935483871,V12_STOP,1773428400000,897,1056.3449492044647,,35211.49830681415,2,158.85511388239368,,USD,LONG,dbf84542311c15f69508f91a0e7311ff7e686d96,V12,AVAXUSDT,708.2792884416068,348245.7675766972
0.5,C008283,0.5,[],347624.39438685233,86.90609859671308,0.09794,1773417600000,,87.05019119466174,0.09810238709677419,V12_STOP,1773428400000,,0.0,False,18145.845888119948,173812.19719342617,1774680.3879255275,,0.09810238709677419,V12_STOP,1773428400000,896,288.18519589731227,,1774680.3879255275,1,158.85511388239368,,USD,LONG,dbf84542311c15f69508f91a0e7311ff7e686d96,V12,DOGEUSDT,114.22890610593744,348099.80451210303
2.0,C008286,2.0,[],347695.6166564403,347.69561665644034,0.1763,1773421200000,,357.9509609934425,0.1815,Q102_TIME_EXIT,1773464400000,PB,-14.226974926388333,False,3153320.446979021,695391.2333128806,3944363.2065393114,,0.1815,Q102_TIME_EXIT,1773464400000,898,20510.688674004352,,3944363.2065393114,,159.33252004182643,,USD,LONG,dbf84542311c15f69508f91a0e7311ff7e686d96,Q102,FETUSDT,19790.81512142808,368237.7177028279
2.0,C008318,2.0,[],368237.7177028279,368.23771770282787,0.1815,1773464400000,,356.87611318968277,0.1759,Q102_TIME_EXIT,1773507600000,PB,-108.18885011847547,False,-3753318.373719082,736475.4354056558,4057715.8975518225,,0.1759,Q102_TIME_EXIT,1773507600000,899,-22723.20902629018,,4057715.8975518225,,159.33252004182643,,USD,LONG,dbf84542311c15f69508f91a0e7311ff7e686d96,Q102,FETUSDT,-23556.511707301168,344681.2059955267
0.5,C008419,0.5,[],399218.75276310305,99.80468819077576,0.10002,1773676800000,,101.13993664931947,0.10135812903225806,V12_STOP,1773687600000,,0.0,False,393479.9900988314,199609.37638155153,1995694.6248905372,,0.10135812903225806,V12_STOP,1773687600000,902,2670.496917087396,,1995694.6248905372,1,159.33252004182643,,USD,LONG,dbf84542311c15f69508f91a0e7311ff7e686d96,V12,DOGEUSDT,2469.5522922473006,346613.2068120523
1.48334110675372,C008390,1.48334110675372,[],352767.74287717283,261.63744707321865,38.328,1773640800000,,271.27858455007026,39.74035714285715,HYPE_TAKE_PROFIT,1773694800000,,-91.58223170278417,False,2972790.5784554426,523274.8941464373,13652.548897579765,,39.74035714285715,HYPE_TAKE_PROFIT,1773694800000,901,19282.274953703243,,13652.548897579765,,159.33252004182643,HYPE_TREND_LONG,USD,LONG,123df49950e3d5aba61e2d50e9ee1a37fae620d7,HYPE_LONG,HYPEUSDT,18657.77669037717,365600.1221385931
0.5,C008447,0.5,[],422895.9158165575,105.72397895413937,0.10297,1773705600000,,106.40242585063491,0.10363077419354838,V12_STOP,1773716400000,,0.0,False,182177.39251273236,211447.95790827874,2053490.899371455,,0.10363077419354838,V12_STOP,1773716400000,904,1356.8937929910996,,2053490.899371455,1,159.13922286112563,,USD,LONG,dbf84542311c15f69508f91a0e7311ff7e686d96,V12,DOGEUSDT,1144.7673881863254,367421.21323888435
0.9995973661270701,C008457,1.0,[],418526.40550837,209.1789463003984,1.475,1773712800000,,208.57050890601997,1.4707096774193549,V12_STOP,1773723600000,,0.0,False,-260132.83185426836,418357.89260079677,283632.4695598622,,1.4707096774193549,V12_STOP,1773723600000,905,-1216.8747887568425,,283632.4695598622,2,159.13922286112563,,USD,LONG,dbf84542311c15f69508f91a0e7311ff7e686d96,V12,NEARUSDT,-1634.6242439632608,365994.7282135063
1.0,C008469,1.0,[],423179.54074673157,211.58977037336578,1.5292,1773734400000,,211.3523159214521,1.527483870967742,V12_STOP,1773745200000,,-29.14014317581994,False,-147520.64855221807,423179.54074673157,276732.6319295917,,1.527483870967742,V12_STOP,1773745200000,906,-474.9089038274892,,276732.6319295917,1,159.13922286112563,,USD,LONG,dbf84542311c15f69508f91a0e7311ff7e686d96,V12,XRPUSDT,-926.9911332981271,364962.35599550075
0.75,C008361,0.75,[],344681.2059955267,129.2554522483225,0.1969,1773579600000,,151.3122485690114,0.2305,Q102_TIME_EXIT,1773752400000,BRK,-64.94775973553817,False,6965217.788682236,258510.90449664503,1312904.5428981464,,0.2305,Q102_TIME_EXIT,1773752400000,900,44113.59264137774,,1312904.5428981464,,159.13922286112563,,USD,LONG,dbf84542311c15f69508f91a0e7311ff7e686d96,Q102,FETUSDT,43768.07718082487,408732.6449401663
0.47797566906026345,C008472,1.0,[],414620.5242365091,99.08926123903132,1.451,1773741600000,,99.23421296063663,1.4531225806451613,V12_STOP,1773752400000,,0.0,False,14573.965098046512,198178.52247806263,136580.64953691428,,1.4531225806451613,V12_STOP,1773752400000,907,289.90344321060513,,136580.64953691428,2,159.13922286112563,,USD,LONG,dbf84542311c15f69508f91a0e7311ff7e686d96,V12,NEARUSDT,91.57996901093719,408923.31417041627
1.0,C008477,1.0,[],418508.12454835547,209.25406227417773,0.2869,1773748800000,,208.83291432842756,0.2863225806451613,V12_STOP,1773759600000,,0.0,False,-200576.35013738516,418508.12454835547,1458724.7282968124,,0.2863225806451613,V12_STOP,1773759600000,908,-842.2958915003769,,1458724.7282968124,1,159.13922286112563,,USD,LONG,dbf84542311c15f69508f91a0e7311ff7e686d96,V12,ADAUSDT,-1260.382868102982,407872.18536458747
1.0,C008489,1.0,[],403444.74728742265,201.72237364371134,2314.6,1773763200000,,203.42785693974832,2334.169032258065,V12_STOP,1773774000000,,2.404530693833039,False,478725.9349768189,403444.74728742265,174.30430626778823,,2334.169032258065,V12_STOP,1773774000000,909,3410.9665920739735,,174.30430626778823,1,159.13922286112563,,USD,LONG,dbf84542311c15f69508f91a0e7311ff7e686d96,V12,ETHUSDT,3008.2208921843467,410659.6794524839
0.9994997498749374,C008490,1.0,[],403243.02491377894,201.52065127006762,93.77,1773763200000,,203.01961046733524,94.46748387096774,V12_STOP,1773774000000,,-16.56096712137416,False,410072.68120097055,403041.3025401352,4298.1902798350775,,94.46748387096774,V12_STOP,1773774000000,910,2997.9183945353016,,4298.1902798350775,2,159.13922286112563,,USD,LONG,dbf84542311c15f69508f91a0e7311ff7e686d96,V12,SOLUSDT,2576.817165676525,413454.57823655184
1.0,C008499,1.0,[],417819.6580309397,208.90982901546985,1.453,1773777600000,,210.10365247280131,1.4613032258064516,V12_STOP,1773788400000,,0.0,False,313286.7946538445,417819.6580309397,287556.54372397775,,1.4613032258064516,V12_STOP,1773788400000,911,2387.6469146629274,,287556.54372397775,1,159.13922286112563,,USD,LONG,dbf84542311c15f69508f91a0e7311ff7e686d96,V12,NEARUSDT,1968.6334331746564,415194.53697822243
1.0,C008504,1.0,[],425400.8963057909,212.70044815289546,0.2902,1773784800000,,213.13690468708796,0.29079548387096776,V12_STOP,1773795600000,,-9.349775185542676,False,69578.34325599285,425400.8963057909,1465888.6847201616,,0.29079548387096776,V12_STOP,1773795600000,912,872.9130683849856,,1465888.6847201616,1,158.95412366663774,,USD,LONG,dbf84542311c15f69508f91a0e7311ff7e686d96,V12,ADAUSDT,437.7259403594596,415828.92715484014
1.0,C008513,1.0,[],427575.66867295175,213.78783433647587,119.91,1773799200000,,216.49934141776197,121.43083870967742,V12_STOP,1773810000000,,0.0,False,793614.5428964216,427575.66867295175,3565.8049259690747,,121.43083870967742,V12_STOP,1773810000000,913,5423.014162572197,,3565.8049259690747,1,158.95412366663774,,USD,LONG,dbf84542311c15f69508f91a0e7311ff7e686d96,V12,AAVEUSDT,4992.72698681796,420591.64284155524
0.9994997498749376,C008514,1.0,[],427361.8808386153,213.57404650213945,1.453,1773799200000,,214.95194357634682,1.4623741935483872,V12_STOP,1773810000000,,0.0,False,369928.87064560276,427148.0930042789,293976.66414609697,,1.4623741935483872,V12_STOP,1773810000000,914,2755.7941484147,,293976.66414609697,2,158.95412366663774,,USD,LONG,dbf84542311c15f69508f91a0e7311ff7e686d96,V12,NEARUSDT,2327.2681583362137,423132.4850463936
1.1458002924455128,C008438,1.1458002924455128,[],421004.6938488949,241.1936506664987,40.427,1773694800000,,249.49977867141484,42.398428571428575,HYPE_TAKE_PROFIT,1773842400000,,-122.0993350015332,False,2543180.6593238954,482387.3013329974,11932.305175575664,,42.398428571428575,HYPE_TAKE_PROFIT,1773842400000,903,16612.256009832297,"[{""cause"": ""V12"", ""fraction"": 0.3467494140967509, ""quantity"": 4137.51982845449, ""ts"": 1773712800000}]",7794.785347121174,,158.95412366663774,HYPE_TREND_LONG,USD,LONG,123df49950e3d5aba61e2d50e9ee1a37fae620d7,HYPE_LONG,HYPEUSDT,15999.463245492849,438301.81709285075
0.922582254486817,C008547,0.922582254486817,[],431623.9145349548,199.10428208104193,43.22,1773856800000,,188.91099706391117,41.00732142857143,HYPE_HARD_STOP,1773896400000,,63.40806923262438,False,-3304603.4022030025,398208.56416208384,9213.525316105595,,41.00732142857143,HYPE_HARD_STOP,1773896400000,916,-20386.57003426148,,9213.525316105595,,159.55652173913046,HYPE_TREND_LONG,USD,LONG,123df49950e3d5aba61e2d50e9ee1a37fae620d7,HYPE_LONG,HYPEUSDT,-20711.17724417381,417137.89135933877
1.0,C008539,1.0,[],438301.81709285075,219.15090854642537,0.3426,1773846000000,,212.75420952288698,0.3326,OVERLAY_HOLD,1773932400000,,-368.57858325092235,False,1913547.6985242364,438301.81709285075,1279339.8047076787,,0.3326,OVERLAY_HOLD,1773932400000,915,12793.398047076798,,1279339.8047076787,0,159.55652173913046,IDLE_TIA_BREAKDOWN_SHORT_VOLCAP100,USD,SHORT,53eeff5417636369d4709fddfd47d7916ddcf3b1,IDLE,TIAUSDT,11992.914345756562,429423.2362830313
1.0,C008583,1.0,[],429695.2247396064,214.8476123698032,88.09,1773943200000,,214.3681608741621,87.8934193548387,V12_STOP,1773954000000,,0.0,False,84515.05011984748,429695.2247396064,4877.91150799871,,87.8934193548387,V12_STOP,1773954000000,918,958.9029912821395,,4877.91150799871,1,159.55652173913046,,USD,SHORT,dbf84542311c15f69508f91a0e7311ff7e686d96,V12,SOLUSDT,529.6872180381743,429984.91508428793
1.0,C008591,1.0,[],430736.8972875763,215.36844864378816,111.7,1773964800000,,215.67470510294487,111.85883870967743,V12_STOP,1773975600000,,0.0,False,-165730.038217519,430736.8972875763,3856.1942460839414,,111.85883870967743,V12_STOP,1773975600000,919,-612.512918313486,,3856.1942460839414,1,158.81277743928976,,USD,SHORT,dbf84542311c15f69508f91a0e7311ff7e686d96,V12,AAVEUSDT,-1043.556072060219,428973.3505954462
1.0,C008598,1.0,[],426813.37873523665,213.40668936761833,0.2695,1773979200000,,213.64782398340986,0.2698045161290323,V12_STOP,1773990000000,,0.0,False,-144412.229524479,426813.37873523665,1583723.1121901174,,0.2698045161290323,V12_STOP,1773990000000,920,-482.26923158306096,,1583723.1121901174,1,158.81277743928976,,USD,SHORT,dbf84542311c15f69508f91a0e7311ff7e686d96,V12,ADAUSDT,-909.3237449340891,428064.02685051213
0.5,C008607,0.5,[],424736.47020142264,106.18411755035567,0.09401,1773993600000,,106.08676210014805,0.0939238064516129,V12_STOP,1774004400000,,0.0,False,-2788.749074130117,212368.23510071132,2258996.224877261,,0.0939238064516129,V12_STOP,1774004400000,921,194.71090041522973,,2258996.224877261,1,158.81277743928976,,USD,SHORT,dbf84542311c15f69508f91a0e7311ff7e686d96,V12,DOGEUSDT,-17.559979235273985,427866.55130613805
1.0,C008608,1.0,[],424630.28608387226,212.31514304193612,2149.3,1773993600000,,211.5026337152261,2141.0748387096774,V12_STOP,1774004400000,,0.0,False,190766.04748534752,424630.28608387226,197.56678271245158,,2141.0748387096774,V12_STOP,1774004400000,922,1625.0186534200786,,197.56678271245158,2,158.81277743928976,,USD,SHORT,dbf84542311c15f69508f91a0e7311ff7e686d96,V12,ETHUSDT,1201.2008766629165,429280.0673258429
1.0,C008617,1.0,[],428320.07983241644,214.16003991620823,641.1,1774008000000,,213.32146436781716,638.5896774193549,V12_STOP,1774018800000,,0.0,False,198463.49886605577,428320.07983241644,668.1018247269013,,638.5896774193549,V12_STOP,1774018800000,923,1677.1510967821698,,668.1018247269013,1,158.81277743928976,,USD,SHORT,dbf84542311c15f69508f91a0e7311ff7e686d96,V12,BNBUSDT,1249.6695924981445,430421.6625580952
0.5,C008622,0.5,[],432297.4409834246,108.07436024585616,0.09337,1774015200000,,108.06651921946737,0.09336322580645162,V12_STOP,1774026000000,,-0.7259423185068667,False,-31950.711944362254,216148.7204917123,2314969.695745018,,0.09336322580645162,V12_STOP,1774026000000,924,15.682052777594516,,2314969.695745018,2,158.81277743928976,,USD,SHORT,dbf84542311c15f69508f91a0e7311ff7e686d96,V12,DOGEUSDT,-201.18476900623585,430145.88326102204
1.0,C008626,1.0,[],429320.943062469,214.66047153123452,110.08,1774022400000,,214.83559775988434,110.1698064516129,V12_STOP,1774033200000,,0.0,False,-123834.02921207277,429320.943062469,3900.0812414831853,,110.1698064516129,V12_STOP,1774033200000,925,-350.252457299643,,3900.0812414831853,1,158.81277743928976,,USD,SHORT,dbf84542311c15f69508f91a0e7311ff7e686d96,V12,AAVEUSDT,-779.7485265907618,429368.3518576011
0.99245267544813,C008634,1.0,[],428117.8410154508,212.44334836143062,9.48,1774029600000,,211.63660146891888,9.444,V12_STOP,1774040400000,,0.0,False,188894.11469174272,424886.69672286126,44819.27180620899,,9.444,V12_STOP,1774040400000,926,1613.4937850235053,,44819.27180620899,2,158.81277743928976,,USD,SHORT,dbf84542311c15f69508f91a0e7311ff7e686d96,V12,AVAXUSDT,1189.4138351931558,430554.26127880276
1.0,C008641,1.0,[],431895.5247057719,215.94776235288595,9.041,1774036800000,,215.09960004997887,9.005490322580645,V12_STOP,1774047600000,,0.0,False,200942.19325686604,431895.5247057719,47770.76924076671,,9.005490322580645,V12_STOP,1774047600000,927,1696.3246058140967,,47770.76924076671,1,158.81277743928976,,USD,SHORT,dbf84542311c15f69508f91a0e7311ff7e686d96,V12,LINKUSDT,1265.277243411232,432035.48628456687
1.0,C008646,1.0,[],437346.95308757154,218.67347654378577,111.33,1774051200000,,219.04185755363608,111.51754838709678,V12_STOP,1774062000000,,0.0,False,-186473.05523823682,437346.95308757154,3928.383661974055,,111.51754838709678,V12_STOP,1774062000000,928,-736.7620197005867,,3928.383661974055,1,158.77109476417135,,USD,SHORT,dbf84542311c15f69508f91a0e7311ff7e686d96,V12,AAVEUSDT,-1174.4773537980086,430892.5445199279
0.75,C008574,0.75,[],427514.43040592346,160.3179114022213,1.336,1773925200000,,157.19795204858525,1.31,Q102_TIME_EXIT,1774098000000,BRK,187.71724564779157,False,970110.455745562,320635.8228044426,239996.87335661871,,1.31,Q102_TIME_EXIT,1774098000000,917,6239.918707272092,,239996.87335661871,,158.77109476417135,,USD,SHORT,dbf84542311c15f69508f91a0e7311ff7e686d96,Q102,NEARUSDT,6110.120089469077,436784.6124672403
1.0,C008660,1.0,[],436920.2736827737,218.46013684138686,9.5,1774094400000,,218.42304683513194,9.498387096774193,V12_STOP,1774105200000,,0.0,False,-57586.779560572926,436920.2736827737,45991.607756081445,,9.498387096774193,V12_STOP,1774105200000,929,74.18001250982302,,45991.607756081445,1,158.77109476417135,,USD,SHORT,dbf84542311c15f69508f91a0e7311ff7e686d96,V12,AVAXUSDT,-362.7031711666958,436640.369432915
1.0,C008668,1.0,[],436640.369432915,218.3201847164575,2154.2,1774108800000,,217.50843360063135,2146.1903225806454,V12_STOP,1774119600000,,9.575078796822043,False,190088.4855547743,436640.369432915,202.69258631181646,,2146.1903225806454,V12_STOP,1774119600000,930,1623.502231652294,,202.69258631181646,1,158.77109476417135,,USD,SHORT,dbf84542311c15f69508f91a0e7311ff7e686d96,V12,ETHUSDT,1197.2486921320271,437619.5162605153
0.9994997498749376,C008667,1.0,[],436422.0492481986,218.1018645317411,642.8,1774108800000,,217.67587919703737,641.5445161290323,V12_STOP,1774119600000,,0.0,False,66079.40644311205,436203.7290634822,678.5994540502213,,641.5445161290323,V12_STOP,1774119600000,931,851.9706694074877,,678.5994540502213,2,158.77109476417135,,USD,SHORT,dbf84542311c15f69508f91a0e7311ff7e686d96,V12,BNBUSDT,416.1929256787091,438253.81105072575
1.0,C008673,1.0,[],438253.81105072575,219.12690552536287,9.074,1774123200000,,212.6292245768413,8.804932370967743,V12_TAKE_PROFIT,1774137600000,,0.0,False,1994737.4418026712,438253.81105072575,48297.753036227215,,8.804932370967743,V12_TAKE_PROFIT,1774137600000,932,12995.361897043154,,48297.753036227215,1,158.77109476417135,,USD,SHORT,dbf84542311c15f69508f91a0e7311ff7e686d96,V12,LINKUSDT,12563.60576694095,450817.41681766673
1.0,C008691,1.0,[],450817.41681766673,225.40870840883338,1.456,1774170000000,,217.04877004751674,1.402,OVERLAY_HOLD,1774256400000,,-196.73177904677618,False,2553148.353399199,450817.41681766673,309627.34671543044,,1.402,OVERLAY_HOLD,1774256400000,933,16719.87672263326,,309627.34671543044,0,158.77109476417135,IDLE_DOT_MOMENTUM_SHORT_BTCREL,USD,SHORT,53eeff5417636369d4709fddfd47d7916ddcf3b1,IDLE,DOTUSDT,16080.687465130135,466635.0361987348
1.0,C008789,1.0,[],483094.2627422533,241.54713137112665,0.2497,1774386000000,,242.75486702798227,0.25094849999999996,FET_PROFIT_FLOOR_STOP,1774447200000,,1386.7709923192044,False,527309.3691466202,483094.2627422533,1934698.6893962887,,0.25094849999999996,FET_PROFIT_FLOOR_STOP,1774447200000,935,2415.4713137111853,,1934698.6893962887,,158.92671966816454,,USD,LONG,dbf84542311c15f69508f91a0e7311ff7e686d96,FET,FETUSDT,3317.940307631281,469674.6291151142
1.0,C008714,1.0,[],457895.90208919445,228.94795104459723,0.006797,1774238400000,RECOVERY_V8,245.24478754222807,0.0072808199999999995,RECOVERY_V8_TRAILING_STOP,1774454400000,,-337.022924638984,False,5051081.686773868,457895.90208919445,67367353.55144835,,0.0072808199999999995,RECOVERY_V8_TRAILING_STOP,1774454400000,934,32593.6729952617,,67367353.55144835,,158.92671966816454,RECOVERY_V8,USD,LONG,dbf84542311c15f69508f91a0e7311ff7e686d96,PENGU,PENGUUSDT,31782.45733203589,501998.5019224642
1.0,C008837,1.0,[],501998.5019224642,250.9992509612321,0.1531,1774494000000,,246.90063484494812,0.1506,OVERLAY_HOLD,1774537200000,,-92.38188589213838,False,1209224.2593378685,501998.5019224642,3278892.893027199,,0.1506,OVERLAY_HOLD,1774537200000,936,8197.232232568005,,3278892.893027199,0,158.96307798481712,IDLE_JUP_RELATIVE_SHORT,USD,SHORT,53eeff5417636369d4709fddfd47d7916ddcf3b1,IDLE,JUPUSDT,7606.950460869686,509605.45238333393
1.0,C008861,1.0,[],518983.87414649717,259.4919370732486,1.69,1774555200000,,258.3071599908298,1.682283870967742,V12_STOP,1774566000000,,0.0,False,294360.6852472625,518983.87414649717,307091.04979082674,,1.682283870967742,V12_STOP,1774566000000,938,2369.5541648375993,,307091.04979082674,1,158.96307798481712,,USD,SHORT,dbf84542311c15f69508f91a0e7311ff7e686d96,V12,ATOMUSDT,1851.7550677735208,511227.4045863036
1.5,C008871,1.5,[],514603.8640620566,385.95289804654243,0.2352,1774587600000,,374.6303002722178,0.2283,Q102_TIME_EXIT,1774616400000,REV,-70.2474609148083,False,-3747334.489323092,771905.7960930848,3281912.3983549527,,0.2283,Q102_TIME_EXIT,1774616400000,939,-22645.19554864914,,3281912.3983549527,,159.62388421873646,,USD,LONG,dbf84542311c15f69508f91a0e7311ff7e686d96,Q102,FETUSDT,-23476.026207882707,487696.9042235121
0.5995192310622377,C008881,1.0,[],515324.9218916436,154.47360045984294,101.07,1774612800000,,154.6722901606422,101.2,Q102_PREEMPT:REV:V12_R1,1774616400000,,0.0,False,-112778.311442775,308947.2009196859,3056.764627680676,,100.3536129032258,V12_STOP,1774623600000,940,-397.3794015985174,,3056.764627680676,1,159.62388421873646,,USD,SHORT,dbf84542311c15f69508f91a0e7311ff7e686d96,V12,AAVEUSDT,-706.5252922190025,487144.85253175296
0.6543940690845815,C008893,1.0,[],543221.9243623377,177.74060274971347,100.06,1774627200000,,173.92536775771467,97.91219354838711,V12_STOP,1774645200000,,-20.918086547952,False,1158531.942875019,355481.2054994269,3552.6804467262336,,97.91219354838711,V12_STOP,1774645200000,942,7630.469983997583,,3552.6804467262336,1,159.62388421873646,,USD,SHORT,dbf84542311c15f69508f91a0e7311ff7e686d96,V12,AAVEUSDT,7257.885926942203,494018.6153942611
1.5,C008883,1.5,[],509022.040915432,381.766530686574,0.2283,1774616400000,,385.44540220435965,0.2305,Q102_TIME_EXIT,1774659600000,REV,-89.05654647665956,False,1039603.6765394439,763533.061373148,3344428.6525324048,,0.2305,Q102_TIME_EXIT,1774659600000,941,7357.743035571316,,3344428.6525324048,,159.90275245289573,,USD,LONG,dbf84542311c15f69508f91a0e7311ff7e686d96,Q102,FETUSDT,6501.474556203722,500966.6777609491
1.0,C008913,1.0,[],532452.0907725953,266.22604538629764,97.64,1774663200000,,264.0500359629858,96.84193548387097,V12_STOP,1774674000000,,0.0,False,611107.1873342942,532452.0907725953,5453.21682479102,,96.84193548387097,V12_STOP,1774674000000,943,4352.018846623538,,5453.21682479102,1,159.90275245289573,,USD,SHORT,dbf84542311c15f69508f91a0e7311ff7e686d96,V12,AAVEUSDT,3821.742765274254,504812.0863225763
1.5,C008919,1.5,[],541914.6152705725,406.43596145292935,0.2265,1774674000000,,433.531692216458,0.2416,Q102_TIME_EXIT,1774702800000,REV,-72.85790783617027,False,8519400.537827559,812871.9229058587,3588838.5117256455,,0.2416,Q102_TIME_EXIT,1774702800000,944,54191.461527057254,,3588838.5117256455,,159.90275245289573,,USD,LONG,dbf84542311c15f69508f91a0e7311ff7e686d96,Q102,FETUSDT,53278.63596555169,558138.4049505797
1.0,C008929,1.0,[],583119.7889832943,291.5598944916471,97.17,1774706400000,,288.1909953930682,96.0472258064516,V12_STOP,1774717200000,,-8.4094233001936,False,983344.0242358748,583119.7889832943,6001.026952591275,,96.0472258064516,V12_STOP,1774717200000,945,6737.79819715785,,6001.026952591275,1,159.90275245289573,,USD,SHORT,dbf84542311c15f69508f91a0e7311ff7e686d96,V12,AAVEUSDT,6149.637883972941,564312.3331655064
1.0,C008944,1.0,[],601011.8111798747,300.50590558993736,8.83,1774735200000,,297.76355454268764,8.749419354838711,V12_STOP,1774746000000,,59.488598297985334,False,790866.4185183049,601011.8111798747,68064.75777801525,,8.749419354838711,V12_STOP,1774746000000,947,5484.702094499343,,68064.75777801525,2,159.90275245289573,,USD,SHORT,dbf84542311c15f69508f91a0e7311ff7e686d96,V12,AVAXUSDT,4945.921232664703,569069.1366026754
1.0,C008940,1.0,[],591387.3086944739,295.693654347237,1.686,1774728000000,,290.4570943184649,1.656141935483871,V12_STOP,1774753200000,,58.893196399645426,False,1590370.790112029,591387.3086944739,350763.52828853735,,1.656141935483871,V12_STOP,1774753200000,946,10473.120057544204,,350763.52828853735,1,159.90275245289573,,USD,SHORT,dbf84542311c15f69508f91a0e7311ff7e686d96,V12,ATOMUSDT,9945.862505278148,578943.8863449364
1.0,C008951,1.0,[],615826.4419295331,307.9132209647666,82.4,1774749600000,,308.4643403063931,82.54748387096774,V12_STOP,1774760400000,,0.0,False,-274811.4679096839,615826.4419295331,7473.621868076858,,82.54748387096774,V12_STOP,1774760400000,948,-1102.238683253074,,7473.621868076858,1,159.90275245289573,,USD,SHORT,dbf84542311c15f69508f91a0e7311ff7e686d96,V12,SOLUSDT,-1718.6162445242337,577255.5674898722
0.9859876277277773,C008954,1.0,[],611149.0769212868,301.2927142708202,66872.6,1774756800000,,300.45121394086226,66685.8270967742,V12_STOP,1774767600000,,0.0,False,172895.92750771946,602585.4285416404,9.010946614033855,,66685.8270967742,V12_STOP,1774767600000,949,1683.0006599158555,,9.010946614033855,1,159.90275245289573,,USD,SHORT,dbf84542311c15f69508f91a0e7311ff7e686d96,V12,BTCUSDT,1081.256731704173,578330.6320446227
1.0,C008958,1.0,[],614969.7824491209,307.48489122456044,0.2455,1774764000000,,306.9806652942691,0.24509741935483872,V12_STOP,1774774800000,,61.346680131075246,False,72808.99745536323,614969.7824491209,2504968.5639475393,,0.24509741935483872,V12_STOP,1774774800000,950,1008.4518605827035,,2504968.5639475393,1,159.90275245289573,,USD,SHORT,dbf84542311c15f69508f91a0e7311ff7e686d96,V12,ADAUSDT,455.3329841949492,578807.2231142337
1.0,C008961,1.0,[],619460.0028738461,309.73000143692303,8.73,1774771200000,,305.829621416611,8.620064516129032,V12_STOP,1774782000000,,0.0,False,1148933.3237271965,619460.0028738461,70957.61774041764,,8.620064516129032,V12_STOP,1774782000000,951,7800.760040624017,,70957.61774041764,1,159.90275245289573,,USD,SHORT,dbf84542311c15f69508f91a0e7311ff7e686d96,V12,AVAXUSDT,7185.200417770483,586302.1535334411
1.0,C008968,1.0,[],628800.0701571419,314.40003507857097,613.7,1774785600000,,312.978478311975,610.9251612903226,V12_STOP,1774796400000,,0.0,False,354302.128372516,628800.0701571419,1024.6049701110344,,610.9251612903226,V12_STOP,1774796400000,952,2843.1135331919504,,1024.6049701110344,1,159.90275245289573,,USD,SHORT,dbf84542311c15f69508f91a0e7311ff7e686d96,V12,BNBUSDT,2215.7350198014046,588227.2248134653
0.9994997498749376,C008969,1.0,[],628485.6701220634,314.0856350434924,66783.6,1774785600000,,313.25589216156925,66607.1729032258,V12_STOP,1774796400000,,0.0,False,165042.7043673412,628171.2700869848,9.406070803116107,,66607.1729032258,V12_STOP,1774796400000,953,1659.4857638463893,,9.406070803116107,2,159.90275245289573,,USD,SHORT,dbf84542311c15f69508f91a0e7311ff7e686d96,V12,BTCUSDT,1032.1442366413276,589573.4546851501
1.0,C008853,1.0,[],509605.45238333393,254.80272619166698,0.006895,1774540800000,SHORT_V20,231.59516824411554,0.006267,SHORT_MAX_HOLD,1774800000000,,424.5950368073238,False,7412022.340002842,509605.45238333393,73909420.21513182,,0.006267,SHORT_MAX_HOLD,1774800000000,937,46415.11589510279,,73909420.21513182,,159.90275245289573,SHORT_V20,USD,SHORT,dbf84542311c15f69508f91a0e7311ff7e686d96,PENGU,PENGUUSDT,46353.313037474334,635780.1829699563
0.9742836357147961,C008985,1.0,[],620475.4642376559,302.2595455846447,66357.4,1774807200000,,302.46649648521924,66402.8335483871,V12_STOP,1774818000000,,0.0,False,-162881.39585587135,604519.0911692893,9.11004787965305,,66402.8335483871,V12_STOP,1774818000000,955,-413.90180114911425,,9.11004787965305,1,159.90275245289573,,USD,SHORT,dbf84542311c15f69508f91a0e7311ff7e686d96,V12,BTCUSDT,-1018.6278432189781,634062.8617404291
2.0,C008982,2.0,[],635780.1829699563,635.7801829699563,0.2343,1774803600000,,603.9911738214585,0.222585,Q102_HARD_STOP,1774825200000,PB,-109.74873879735333,False,-10382092.09896531,1271560.3659399126,5427060.887494292,,0.222585,Q102_HARD_STOP,1774825200000,954,-63578.01829699565,,5427060.887494292,,159.90275245289573,,USD,LONG,dbf84542311c15f69508f91a0e7311ff7e686d96,Q102,FETUSDT,-64927.538392584414,569536.6354313984
0.9653076283648199,C008993,1.0,[],616137.8901733854,297.38130275448725,611.1,1774821600000,,291.0529257796753,598.0955806451614,V12_TAKE_PROFIT,1774825200000,,0.0,False,1929757.5408838154,594762.6055089745,973.2655956618794,,598.0955806451614,V12_TAKE_PROFIT,1774825200000,956,12656.753949623922,,973.2655956618794,2,159.90275245289573,,USD,SHORT,dbf84542311c15f69508f91a0e7311ff7e686d96,V12,BNBUSDT,12068.31972108976,581902.3364552427
1.0,C008997,1.0,[],581902.3364552427,290.95116822762134,95.46,1774828800000,,291.28505918931484,95.56954838709677,V12_STOP,1774839600000,,0.0,False,-199881.3429296224,581902.3364552427,6095.771385451946,,95.56954838709677,V12_STOP,1774839600000,957,-667.7819233869631,,6095.771385451946,2,159.90275245289573,,USD,SHORT,dbf84542311c15f69508f91a0e7311ff7e686d96,V12,AAVEUSDT,-1250.0181508038993,580652.3183044388
1.9917344594299236,C009031,2.0,[],586570.6683618348,584.1465065335541,168.34,1774884600000,,576.0613137081817,166.01,BASIS_CONVERGED,1774895400000,,0.0,False,2400168.749904872,1168293.013067108,6940.0796784312,,166.01,BASIS_CONVERGED,1774895400000,960,16170.385650744782,,6940.0796784312,,159.90275245289573,V50_POST_OPEN_BASIS,USD,SHORT,,V52,NVDAUSDT,15010.177830503046,594959.3470852545
1.25,C009014,1.25,[],589851.3022067795,368.65706387923717,8.96,1774861200000,,362.89679725612405,8.82,Q102_TIME_EXIT,1774904400000,REV,73.6491232526601,False,1736964.1973574196,737314.1277584743,82289.52318732972,,8.82,Q102_TIME_EXIT,1774904400000,959,11520.533246226207,,82289.52318732972,,159.90275245289573,,USD,SHORT,dbf84542311c15f69508f91a0e7311ff7e686d96,Q102,AVAXUSDT,10862.628508343507,606088.1671090577
1.0,C009083,1.0,[],618700.7182515351,309.35035912576757,2135.3,1775037600000,,308.8177820469862,2131.623870967742,V12_STOP,1775048400000,,0.0,False,-268485.3682075919,618700.7182515351,289.7488494598113,,2131.623870967742,V12_STOP,1775048400000,962,-1065.154157562669,,289.7488494598113,1,159.49730387893547,,USD,LONG,dbf84542311c15f69508f91a0e7311ff7e686d96,V12,ETHUSDT,-1683.3222987354227,603926.3345117021
1.0,C009003,1.0,[],580652.3183044388,290.3261591522194,0.006446,1774839600000,RECOVERY_V8,282.93964191657506,0.006282,RECOVERY_V8_MAX_HOLD,1775098800000,,-526.9199093890498,False,-2513043.295124793,580652.3183044388,90079478.48346864,,0.006282,RECOVERY_V8_MAX_HOLD,1775098800000,958,-14773.034471288864,,90079478.48346864,,158.3196897888841,RECOVERY_V8,USD,LONG,dbf84542311c15f69508f91a0e7311ff7e686d96,PENGU,PENGUUSDT,-15873.220181746707,588853.6299795365
2.0,C009137,2.0,[],618380.8577237631,618.3808577237631,578.03,1775143800000,,610.6996395197657,570.85,BASIS_CONVERGED,1775147400000,,0.0,False,2237588.5234660166,1236761.7154475262,2139.615098606519,,570.85,BASIS_CONVERGED,1775147400000,963,15362.436407994699,,2139.615098606519,,158.3196897888841,V50_POST_OPEN_BASIS,USD,SHORT,,V52,METAUSDT,14133.35591075117,603056.6274753688
0.6,C009079,0.6,[],624472.9878138544,187.3418963441563,0.0559,1775030400000,,181.40996152252558,0.05413,Q102_TIME_EXIT,1775289600000,HIGH_VOL,321.6248141029695,False,1885962.3720187494,374683.7926883126,6702751.210882157,,0.05413,Q102_TIME_EXIT,1775289600000,961,11863.869643261423,,6702751.210882157,,159.60086767895876,,USD,SHORT,dbf84542311c15f69508f91a0e7311ff7e686d96,Q102,SEIUSDT,11816.742599497711,614924.2677367161
1.0,C009201,1.0,[],608087.4701944209,304.04373509721046,591.2,1775318400000,,304.1903885204425,591.4851612903226,V12_STOP,1775329200000,,0.0,False,-143886.72107318864,608087.4701944209,1028.5647330758134,,591.4851612903226,V12_STOP,1775329200000,965,-293.30684646416677,,1028.5647330758134,1,159.60086767895876,,USD,SHORT,dbf84542311c15f69508f91a0e7311ff7e686d96,V12,BNBUSDT,-901.5409700818198,614086.5679390527
1.0,C009210,1.0,[],609813.207469273,304.9066037346365,1.3167,1775340000000,,303.97465147172284,1.3126754838709678,V12_STOP,1775358000000,,-2.9894074374322255,False,199825.6909275445,609813.207469273,463137.5464944733,,1.3126754838709678,V12_STOP,1775358000000,966,1863.9045258274116,,463137.5464944733,1,159.60086767895876,,USD,SHORT,dbf84542311c15f69508f91a0e7311ff7e686d96,V12,XRPUSDT,1252.03386318362,615111.636974254
0.9540932384504979,C009213,1.0,[],610509.910592512,291.2416888516669,94.45,1775347200000,,290.7761716454899,94.29903225806453,V12_STOP,1775358000000,,0.0,False,55703.344510645285,582483.3777033337,6167.108286959595,,94.29903225806453,V12_STOP,1775358000000,967,931.0344123538421,,6167.108286959595,1,159.60086767895876,,USD,SHORT,dbf84542311c15f69508f91a0e7311ff7e686d96,V12,AAVEUSDT,349.01655185668534,615751.8952149624
1.0,C009224,1.0,[],627470.2743044497,313.73513715222487,1.2999,1775368800000,,312.92777148085344,1.2965548387096775,V12_STOP,1775379600000,,-84.88803167177201,False,144148.37589972466,627470.2743044497,482706.57304750336,,1.2965548387096775,V12_STOP,1775379600000,968,1614.7313427427794,,482706.57304750336,1,159.60086767895876,,USD,SHORT,dbf84542311c15f69508f91a0e7311ff7e686d96,V12,XRPUSDT,903.1804024379292,616404.936394467
1.0,C009227,1.0,[],626289.7973506979,313.14489867534894,590.4,1775376000000,,313.3135983377397,590.7180645161291,V12_STOP,1775386800000,,0.0,False,-153832.54467754977,626289.7973506979,1060.7889521522661,,590.7180645161291,V12_STOP,1775386800000,969,-337.3993247813886,,1060.7889521522661,1,159.60086767895876,,USD,SHORT,dbf84542311c15f69508f91a0e7311ff7e686d96,V12,BNBUSDT,-963.8578217944772,615754.2234713479
1.0,C009235,1.0,[],631336.4927729957,315.66824638649786,91.87,1775390400000,,312.60596612681593,90.97877419354838,V12_STOP,1775401200000,,0.0,False,877212.0635853244,631336.4927729957,6872.0637071187075,,90.97877419354838,V12_STOP,1775401200000,970,6124.560519363844,,6872.0637071187075,1,159.60086767895876,,USD,SHORT,dbf84542311c15f69508f91a0e7311ff7e686d96,V12,AAVEUSDT,5496.28630685053,620966.5985289717
0.9994997498749376,C009237,1.0,[],631020.8245266093,315.3525781401114,2040.9,1775390400000,,312.57796153125486,2022.9432258064517,V12_STOP,1775401200000,,0.0,False,785444.1775262414,630705.1562802228,309.0328562302037,,2022.9432258064517,V12_STOP,1775401200000,971,5549.233217713083,,309.0328562302037,2,159.60086767895876,,USD,SHORT,dbf84542311c15f69508f91a0e7311ff7e686d96,V12,ETHUSDT,4921.302678041717,626203.2537851535
1.0,C009143,1.0,[],635900.1084086914,317.9500542043457,0.006203,1775152800000,SHORT_V20,312.1067032162277,0.006089,SHORT_MAX_HOLD,1775412000000,,577.312826133088,False,1856789.7985143636,635900.1084086914,102514929.61610371,,0.006089,SHORT_MAX_HOLD,1775412000000,964,11686.701976235863,,102514929.61610371,,159.60086767895876,SHORT_V20,USD,SHORT,dbf84542311c15f69508f91a0e7311ff7e686d96,PENGU,PENGUUSDT,11633.958044948376,637609.0597284947
2.0,C009315,2.0,[],596381.6028907102,596.3816028907103,171.8,1775575800000,,608.8438261408711,175.39,BASIS_CONVERGED,1775579400000,,0.0,False,3785608.2636469463,1192763.2057814205,6942.742757749827,,175.39,BASIS_CONVERGED,1775579400000,974,24924.44650032171,,6942.742757749827,,159.60086767895876,V50_POST_OPEN_BASIS,USD,LONG,,V52,NVDAUSDT,23719.22107129013,660490.0235536747
0.75,C009257,0.75,[],637290.2551986305,238.98384569948644,0.2425,1775437200000,,244.6011979489177,0.2482,Q102_TIME_EXIT,1775610000000,BRK,-13.680718449352465,False,1716299.2626482192,477967.6913989729,1971000.789274115,,0.2482,Q102_TIME_EXIT,1775610000000,973,11234.704498862477,,1971000.789274115,,159.84251968503938,,USD,LONG,dbf84542311c15f69508f91a0e7311ff7e686d96,Q102,FETUSDT,10737.438736764721,670997.2089662444
1.0,C009329,1.0,[],725657.2730979334,362.8286365489667,85.51,1775606400000,,359.6038702786215,84.75,Q102_PREEMPT:REV:V12_R1,1775610000000,,0.0,False,-1146384.9642883027,725657.2730979334,8486.227027224106,,85.61864516129032,V12_STOP,1775617200000,975,-6449.532540690364,,8486.227027224106,1,159.84251968503938,,USD,LONG,dbf84542311c15f69508f91a0e7311ff7e686d96,V12,SOLUSDT,-7171.965047517952,664188.0725552754
0.7494009356858689,C009338,1.0,[],700490.3047897329,262.4740449241527,0.2617,1775613600000,,264.03865902457943,0.26326,V12_STOP,1775624400000,,0.0,False,416024.60304855654,524948.0898483053,2005915.513367617,,0.26326,V12_STOP,1775624400000,977,3129.2282008534944,,2005915.513367617,1,159.84251968503938,,USD,LONG,dbf84542311c15f69508f91a0e7311ff7e686d96,V12,ADAUSDT,2602.7154969047624,666315.2326775219
0.7337232698560143,C009360,1.0,[],697193.7505839014,255.77363920079932,84.48,1775635200000,,256.46393737477877,84.708,V12_STOP,1775646000000,,0.0,False,138800.65400850342,511547.2784015986,6055.247140170438,,84.708,V12_STOP,1775646000000,978,1380.596347958826,,6055.247140170438,1,159.84251968503938,,USD,LONG,dbf84542311c15f69508f91a0e7311ff7e686d96,V12,SOLUSDT,868.3587713832479,667239.1617611131
1.0,C009255,1.0,[],637609.0597284947,318.8045298642474,0.006351,1775433600000,RECOVERY_V8,336.65376852416375,0.00670658,RECOVERY_V8_TRAILING_STOP,1775649600000,,-488.7633359128017,False,5523239.294616473,637609.0597284947,100395065.3012903,,0.00670658,RECOVERY_V8_TRAILING_STOP,1775649600000,972,35698.47731983284,,100395065.3012903,,159.84251968503938,RECOVERY_V8,USD,LONG,dbf84542311c15f69508f91a0e7311ff7e686d96,PENGU,PENGUUSDT,34554.25568553163,702567.4533606112
2.0,C009385,2.0,[],722644.9945695363,722.6449945695363,630.0,1775669400000,,704.3379880404414,614.04,TIME_OR_SESSION_FLAT,1775676600000,,0.0,False,5624383.54751396,1445289.9891390726,2294.1110938715437,,614.04,TIME_OR_SESSION_FLAT,1775676600000,979,36614.01305818992,,2294.1110938715437,,159.84251968503938,V50_POST_OPEN_BASIS,USD,SHORT,,V52,METAUSDT,35187.03007557995,737840.753460304
1.25,C009334,1.25,[],706153.2098512148,441.34575615700925,0.861,1775610000000,,421.7133026601295,0.8227,Q102_TIME_EXIT,1775696400000,REV,259.9377850722641,False,6114348.530963866,882691.5123140184,1025193.3940929367,,0.8227,Q102_TIME_EXIT,1775696400000,976,39264.906993759476,,1025193.3940929367,,158.1496668375192,,USD,SHORT,dbf84542311c15f69508f91a0e7311ff7e686d96,Q102,APTUSDT,38661.7857200146,776767.9002384456
1.0,C009402,1.0,[],776767.9002384456,388.3839501192228,1.328,1775700000000,,390.4764384629957,1.3351548387096774,V12_STOP,1775710800000,,0.0,False,538676.1578909364,776767.9002384456,584915.58752895,,1.3351548387096774,V12_STOP,1775710800000,980,4184.976687545813,,584915.58752895,1,158.1496668375192,,USD,LONG,dbf84542311c15f69508f91a0e7311ff7e686d96,V12,NEARUSDT,3406.116298963594,780174.0165374092
1.0,C009411,1.0,[],780174.0165374092,390.0870082687046,1.345,1775721600000,,388.904444463808,1.3409225806451612,V12_STOP,1775732400000,,0.0,False,-497241.3822359415,780174.0165374092,580055.0308828321,,1.3409225806451612,V12_STOP,1775732400000,981,-2365.127609793243,,580055.0308828321,1,158.1496668375192,,USD,LONG,dbf84542311c15f69508f91a0e7311ff7e686d96,V12,NEARUSDT,-3144.119062525756,776642.6157577579
2.0,C009422,2.0,[],775997.0127047241,775.997012704724,342.66,1775748600000,,783.1305870642054,345.81,BASIS_CONVERGED,1775752200000,,0.0,False,-2502920.327085912,1551994.0254094482,4529.253561575463,,345.81,BASIS_CONVERGED,1775752200000,983,-14267.148718962606,,4529.253561575463,,158.1496668375192,V50_POST_OPEN_BASIS,USD,SHORT,,V52,TSLAUSDT,-15826.276318731536,760344.8321544885
1.0,C009424,1.0,[],785941.2131876717,392.9706065938359,1.38,1775750400000,,393.7256833554538,1.3826516129032258,V12_STOP,1775761200000,,0.0,False,114414.52041546085,785941.2131876717,569522.618251936,,1.3826516129032258,V12_STOP,1775761200000,984,1510.153523235837,,569522.618251936,1,158.1496668375192,,USD,LONG,dbf84542311c15f69508f91a0e7311ff7e686d96,V12,NEARUSDT,723.4572332865473,761461.2599943689
1.0,C009414,1.0,[],774563.434251195,387.28171712559754,0.006381,1775728800000,RECOVERY_V8,401.9202498561292,0.006622189999999999,RECOVERY_V8_TRAILING_STOP,1775779200000,,-158.5846103553477,False,4502137.003601159,774563.434251195,121385900.9953291,,0.006622189999999999,RECOVERY_V8_TRAILING_STOP,1775779200000,982,29277.065461063274,,121385900.9953291,,158.92169448010267,RECOVERY_V8,USD,LONG,dbf84542311c15f69508f91a0e7311ff7e686d96,PENGU,PENGUUSDT,28329.278883726198,790319.281344247
1.0,C009441,1.0,[],826002.1686573401,413.00108432867006,1.36,1775786400000,,415.481441884458,1.3681677419354838,V12_STOP,1775804400000,,0.0,False,656701.4044517303,826002.1686573401,607354.5357774559,,1.3681677419354838,V12_STOP,1775804400000,986,4960.715111575793,,607354.5357774559,1,158.92169448010267,,USD,LONG,dbf84542311c15f69508f91a0e7311ff7e686d96,V12,NEARUSDT,4132.232585362665,793845.2545781626
1.0,C009439,1.0,[],790319.281344247,395.15964067212354,304.35,1775779200000,,342.06919313776126,263.46,OVERLAY_HOLD,1775822400000,,128.2580683193304,False,16777669.099795066,790319.281344247,2596.7448048110627,,263.46,OVERLAY_HOLD,1775822400000,985,106180.89506872447,,2596.7448048110627,0,158.92169448010267,IDLE_TAO_BREAKDOWN_SHORT_RELWEAK2,USD,SHORT,53eeff5417636369d4709fddfd47d7916ddcf3b1,IDLE,TAOUSDT,105571.92430323391,899799.8724226872
0.9999512790650558,C009461,1.0,[],901810.1079304727,450.8830854494361,1.369,1775836800000,,452.2684893077411,1.3732064516129032,V12_STOP,1775854800000,,-90.57183966296196,False,282417.248538008,901766.1708988722,658704.2884579052,,1.3732064516129032,V12_STOP,1775854800000,989,2770.8077166100284,,658704.2884579052,1,158.92169448010267,,USD,LONG,dbf84542311c15f69508f91a0e7311ff7e686d96,V12,NEARUSDT,1777.084302189889,901052.9935162419
1.0,C009485,1.0,[],940876.6299937853,470.43831499689264,1.3469,1775901600000,,470.3756708599047,1.3467206451612903,V12_STOP,1775912400000,,0.0,False,-169715.17744054628,940876.6299937853,698549.7290027362,,1.3467206451612903,V12_STOP,1775912400000,990,-125.28827397597483,,698549.7290027362,1,159.1922124498335,,USD,LONG,dbf84542311c15f69508f91a0e7311ff7e686d96,V12,XRPUSDT,-1066.1022598327722,900088.257817787
1.0,C009490,1.0,[],930360.2118090932,465.1801059045466,72617.1,1775916000000,,467.9652888269406,73051.88193548388,V12_STOP,1775934000000,,81.26291345504663,False,751145.806045111,930360.2118090932,12.811861280732682,,73051.88193548388,V12_STOP,1775934000000,991,5570.365844787835,,12.811861280732682,1,159.1922124498335,,USD,LONG,dbf84542311c15f69508f91a0e7311ff7e686d96,V12,BTCUSDT,4718.4833635113955,904850.8144921865
0.022662503656109223,C009495,1.0,[],930478.6911046209,10.543488369545098,1.404,1775930400000,,10.669019930823893,1.420716129032258,V12_STOP,1775941200000,,0.0,False,36590.42781656048,21086.976739090198,15019.214201631195,,1.420716129032258,V12_STOP,1775941200000,992,251.06312255759136,,15019.214201631195,1,159.1922124498335,,USD,LONG,dbf84542311c15f69508f91a0e7311ff7e686d96,V12,NEARUSDT,229.8506142572224,905024.9364270547
1.4598721318727907,C009460,1.4598721318727907,[],917633.0125876913,669.8134311816223,42.012,1775833200000,,649.4041776260226,40.69914285714285,HYPE_HARD_STOP,1775970000000,,679.0368363531361,False,-6599900.249465955,1339626.8623632444,31886.767170409512,,40.69914285714285,HYPE_HARD_STOP,1775970000000,988,-40818.5071111993,"[{""cause"": ""V12"", ""fraction"": 0.0330512832981653, ""quantity"": 1053.8985752118415, ""ts"": 1775836800000}]",30832.86859519767,,159.1922124498335,HYPE_TREND_LONG,USD,LONG,123df49950e3d5aba61e2d50e9ee1a37fae620d7,HYPE_LONG,HYPEUSDT,-41458.68788365381,863884.932213418
0.6,C009448,0.6,[],885352.3627373246,265.6057088211973,0.0983,1775800800000,,251.5553559639214,0.0931,Q102_TIME_EXIT,1776060000000,HIGH_VOL,-9.937528164912273,False,4389503.522910285,531211.4176423947,5403981.868183059,,0.0931,Q102_TIME_EXIT,1776060000000,987,28100.705714551885,,5403981.868183059,,159.1922124498335,,USD,SHORT,dbf84542311c15f69508f91a0e7311ff7e686d96,Q102,ENAUSDT,27573.607121601854,891797.6734909172
1.5,C009548,1.5,[],891351.7746541718,668.5138309906288,42.69,1776088800000,,688.724948368686,43.980642857142854,HYPE_TAKE_PROFIT,1776121200000,,6.584887856796996,False,6219891.401750143,1337027.6619812576,31319.457999092472,,43.980642857142854,HYPE_TAKE_PROFIT,1776121200000,994,40422.23475611439,,31319.457999092472,,159.1922124498335,HYPE_TREND_LONG,USD,LONG,123df49950e3d5aba61e2d50e9ee1a37fae620d7,HYPE_LONG,HYPEUSDT,39071.580864611875,930333.3623373045
0.999664912567034,C009564,1.0,[],977533.2625904132,488.6028517394065,103.26,1776124800000,,490.3859668681513,103.63683870967742,V12_STOP,1776135600000,,0.0,False,413529.04716809624,977205.7034788129,9463.545453019688,,103.63683870967742,V12_STOP,1776135600000,996,3566.230257489505,,9463.545453019688,1,159.83396097226975,,USD,LONG,dbf84542311c15f69508f91a0e7311ff7e686d96,V12,AAVEUSDT,2587.2414388819475,930894.9673197574
1.0,C009546,1.0,[],891797.6734909172,445.8988367454586,0.006633,1776088800000,RECOVERY_V8,461.93048978134834,0.00687148,RECOVERY_V8_TRAILING_STOP,1776146400000,,-184.1878822250689,False,4950263.775394064,891797.6734909172,134448616.53715017,,0.00687148,RECOVERY_V8_TRAILING_STOP,1776146400000,993,32063.30607177959,,134448616.53715017,,159.83396097226975,RECOVERY_V8,USD,LONG,dbf84542311c15f69508f91a0e7311ff7e686d96,PENGU,PENGUUSDT,30971.288863027712,962645.1254047857
1.3712417349586714,C009563,1.3712417349586714,[],979541.5559899015,671.5941313498545,44.425,1776121200000,,653.9928939498018,42.93839285714285,HYPE_HARD_STOP,1776204000000,,996.898238422718,False,-5679086.614061078,1343188.262699709,30234.963707365427,,42.93839285714285,HYPE_HARD_STOP,1776204000000,995,-35202.474800105476,"[{""cause"": ""V12"", ""fraction"": 0.24480364945032973, ""quantity"": 7401.629456561328, ""ts"": 1776124800000}]",22833.3342508041,,159.83396097226975,HYPE_TREND_LONG,USD,LONG,123df49950e3d5aba61e2d50e9ee1a37fae620d7,HYPE_LONG,HYPEUSDT,-35531.16358698241,928896.6210704563
2.0,C009617,2.0,[],928896.6210704563,928.8966210704564,249.69,1776267000000,,928.8966210704564,249.69,TIME_OR_SESSION_FLAT,1776277800000,,0.0,False,-295107.6130333734,1857793.2421409127,7440.399063402269,,249.69,TIME_OR_SESSION_FLAT,1776277800000,997,0.0,,7440.399063402269,,158.8484694310184,V50_POST_OPEN_BASIS,USD,SHORT,,V52,AMZNUSDT,-1857.7932421409128,926760.4375109806
1.0,C009623,1.0,[],934992.6569797802,467.4963284898901,107.31,1776283200000,,465.811626650499,106.92329032258064,V12_STOP,1776294000000,,0.0,False,-683479.1574516462,934992.6569797802,8713.005842696675,,106.92329032258064,V12_STOP,1776294000000,999,-3369.403678782241,,8713.005842696675,1,158.8484694310184,,USD,LONG,dbf84542311c15f69508f91a0e7311ff7e686d96,V12,AAVEUSDT,-4302.71163392263,922457.725877058
1.0,C009629,1.0,[],934430.4999994013,467.21524999970063,2358.79,1776297600000,,466.6497036649414,2355.9347741935485,V12_STOP,1776308400000,,0.0,False,-328517.5790838375,934430.4999994013,396.14823701957414,,2355.9347741935485,V12_STOP,1776308400000,1000,-1131.0926695185424,,396.14823701957414,1,159.0916808149406,,USD,LONG,dbf84542311c15f69508f91a0e7311ff7e686d96,V12,ETHUSDT,-2064.9576231831843,920447.254488553
1.0,C009637,1.0,[],910126.2629157297,455.0631314578648,106.08,1776319200000,,456.2457354333912,106.35567741935483,V12_STOP,1776330000000,,-67.52677689484872,False,220560.3005983273,910126.2629157297,8579.621633820982,,106.35567741935483,V12_STOP,1776330000000,1001,2365.2079510526837,,8579.621633820982,1,159.0916808149406,,USD,LONG,dbf84542311c15f69508f91a0e7311ff7e686d96,V12,AAVEUSDT,1386.372307266579,921617.4097684311
0.5,C009638,0.5,[],909671.1997842718,227.41779994606796,0.0966,1776319200000,,227.4085349452019,0.09659606451612902,V12_STOP,1776330000000,,-45.39880801407841,False,-82529.62789177395,454835.5998921359,4708443.0630655885,,0.09659606451612902,V12_STOP,1776330000000,1002,-18.530001732129477,,4708443.0630655885,2,159.0916808149406,,USD,LONG,dbf84542311c15f69508f91a0e7311ff7e686d96,V12,DOGEUSDT,-518.7551446374778,921371.4712317538
1.0,C009646,1.0,[],907487.2801873605,453.74364009368026,621.2,1776340800000,,455.2705233043937,623.2903870967742,V12_STOP,1776351600000,,0.0,False,341212.2416614355,907487.2801873605,1460.861687358919,,623.2903870967742,V12_STOP,1776351600000,1003,3053.7664214268398,,1460.861687358919,1,159.0916808149406,,USD,LONG,dbf84542311c15f69508f91a0e7311ff7e686d96,V12,BNBUSDT,2144.752258028766,923516.2234897825
2.0,C009654,2.0,[],911229.3287602309,911.2293287602309,249.36,1776353400000,,906.478774832623,248.06,BASIS_CONVERGED,1776357000000,,0.0,False,1222364.9808587972,1822458.6575204618,7308.544504012118,,248.06,BASIS_CONVERGED,1776357000000,1004,9501.107855215836,,7308.544504012118,,159.0916808149406,V50_POST_OPEN_BASIS,USD,SHORT,,V52,AMZNUSDT,7683.399751622981,931260.1730586328
0.5,C009661,0.5,[],879839.5186154592,219.95987965386482,0.09942,1776369600000,,219.97372518914779,0.09942625806451613,V12_STOP,1776380400000,,0.0,False,-65584.3576815411,439919.7593077296,4424861.791467809,,0.09942625806451613,V12_STOP,1776380400000,1005,27.691070565997435,,4424861.791467809,1,159.0916808149406,,USD,LONG,dbf84542311c15f69508f91a0e7311ff7e686d96,V12,DOGEUSDT,-412.2425342770152,930408.1207449879
1.0,C009660,1.0,[],879619.5587358053,439.80977936790265,116.54,1776369600000,,441.2808681741499,116.9298064516129,V12_STOP,1776380400000,,0.0,False,327901.78956004756,879619.5587358053,7547.790962208729,,116.9298064516129,V12_STOP,1776380400000,1006,2942.177612494488,,7547.790962208729,2,159.0916808149406,,USD,LONG,dbf84542311c15f69508f91a0e7311ff7e686d96,V12,AAVEUSDT,2061.0869649524357,932909.0174893081
1.0,C009697,1.0,[],876389.2157251076,438.1946078625538,3.466,1776434400000,,438.80634949257615,3.4708387096774196,V12_STOP,1776445200000,,-86.60222342349951,False,41315.68294630396,876389.2157251076,252853.207075911,,3.4708387096774196,V12_STOP,1776445200000,1007,1223.4832600447407,,252853.207075911,1,158.97979969444918,,USD,LONG,dbf84542311c15f69508f91a0e7311ff7e686d96,V12,INJUSDT,259.88007926611135,933100.9848816524
0.5,C009696,0.5,[],875951.0211172451,218.98775527931127,0.10095,1776434400000,,219.45897659425512,0.10116722580645161,V12_STOP,1776445200000,,-32.976471243845786,False,74882.57412012112,437975.51055862254,4338538.985226573,,0.10116722580645161,V12_STOP,1776445200000,1008,942.442629887615,,4338538.985226573,2,158.97979969444918,,USD,LONG,dbf84542311c15f69508f91a0e7311ff7e686d96,V12,DOGEUSDT,471.0194267702028,933823.9685349457
1.0,C009714,1.0,[],877119.949358065,438.5599746790325,118.3,1776448800000,,436.72336352338107,117.8045806451613,V12_STOP,1776459600000,,0.0,False,-723120.5170674184,877119.949358065,7414.369817058876,,117.8045806451613,V12_STOP,1776459600000,1009,-3673.2223113028567,,7414.369817058876,1,158.97979969444918,,USD,LONG,dbf84542311c15f69508f91a0e7311ff7e686d96,V12,AAVEUSDT,-4548.50564950527,929275.4628854404
1.0,C009724,1.0,[],868209.5960795688,434.10479803978444,3.385,1776463200000,,432.58821330674607,3.3731741935483868,V12_STOP,1776474000000,,-86.7953108754287,False,-634377.723166441,868209.5960795688,256487.32528199969,,3.3731741935483868,V12_STOP,1776474000000,1010,-3033.169466076839,,256487.32528199969,1,159.1252013223701,,USD,LONG,dbf84542311c15f69508f91a0e7311ff7e686d96,V12,INJUSDT,-3986.657788298798,924980.4379734037
1.0,C009728,1.0,[],867420.7600687272,433.7103800343636,115.02,1776470400000,,433.39242160542,114.93567741935483,V12_STOP,1776484800000,,64.16680743803998,False,-228957.7497619183,867420.7600687272,7541.47765665734,,114.93567741935483,V12_STOP,1776484800000,1011,-635.9168578871924,,7541.47765665734,1,159.1252013223701,,USD,LONG,dbf84542311c15f69508f91a0e7311ff7e686d96,V12,AAVEUSDT,-1438.8528520889358,923472.7375255283
1.0,C009732,1.0,[],876782.3367657514,438.39116838287566,1.4768,1776477600000,,437.1411338024249,1.4725890322580644,V12_STOP,1776488400000,,0.0,False,-537143.262397784,876782.3367657514,593704.1825336886,,1.4725890322580644,V12_STOP,1776488400000,1012,-2500.069160901562,,593704.1825336886,1,159.1252013223701,,USD,LONG,dbf84542311c15f69508f91a0e7311ff7e686d96,V12,XRPUSDT,-3375.6014630868626,920535.5272308243
0.6,C009620,0.6,[],927967.7244493859,278.39031733481573,0.9063,1776276000000,,286.65325404043926,0.9332,Q102_TIME_EXIT,1776535200000,HIGH_VOL,534.903818603665,False,-2634478.927820259,556780.6346696315,614344.7364775809,,0.9332,Q102_TIME_EXIT,1776535200000,998,-16525.873411246946,,614344.7364775809,,159.1252013223701,,USD,SHORT,dbf84542311c15f69508f91a0e7311ff7e686d96,Q102,APTUSDT,-16556.013164018535,903841.0407632038
1.0,C009754,1.0,[],903841.0407632038,451.9205203816019,1.797,1776538800000,,443.8729652050792,1.765,OVERLAY_HOLD,1776582000000,,133.57055447283153,False,2439848.7978680907,903841.0407632038,502972.19853266765,,1.765,OVERLAY_HOLD,1776582000000,1013,16095.110353045378,,502972.19853266765,0,159.1252013223701,IDLE_RENDER_RELATIVE_SHORT,USD,SHORT,53eeff5417636369d4709fddfd47d7916ddcf3b1,IDLE,RENDERUSDT,15332.88742193153,919173.9281851354
2.0,C009806,2.0,[],926651.852045676,926.651852045676,415.78,1776706200000,,934.7197718696342,419.4,BASIS_CONVERGED,1776709800000,,0.0,False,2271427.5980889164,1853303.704091352,4457.41426738023,,419.4,BASIS_CONVERGED,1776709800000,1015,16135.839647916453,,4457.41426738023,,159.1252013223701,V50_POST_OPEN_BASIS,USD,LONG,,V52,MSFTUSDT,14274.468024001144,932672.5133676064
0.5,C009822,0.5,[],969500.0609396657,242.37501523491642,0.09521,1776758400000,,242.68197601328012,0.0953305806451613,V12_STOP,1776769200000,,0.0,False,-174640.40054903695,484750.0304698328,5091377.276229733,,0.0953305806451613,V12_STOP,1776769200000,1016,-613.9215567273355,,5091377.276229733,1,158.91156462585033,,USD,SHORT,dbf84542311c15f69508f91a0e7311ff7e686d96,V12,DOGEUSDT,-1098.9785479755321,931384.0099096765
1.0,C009775,1.0,[],919173.9281851354,459.5869640925677,0.00735,1776607200000,RECOVERY_V8,480.6748149279715,0.00768725,RECOVERY_V8_TRAILING_STOP,1776776400000,,-554.730844985527,False,6464635.124716236,919173.9281851354,125057677.30410005,,0.00768725,RECOVERY_V8_TRAILING_STOP,1776776400000,1014,42175.70167080773,,125057677.30410005,,158.91156462585033,RECOVERY_V8,USD,LONG,dbf84542311c15f69508f91a0e7311ff7e686d96,PENGU,PENGUUSDT,40680.70904680166,973030.1267079627
1.0,C009829,1.0,[],973030.1267079627,486.51506335398136,2312.11,1776780000000,,482.8023926048016,2294.4659354838714,V12_STOP,1776790800000,,12.887814770664392,False,1027984.9046498372,973030.1267079627,420.8407587476213,,2294.4659354838714,V12_STOP,1776790800000,1017,7425.341498359611,,420.8407587476213,1,158.91156462585033,,USD,SHORT,dbf84542311c15f69508f91a0e7311ff7e686d96,V12,ETHUSDT,6468.911857171493,979255.6248416743
0.5,C009832,0.5,[],973654.8938397109,243.41372345992772,0.09476,1776787200000,,241.08429134827537,0.09385316129032258,V12_STOP,1776798000000,,0.0,False,663355.0655134595,486827.4469198554,5137478.333894634,,0.09385316129032258,V12_STOP,1776798000000,1018,4658.864223304717,,5137478.333894634,2,158.91156462585033,,USD,SHORT,dbf84542311c15f69508f91a0e7311ff7e686d96,V12,DOGEUSDT,4174.3662084965135,983673.4047736308
1.0,C009839,1.0,[],983673.4047736308,491.8367023868154,2297.01,1776801600000,,492.4719354527058,2299.9767096774194,V12_STOP,1776812400000,,0.0,False,-358309.7865192573,983673.4047736308,428.2408020747105,,2299.9767096774194,V12_STOP,1776812400000,1019,-1270.4661317808052,,428.2408020747105,1,158.91156462585033,,USD,SHORT,dbf84542311c15f69508f91a0e7311ff7e686d96,V12,ETHUSDT,-2254.7747696203264,981418.6300040104
2.0,C009885,2.0,[],981418.6300040104,981.4186300040104,255.09,1776961800000,,988.1514795963386,256.84,BASIS_CONVERGED,1776965400000,,0.0,False,1830385.9818556255,1962837.2600080208,7694.6852483751645,,256.84,BASIS_CONVERGED,1776965400000,1020,13465.69918465632,,7694.6852483751645,,159.21759140884683,V50_POST_OPEN_BASIS,USD,LONG,,V52,AMZNUSDT,11496.12907505597,992914.7590790663
2.5,C009894,2.5,[],992914.7590790663,1241.1434488488328,0.2097,1776992400000,,1238.7759839964747,0.2093,Q102_TIME_EXIT,1777035600000,PB,371.2332855051069,False,418842.50337836356,2482286.8976976657,11837324.261791443,,0.2093,Q102_TIME_EXIT,1777035600000,1021,4734.929704716385,,11837324.261791443,,159.48349580981701,,USD,SHORT,dbf84542311c15f69508f91a0e7311ff7e686d96,Q102,FETUSDT,2626.243557376184,995541.0026364425
1.0,C009950,1.0,[],995541.0026364425,497.7705013182213,2330.21,1777190400000,,498.0257657330004,2331.4049677419357,V12_STOP,1777201200000,,-2.847235048696141,False,-240588.76882162702,995541.0026364425,427.23231066575227,,2331.4049677419357,V12_STOP,1777201200000,1022,-510.5288295582128,,427.23231066575227,1,159.4176912568306,,USD,SHORT,dbf84542311c15f69508f91a0e7311ff7e686d96,V12,ETHUSDT,-1509.1723316581306,994031.8303047844
1.0,C009973,1.0,[],983672.1438893856,491.83607194469283,2.0,1777255200000,,492.74041568988144,2.0036774193548386,V12_STOP,1777266000000,,0.0,False,131377.8733965786,983672.1438893856,491836.0719446928,,2.0036774193548386,V12_STOP,1777266000000,1025,1808.687490377185,,491836.0719446928,1,159.4176912568306,,USD,LONG,dbf84542311c15f69508f91a0e7311ff7e686d96,V12,ATOMUSDT,824.1110027426107,994008.4882849087
0.75,C009964,0.75,[],994031.8303047844,372.7619363642942,0.09901,1777237200000,,369.75002293038415,0.09821,Q102_TIME_EXIT,1777280400000,MR,59.446511934262155,False,851411.8552032323,745523.8727285883,7529783.584775157,,0.09821,Q102_TIME_EXIT,1777280400000,1023,6023.826867820089,,7529783.584775157,,159.4176912568306,,USD,SHORT,dbf84542311c15f69508f91a0e7311ff7e686d96,Q102,DOGEUSDT,5340.761420459673,999605.2818266626
2.0,C009991,2.0,[],1057223.6972540384,1057.2236972540384,682.77,1777303800000,,1048.7847366230287,677.32,BASIS_CONVERGED,1777311000000,,0.0,False,2354904.238509584,2114447.394508077,3096.866286609073,,677.32,BASIS_CONVERGED,1777311000000,1027,16877.921262019237,,3096.866286609073,,159.4176912568306,V50_POST_OPEN_BASIS,USD,SHORT,,V52,METAUSDT,14771.91282814217,1013975.3678305495
1.0,C009972,1.0,[],984164.2260023868,492.0821130011934,0.009603,1777255200000,LONG_V2_FINAL,526.7266819670349,0.01027909,LONG_TRAILING_STOP,1777395600000,,-506.80921903852993,False,10788870.572644934,984164.2260023868,102485080.28765872,,0.01027909,LONG_TRAILING_STOP,1777395600000,1024,69289.13793168309,,102485080.28765872,,159.2135500893693,BASE_V64_LONG,USD,LONG,dbf84542311c15f69508f91a0e7311ff7e686d96,PENGU,PENGUUSDT,67763.51991767633,1082651.0483632337
0.75,C009983,0.75,[],1002372.3789944293,375.88964212291097,1.374,1777280400000,,374.7953491327424,1.37,Q102_TIME_EXIT,1777453200000,BRK,443.13394636877086,False,300482.4471372579,751779.2842458219,547146.4950842954,,1.37,Q102_TIME_EXIT,1777453200000,1026,2188.5859803371836,,547146.4950842954,,159.74315068493152,,USD,SHORT,dbf84542311c15f69508f91a0e7311ff7e686d96,Q102,NEARUSDT,1881.0349354503012,1084613.1704092554
2.0,C010051,2.0,[],1099773.9605366725,1099.7739605366726,666.42,1777476600000,,1110.4842228395491,672.91,BASIS_CONVERGED,1777480200000,,0.0,False,3068708.4838074413,2199547.921073345,3300.5430825505614,,672.91,BASIS_CONVERGED,1777480200000,1029,21420.524605753173,,3300.5430825505614,,159.74315068493152,V50_POST_OPEN_BASIS,USD,LONG,,V52,METAUSDT,19210.26642237695,1103495.0836608289
0.75,C010044,0.75,[],1084613.1704092554,406.7299389034708,0.10712,1777467600000,,409.653595111048,0.10789,Q102_TIME_EXIT,1777510800000,MR,142.43127952928694,False,-1042031.9122297053,813459.8778069415,7593912.227473315,,0.10789,Q102_TIME_EXIT,1777510800000,1028,-5847.312415154399,,7593912.227473315,,159.78985135827782,,USD,SHORT,dbf84542311c15f69508f91a0e7311ff7e686d96,Q102,DOGEUSDT,-6521.2646696396305,1097302.1721619929
0.75,C010072,0.75,[],1097302.1721619929,411.48831456074737,0.10789,1777510800000,,405.42411565304894,0.1063,Q102_TIME_EXIT,1777554000000,MR,81.58063813564173,False,1820496.3263811478,822976.6291214947,7627923.154337702,,0.1063,Q102_TIME_EXIT,1777554000000,1030,12128.397815396902,,7627923.154337702,,159.78985135827782,,USD,SHORT,dbf84542311c15f69508f91a0e7311ff7e686d96,Q102,DOGEUSDT,11393.066023318746,1108695.2381853114
1.0,C010118,1.0,[],1108695.2381853114,554.3476190926557,1.877,1777636800000,,554.7706179461405,1.878432258064516,V12_STOP,1777647600000,,0.0,False,-306098.77978271595,1108695.2381853114,590674.0746858346,,1.878432258064516,V12_STOP,1777647600000,1031,-845.9977069693592,,590674.0746858346,1,156.56298068706207,,USD,SHORT,dbf84542311c15f69508f91a0e7311ff7e686d96,V12,ATOMUSDT,-1955.1159440081556,1106466.7787316286
0.5,C010121,0.5,[],1093374.038699073,273.34350967476826,0.10969,1777644000000,,272.79190142883516,0.10946864516129032,V12_STOP,1777654800000,,-54.524168034314236,False,-266763.9163977475,546687.0193495365,4983927.608255415,,0.10946864516129032,V12_STOP,1777654800000,1032,-1103.2164918660892,,4983927.608255415,1,156.56298068706207,,USD,LONG,dbf84542311c15f69508f91a0e7311ff7e686d96,V12,DOGEUSDT,-1703.876071004007,1103931.4287725703
2.0,C010126,2.0,[],1104817.3977289526,1104.8173977289525,411.4,1777653000000,,1114.1898156144025,414.89,BASIS_CONVERGED,1777660200000,,0.0,False,2587332.9772943826,2209634.795457905,5371.0131148709415,,414.89,BASIS_CONVERGED,1777660200000,1033,18744.835770899634,,5371.0131148709415,,156.56298068706207,V50_POST_OPEN_BASIS,USD,LONG,,V52,MSFTUSDT,16525.82855755628,1121562.0747278556
0.5,C010152,0.5,[],1121562.0747278556,280.3905186819639,0.10897,1777737600000,,280.5545329460009,0.10903374193548387,V12_STOP,1777748400000,,0.0,False,-36466.10517886366,560781.0373639278,5146196.543671908,,0.10903374193548387,V12_STOP,1777748400000,1034,328.0285280740854,,5146196.543671908,1,156.56298068706207,,USD,LONG,dbf84542311c15f69508f91a0e7311ff7e686d96,V12,DOGEUSDT,-232.91652355387941,1121329.1582043017
0.5,C010159,0.5,[],1121329.1582043017,280.33228955107546,0.10869,1777759200000,,280.88223967081,0.1089032258064516,V12_STOP,1777770000000,,-30.936289173618942,False,79494.76280543079,560664.5791021509,5158382.363622696,,0.1089032258064516,V12_STOP,1777770000000,1035,1099.9002394692181,,5158382.363622696,1,156.56298068706207,,USD,LONG,dbf84542311c15f69508f91a0e7311ff7e686d96,V12,DOGEUSDT,507.74942107371373,1121836.9076253753
1.0,C010177,1.0,[],1121836.9076253753,560.9184538126876,78625.5,1777816800000,,561.3555319019755,78686.7664516129,V12_STOP,1777827600000,,59.60296748280695,False,-29514.445200326274,1121836.9076253753,14.268105228270413,,78686.7664516129,V12_STOP,1777827600000,1036,874.1561785756048,,14.268105228270413,1,156.56298068706207,,USD,LONG,dbf84542311c15f69508f91a0e7311ff7e686d96,V12,BTCUSDT,-188.5148396562513,1121312.1029123922
0.5,C010178,0.5,[],1121275.9891715627,280.3189972928907,0.1086,1777816800000,,280.42590918991556,0.1086414193548387,V12_STOP,1777827600000,,-55.970876034061156,False,-63077.97060934452,560637.9945857814,5162412.4731655745,,0.1086414193548387,V12_STOP,1777827600000,1037,213.82379404978073,,5162412.4731655745,2,156.56298068706207,,USD,LONG,dbf84542311c15f69508f91a0e7311ff7e686d96,V12,DOGEUSDT,-402.89198846708666,1121245.5007972522
1.0,C010187,1.0,[],1121245.5007972522,560.6227503986261,2330.83,1777831200000,,561.3490736523019,2333.849741935484,V12_STOP,1777842000000,,0.0,False,51771.41405529881,1121245.5007972522,481.04988385993494,,2333.849741935484,V12_STOP,1777842000000,1038,1452.64650735157,,481.04988385993494,1,156.56298068706207,,USD,LONG,dbf84542311c15f69508f91a0e7311ff7e686d96,V12,ETHUSDT,330.6746833006422,1121576.1754805527
1.0,C010192,1.0,[],1121576.1754805527,560.7880877402764,78798.8,1777845600000,,564.5452414894794,79326.73419354839,V12_STOP,1777856400000,,-33.97627532510233,False,994957.4125213566,1121576.1754805527,14.233416948996085,,79326.73419354839,V12_STOP,1777856400000,1039,7514.307498406129,,14.233416948996085,1,156.56298068706207,,USD,LONG,dbf84542311c15f69508f91a0e7311ff7e686d96,V12,BTCUSDT,6354.99789385127,1127312.7294383796
1.0,C010202,1.0,[],1163803.0077530828,581.9015038765414,0.2115,1777870800000,,573.9227125704329,0.2086,CORE_PREEMPT:V12,1777888800000,,-71.8779044386508,False,-2690579.4017704297,1163803.0077530828,5502614.693868004,,0.2096,FET_24H_TIME_EXIT,1777957200000,1041,-15957.582612217133,,5502614.693868004,,156.56298068706207,,USD,LONG,dbf84542311c15f69508f91a0e7311ff7e686d96,FET,FETUSDT,-17185.28473310276,1110012.338685344
1.0,C010208,1.0,[],1130479.6296118042,565.2398148059021,3.774,1777888800000,,563.828092205715,3.764574193548387,V12_STOP,1777899600000,,0.0,False,-618817.233296989,1130479.6296118042,299544.1519904091,,3.764574193548387,V12_STOP,1777899600000,1042,-2823.4452003740953,,299544.1519904091,1,156.56298068706207,,USD,LONG,dbf84542311c15f69508f91a0e7311ff7e686d96,V12,INJUSDT,-3952.5131073857124,1106003.9397525412
2.0,C010215,2.0,[],1117137.246355396,1117.137246355396,276.0,1777908600000,,1117.137246355396,276.0,BASIS_STOP,1777912200000,,0.0,False,-349804.67425187514,2234274.492710792,8095.197437357942,,276.0,BASIS_STOP,1777912200000,1043,0.0,,8095.197437357942,,156.56298068706207,V50_POST_OPEN_BASIS,USD,SHORT,,V52,AMZNUSDT,-2234.274492710792,1103144.2297550472
2.0,C010218,2.0,[],1103931.0158787437,1103.9310158787437,419.72,1777912200000,,1089.2021164007085,414.12,TIME_OR_SESSION_FLAT,1777923000000,,0.0,False,4268637.348809424,2207862.0317574874,5260.3212421554545,,414.12,TIME_OR_SESSION_FLAT,1777923000000,1045,29457.798956070663,,5260.3212421554545,,156.56298068706207,V50_POST_OPEN_BASIS,USD,SHORT,,V52,MSFTUSDT,27264.66582379121,1130408.8955788384
1.0,C010216,1.0,[],1138806.968861725,569.4034844308625,3.683,1777910400000,,572.4017885381369,3.702393548387097,V12_STOP,1777924800000,,0.0,False,760082.4191820489,1138806.968861725,309206.34506155987,,3.702393548387097,V12_STOP,1777924800000,1044,5996.608214548791,,309206.34506155987,1,156.56298068706207,,USD,LONG,dbf84542311c15f69508f91a0e7311ff7e686d96,V12,INJUSDT,4854.802941579791,1135776.9012980333
1.0,C010194,1.0,[],1125925.916240216,562.962958120108,0.010012,1777849200000,RECOVERY_V8,594.5073268281963,0.010572999999999999,RECOVERY_V8_TRAILING_STOP,1777953600000,,-395.5360200359656,False,9668473.034333749,1125925.916240216,112457642.45307791,,0.010572999999999999,RECOVERY_V8_TRAILING_STOP,1777953600000,1040,63088.7374161766,,112457642.45307791,,157.11965811965814,RECOVERY_V8,USD,LONG,dbf84542311c15f69508f91a0e7311ff7e686d96,PENGU,PENGUUSDT,61535.731111192326,1198214.3009177682
1.0,C010251,1.0,[],1226730.4038824714,613.3652019412357,0.218,1778014800000,,633.3417750319824,0.2251,CORE_PREEMPT:Q102,1778058000000,,-169.63205516072068,False,6081600.183540008,1226730.4038824714,5627203.687534273,,0.2251,FET_24H_TIME_EXIT,1778101200000,1047,39953.146181493306,,5627203.687534273,,157.81276741399964,,USD,LONG,dbf84542311c15f69508f91a0e7311ff7e686d96,FET,FETUSDT,38536.80714935937,1235551.3462595956
0.5,C010276,0.5,[],1231185.0466193857,307.79626165484643,0.11563,1778054400000,,310.0568214449236,0.1164792258064516,V12_STOP,1778065200000,,8.140948390587988,False,617270.0334494347,615592.5233096929,5323813.225890278,,0.1164792258064516,V12_STOP,1778065200000,1048,4521.119580154413,,5323813.225890278,1,157.81276741399964,,USD,LONG,dbf84542311c15f69508f91a0e7311ff7e686d96,V12,DOGEUSDT,3911.4074454452307,1239293.1734753458
1.0,C010241,1.0,[],1198214.3009177682,599.1071504588841,0.011147,1777982400000,LONG_V2_FINAL,551.1785784221732,0.01025524,LONG_HARD_STOP,1778122800000,,-534.0421898106805,False,-15237434.164113997,1198214.3009177682,107492087.63952346,,0.01025524,LONG_HARD_STOP,1778122800000,1046,-95857.14407342146,,107492087.63952346,,156.21492943376978,BASE_V64_LONG,USD,LONG,dbf84542311c15f69508f91a0e7311ff7e686d96,PENGU,PENGUUSDT,-97541.4719921132,1142455.5345759299
0.75,C010279,0.75,[],1251294.7812246678,469.2355429592504,1.433,1778058000000,,504.27267003296976,1.54,Q102_TIME_EXIT,1778230800000,BRK,-587.6413854812776,False,10714704.464169934,938471.0859185008,654899.5714713893,,1.54,Q102_TIME_EXIT,1778230800000,1049,70074.25414743864,,654899.5714713893,,156.38912489379777,,USD,LONG,dbf84542311c15f69508f91a0e7311ff7e686d96,Q102,NEARUSDT,68513.10454896514,1211634.148069424
0.75,C010426,0.75,[],1255670.1372663027,470.87630147486357,3.725,1778302800000,,474.036545108923,3.75,Q102_TIME_EXIT,1778389200000,MR,281.0088639405696,False,-1094900.276254588,941752.6029497271,252819.49072475894,,3.75,Q102_TIME_EXIT,1778389200000,1051,-6320.487268118951,,252819.49072475894,,156.76388062239607,,USD,SHORT,dbf84542311c15f69508f91a0e7311ff7e686d96,Q102,UNIUSDT,-6984.391250762168,1203116.1232248228
0.5,C010462,0.5,[],1242187.320785075,310.54683019626873,0.1084,1778385600000,,310.5754784278367,0.10841,Q102_PREEMPT:PB:V12_R1,1778389200000,,0.0,False,-106351.5593481781,621093.6603925375,5729646.313584294,,0.10847948387096774,V12_STOP,1778400000000,1052,-57.29646313590025,,5729646.313584294,1,156.76388062239607,,USD,SHORT,dbf84542311c15f69508f91a0e7311ff7e686d96,V12,DOGEUSDT,-678.4187717600057,1202748.2512832591
0.03897658091392886,C010470,1.0,[],1248515.6087201177,24.331434822791405,94.23,1778407200000,,24.307096141338615,94.13574193548388,V12_STOP,1778418000000,,0.0,False,-15255.617169253583,48662.86964558281,516.4265058429673,,94.13574193548388,V12_STOP,1778418000000,1054,-48.6773629055838,,516.4265058429673,1,156.76388062239607,,USD,LONG,dbf84542311c15f69508f91a0e7311ff7e686d96,V12,SOLUSDT,-97.31589386971382,1201094.5302553244
1.9927371174264077,C010464,2.0,[],1223466.9494001837,1219.0240010071013,0.2312,1778389200000,,1270.6954335757416,0.241,Q102_TIME_EXIT,1778432400000,PB,-370.9270695105951,False,15751982.5264864,2438048.0020142025,10545190.320130635,,0.241,Q102_TIME_EXIT,1778432400000,1053,103342.86513728026,,10545190.320130635,,156.76388062239607,,USD,LONG,dbf84542311c15f69508f91a0e7311ff7e686d96,Q102,FETUSDT,100482.21863318681,1302948.658112762
1.0,C010372,1.0,[],1211634.148069424,605.817074034712,0.010351,1778234400000,RECOVERY_V8,626.4175468120995,0.01070298,RECOVERY_V8_TRAILING_STOP,1778446800000,,-928.7478331588476,False,6120056.115031749,1211634.148069424,117054791.62104376,,0.01070298,RECOVERY_V8_TRAILING_STOP,1778446800000,1050,41200.94555477498,,117054791.62104376,,156.76388062239607,RECOVERY_V8,USD,LONG,dbf84542311c15f69508f91a0e7311ff7e686d96,PENGU,PENGUUSDT,39039.96310076932,1342559.0402446527
0.5,C010488,0.5,[],1383566.2967057526,345.89157417643816,59.78,1778443200000,,339.99229350373554,58.76043483870968,V12_STOP,1778446800000,,0.0,False,-1957110.0790209733,691783.1483528763,11572.150357190972,,58.76043483870968,V12_STOP,1778446800000,1056,-11798.561345405287,,11572.150357190972,1,156.76388062239607,,USD,LONG,dbf84542311c15f69508f91a0e7311ff7e686d96,V12,LTCUSDT,-12484.44521308546,1330420.4866057436
0.75,C010480,0.75,[],1344971.3283047169,504.36424811426883,0.241,1778432400000,,464.01510826512737,0.22172,Q102_HARD_STOP,1778605200000,BRK,-588.6673718680574,False,-12925237.736058377,1008728.4962285376,4185595.420035426,,0.22172,Q102_HARD_STOP,1778605200000,1055,-80698.27969828298,,4185595.420035426,,157.13557161070972,,USD,LONG,dbf84542311c15f69508f91a0e7311ff7e686d96,Q102,FETUSDT,-82255.32642653043,1248720.2224518522
0.75,C010567,0.75,[],1248720.2224518522,468.2700834194446,0.11218,1778648400000,,467.22651486128035,0.11193,Q102_TIME_EXIT,1778691600000,MR,167.84602491823009,False,207938.84879693078,936540.1668388891,8348548.465313684,,0.11193,Q102_TIME_EXIT,1778691600000,1057,2087.137116328423,,8348548.465313684,,157.59073095927755,,USD,SHORT,dbf84542311c15f69508f91a0e7311ff7e686d96,Q102,DOGEUSDT,1319.486542965928,1248263.1102389423
2.0,C010592,2.0,[],1275702.2408635959,1275.702240863596,602.09,1778686200000,,1297.335086250859,612.3,TIME_OR_SESSION_FLAT,1778697000000,,0.0,False,6412785.001450168,2551404.4817271917,4237.579899561845,,612.3,TIME_OR_SESSION_FLAT,1778697000000,1059,43265.69077452611,,4237.579899561845,,157.59073095927755,V50_POST_OPEN_BASIS,USD,LONG,,V52,METAUSDT,40692.653447411656,1290231.4659272176
0.75,C010604,0.75,[],1323975.6026125716,496.4908509797143,0.11338,1778706000000,,496.2719010542514,0.11333,Q102_TIME_EXIT,1778749200000,MR,179.1698908980282,False,-59273.8703176626,992981.7019594286,8757997.018516745,,0.11333,Q102_TIME_EXIT,1778749200000,1060,437.89985092578905,,8757997.018516745,,157.77208706786172,,USD,SHORT,dbf84542311c15f69508f91a0e7311ff7e686d96,Q102,DOGEUSDT,-375.69301021014843,1290096.1829271214
2.0,C010639,2.0,[],1313785.37903643,1313.78537903643,269.41,1778772600000,,1304.2273843706364,267.45,BASIS_CONVERGED,1778776200000,,0.0,False,2602920.1955584544,2627570.75807286,9753.055781421846,,267.45,BASIS_CONVERGED,1778776200000,1062,19115.989331587174,,9753.055781421846,,157.77208706786172,V50_POST_OPEN_BASIS,USD,SHORT,,V52,AMZNUSDT,16497.976568180107,1306239.0644572948
0.75,C010633,0.75,[],1340948.2734023605,502.8556025258852,0.11524,1778763600000,,509.18275129074584,0.11669,Q102_TIME_EXIT,1778806800000,MR,1.5559191889338742,False,-2158315.9125026595,1005711.2050517704,8727101.744635288,,0.11669,Q102_TIME_EXIT,1778806800000,1061,-12654.297529721227,,8727101.744635288,,157.94735942573922,,USD,SHORT,dbf84542311c15f69508f91a0e7311ff7e686d96,Q102,DOGEUSDT,-13664.779964348925,1293172.6566569996
0.75,C010652,0.75,[],1327658.246899066,497.8718425871498,0.11669,1778806800000,,486.77863159454887,0.11409,Q102_TIME_EXIT,1778850000000,MR,-110.0006334787336,False,3331389.5157203465,995743.6851742995,8533239.22507755,,0.11409,Q102_TIME_EXIT,1778850000000,1063,22186.421985201676,,8533239.22507755,,157.94735942573922,,USD,SHORT,dbf84542311c15f69508f91a0e7311ff7e686d96,Q102,DOGEUSDT,21091.770877541247,1314445.3365349793
1.0,C010578,1.0,[],1244421.8804404521,622.2109402202261,0.00931,1778673600000,SHORT_V20,556.6027731100872,0.00832832,SHORT_TRAILING_STOP,1778922000000,,1077.7147945881072,False,20788101.80614985,1244421.8804404521,133665078.45762105,,0.00832832,SHORT_TRAILING_STOP,1778922000000,1058,131216.3342202775,,133665078.45762105,,158.5483316133471,SHORT_V20,USD,SHORT,dbf84542311c15f69508f91a0e7311ff7e686d96,PENGU,PENGUUSDT,131115.2353015353,1444342.357953351
1.0,C010709,1.0,[],1382056.0079340679,691.0280039670339,88.48,1778925600000,,691.1705992866415,88.49825806451612,V12_STOP,1778936400000,,0.0,False,-264361.7825434613,1382056.0079340679,15619.982006488108,,88.49825806451612,V12_STOP,1778936400000,1065,-285.19063921506387,,15619.982006488108,1,158.5483316133471,,USD,SHORT,dbf84542311c15f69508f91a0e7311ff7e686d96,V12,AAVEUSDT,-1667.3892424687392,1441933.4945566654
0.9826495364903589,C010714,1.0,[],1371843.2755857157,674.0205794458597,9.656,1778932800000,,673.9516768423271,9.655012903225806,V12_STOP,1778943600000,,0.0,False,-191869.96662772604,1348041.1588917193,139606.58232101484,,9.655012903225806,V12_STOP,1778943600000,1066,137.80520706536262,,139606.58232101484,1,158.5483316133471,,USD,SHORT,dbf84542311c15f69508f91a0e7311ff7e686d96,V12,LINKUSDT,-1210.167049222824,1441397.3480868884
1.0,C010731,1.0,[],1381068.0097622115,690.5340048811057,4.628,1778983200000,,693.6635195462136,4.648974193548387,V12_STOP,1778994000000,,0.0,False,-1211820.8659459772,1381068.0097622115,298415.73244645883,,4.648974193548387,V12_STOP,1778994000000,1067,-6259.029330215674,,298415.73244645883,1,158.5483316133471,,USD,SHORT,dbf84542311c15f69508f91a0e7311ff7e686d96,V12,INJUSDT,-7643.226854642993,1433482.2476701618
1.0,C010754,1.0,[],1345816.0086952716,672.9080043476358,4.552,1779062400000,,671.1378965523112,4.540025806451612,V12_STOP,1779073200000,,0.0,False,348199.04024955793,1345816.0086952716,295653.7804690843,,4.540025806451612,V12_STOP,1779073200000,1068,3540.215590649274,,295653.7804690843,1,158.5483316133471,,USD,SHORT,dbf84542311c15f69508f91a0e7311ff7e686d96,V12,INJUSDT,2196.169689749327,1435005.5088034675
0.5,C010759,0.5,[],1338698.4343568366,334.6746085892092,0.10661,1779069600000,,333.71379795100887,0.10630393548387096,V12_STOP,1779080400000,,0.0,False,198697.98063936218,669349.2171784183,6278484.355861723,,0.10630393548387096,V12_STOP,1779080400000,1069,1921.6212764005475,,6278484.355861723,1,158.5483316133471,,USD,SHORT,dbf84542311c15f69508f91a0e7311ff7e686d96,V12,DOGEUSDT,1253.2328698603294,1436526.6936183965
0.5,C010768,0.5,[],1343539.9609806088,335.8849902451522,0.10425,1779091200000,,335.7554899131818,0.1042098064516129,V12_STOP,1779102000000,,0.0,False,-65423.35441851976,671769.9804903044,6443836.743312273,,0.1042098064516129,V12_STOP,1779102000000,1070,259.00066394085314,,6443836.743312273,1,158.5483316133471,,USD,SHORT,dbf84542311c15f69508f91a0e7311ff7e686d96,V12,DOGEUSDT,-412.63981621748087,1435376.7841551637
1.0,C010769,1.0,[],1343204.0759903637,671.6020379951818,4.567,1779091200000,,673.3230606145668,4.578703225806452,V12_STOP,1779105600000,,0.0,False,-758966.1604740971,1343204.0759903637,294110.8114715051,,4.578703225806452,V12_STOP,1779105600000,1071,-3442.045238769727,,294110.8114715051,2,158.5483316133471,,USD,SHORT,dbf84542311c15f69508f91a0e7311ff7e686d96,V12,INJUSDT,-4786.9703373794755,1431261.4158557793
1.0,C010668,1.0,[],1406273.245435365,703.1366227176825,0.11063,1778853600000,,657.8836827036727,0.10351,Q102_TIME_EXIT,1779112800000,HIGH_VOL,-1227.4859978800146,False,-14759959.635399312,1406273.245435365,12711500.003935324,,0.10351,Q102_TIME_EXIT,1779112800000,1064,-90505.88002801953,,12711500.003935324,,158.5483316133471,,USD,LONG,dbf84542311c15f69508f91a0e7311ff7e686d96,Q102,ENAUSDT,-93094.38633132089,1338675.1474005806
1.0,C010776,1.0,[],1357026.255832797,678.5131279163985,0.2504,1779105600000,,672.6706284999896,0.24824387096774192,V12_STOP,1779116400000,,0.0,False,1638409.1395643053,1357026.255832797,5419433.929044716,,0.24824387096774192,V12_STOP,1779116400000,1072,11684.998832817852,,5419433.929044716,1,158.5483316133471,,USD,SHORT,dbf84542311c15f69508f91a0e7311ff7e686d96,V12,ADAUSDT,10333.815076401464,1349687.4756048985
0.9994997498749374,C010777,1.0,[],1356347.7427048804,677.834614788482,642.03,1779105600000,,674.6683330331381,639.0309677419355,V12_STOP,1779116400000,,0.0,False,789580.293575834,1355669.229576964,2111.535644092899,,639.0309677419355,V12_STOP,1779116400000,1073,6332.563510687642,,2111.535644092899,2,158.5483316133471,,USD,SHORT,dbf84542311c15f69508f91a0e7311ff7e686d96,V12,BNBUSDT,4980.060562866021,1355345.370782553
2.0,C010789,2.0,[],1355345.370782553,1355.3453707825531,413.26,1779121800000,,1332.0927001179637,406.17,BASIS_CONVERGED,1779132600000,,0.0,False,6947255.456395106,2710690.741565106,6559.286506231201,,406.17,BASIS_CONVERGED,1779132600000,1074,46505.34132917905,,6559.286506231201,,158.5483316133471,V50_POST_OPEN_BASIS,USD,SHORT,,V52,TSLAUSDT,43817.90325827853,1399163.2740408315
0.5,C010794,0.5,[],1399163.2740408315,349.7908185102079,0.10472,1779134400000,,347.95001836005997,0.10416890322580645,V12_STOP,1779145200000,,0.0,False,473085.9396948356,699581.6370204157,6680496.915779372,,0.10416890322580645,V12_STOP,1779145200000,1075,3681.6003002959283,,6680496.915779372,1,158.5483316133471,,USD,SHORT,dbf84542311c15f69508f91a0e7311ff7e686d96,V12,DOGEUSDT,2983.8594634256606,1400767.4022551058
1.0,C010795,1.0,[],1398813.4832223214,699.4067416111607,4.748,1779134400000,,698.8811934304517,4.744432258064516,V12_STOP,1779145200000,,0.0,False,-55046.644748232706,1398813.4832223214,294611.0958766473,,4.744432258064516,V12_STOP,1779145200000,1076,1051.0963614180228,,294611.0958766473,2,158.5483316133471,,USD,SHORT,dbf84542311c15f69508f91a0e7311ff7e686d96,V12,INJUSDT,-347.19157362358965,1401119.6174230934
2.0280540783681333,C010802,2.5,[],1440119.663788513,1460.3202787422197,0.1938,1779152400000,,1449.017490207063,0.1923,Q102_TIME_EXIT,1779195600000,PB,436.5890451513117,False,3196397.6185791786,2920640.557484439,15070384.713541998,,0.1923,Q102_TIME_EXIT,1779195600000,1078,22605.577070313015,,15070384.713541998,,158.7654532967033,,USD,SHORT,dbf84542311c15f69508f91a0e7311ff7e686d96,Q102,FETUSDT,20132.828346515045,1420974.8430190827
1.4598578491887468,C010840,1.4598578491887468,[],1484234.1328306748,1083.3854244233569,49.623,1779274800000,,1124.0122608803529,51.48385714285714,HYPE_TAKE_PROFIT,1779285600000,,-4.516238079879965,False,12576618.605657183,2166770.8488467135,43664.648426066815,,51.48385714285714,HYPE_TAKE_PROFIT,1779285600000,1079,81253.67291399231,,43664.648426066815,,159.11359724612737,HYPE_TREND_LONG,USD,LONG,123df49950e3d5aba61e2d50e9ee1a37fae620d7,HYPE_LONG,HYPEUSDT,79041.75899060872,1499595.951909876
1.0,C010797,1.0,[],1360649.0150807283,680.3245075403642,0.008428,1779138000000,RECOVERY_V8,747.1412858829675,0.00925574,RECOVERY_V8_TRAILING_STOP,1779303600000,,-772.751128462732,False,20912831.48781443,1360649.0150807283,161443879.34038067,,0.00925574,RECOVERY_V8_TRAILING_STOP,1779303600000,1077,133633.55668520677,,161443879.34038067,,159.11359724612737,RECOVERY_V8,USD,LONG,dbf84542311c15f69508f91a0e7311ff7e686d96,PENGU,PENGUUSDT,131433.33976332072,1631333.996478098
1.2393923236370588,C010845,1.2393923236370588,[],1574828.7996824936,975.9153626845228,51.244,1779285600000,,1019.6469313693334,53.540285714285716,HYPE_TAKE_PROFIT,1779318000000,,-198.7939060542917,False,13567422.504674062,1951830.7253690457,38088.961153872566,,53.540285714285716,HYPE_TAKE_PROFIT,1779318000000,1080,87463.13736962115,,38088.961153872566,,159.11359724612737,HYPE_TREND_LONG,USD,LONG,123df49950e3d5aba61e2d50e9ee1a37fae620d7,HYPE_LONG,HYPEUSDT,85268.78116951301,1717676.650200591
0.5,C010872,0.5,[],1717676.650200591,429.41916255014775,0.10365,1779321600000,,432.89925996010555,0.10449,Q102_PREEMPT:PB:V12_R1,1779325200000,,0.0,False,-1244049.347381642,858838.3251002955,8285946.214185195,,0.10383541935483871,V12_STOP,1779332400000,1081,-6960.19481991551,,8285946.214185195,1,159.0344827586207,,USD,SHORT,dbf84542311c15f69508f91a0e7311ff7e686d96,V12,DOGEUSDT,-7822.513242425764,1709854.136958165
2.5,C010874,2.5,[],1709854.136958165,2137.317671197706,0.1923,1779325200000,,2120.645926492576,0.1908,Q102_TIME_EXIT,1779368400000,PB,646.4469009414279,False,4728408.901886773,4274635.342395413,22228992.940173753,,0.1908,Q102_TIME_EXIT,1779368400000,1082,33343.489410260656,,22228992.940173753,,159.0344827586207,,USD,SHORT,dbf84542311c15f69508f91a0e7311ff7e686d96,Q102,FETUSDT,29731.972713511797,1739586.1096716772
1.0,C010915,1.0,[],1739586.1096716772,869.7930548358387,0.2068,1779426000000,,874.1420201100177,0.207834,FET_PROFIT_FLOOR_STOP,1779462000000,,-167.90486812936047,False,1079959.0178715303,1739586.1096716772,8411925.095124165,,0.207834,FET_PROFIT_FLOOR_STOP,1779462000000,1083,8697.930548358212,,8411925.095124165,,159.1430295715148,,USD,LONG,dbf84542311c15f69508f91a0e7311ff7e686d96,FET,FETUSDT,6786.090605282994,1746372.2002769602
1.0,C011004,1.0,[],1746372.2002769602,873.1861001384801,0.008819,1779548400000,RECOVERY_V8,903.9431621803234,0.00912964,RECOVERY_V8_TRAILING_STOP,1779573600000,,-177.37985014152247,False,9478685.425304364,1746372.2002769602,198023834.93332124,,0.00912964,RECOVERY_V8_TRAILING_STOP,1779573600000,1084,61514.124083686744,,198023834.93332124,,159.14618369987065,RECOVERY_V8,USD,LONG,dbf84542311c15f69508f91a0e7311ff7e686d96,PENGU,PENGUUSDT,59559.614971226416,1804792.4733871736
0.9074187999849345,C011037,0.9074187999849345,[],1876772.529365922,851.5093382209576,60.298,1779588000000,,904.7470804843398,64.06792857142857,HYPE_TAKE_PROFIT,1779616800000,,264.957371068258,False,16707832.46784248,1703018.676441915,28243.36920697063,,64.06792857142857,HYPE_TAKE_PROFIT,1779616800000,1086,106475.48452676431,,28243.36920697063,,159.14618369987065,HYPE_TREND_LONG,USD,LONG,123df49950e3d5aba61e2d50e9ee1a37fae620d7,HYPE_LONG,HYPEUSDT,104984.18547912726,1910217.2668510631
1.25,C011015,1.25,[],1822946.977620542,1139.3418610128388,0.9971,1779570000000,,1077.1813984322566,0.9427,Q102_TIME_EXIT,1779656400000,REV,657.5754229020845,False,19537100.194663525,2278683.7220256776,2285311.1242861073,,0.9427,Q102_TIME_EXIT,1779656400000,1085,124320.92516116424,,2285311.1242861073,,159.14618369987065,,USD,SHORT,dbf84542311c15f69508f91a0e7311ff7e686d96,Q102,APTUSDT,122761.97732462123,2033677.9780519349
1.0,C011062,1.0,[],2033677.9780519349,1016.8389890259674,0.2,1779663600000,,1032.091573861357,0.203,OVERLAY_HOLD,1779706800000,,307.6192151550808,False,-5131904.3918463895,2033677.9780519349,10168389.890259674,,0.203,OVERLAY_HOLD,1779706800000,1087,-30505.169670779047,,10168389.890259674,0,159.14618369987065,IDLE_JUP_RELATIVE_SHORT,USD,SHORT,53eeff5417636369d4709fddfd47d7916ddcf3b1,IDLE,JUPUSDT,-32246.48101851129,2001431.4970334233
1.0,C011088,1.0,[],2001431.4970334233,1000.7157485167116,0.2271,1779728400000,,1128.0635474252674,0.256,FET_24H_TIME_EXIT,1779814800000,,-658.9587618782933,False,40035240.376070775,2001431.4970334233,8812996.4642599,,0.256,FET_24H_TIME_EXIT,1779814800000,1088,254695.5978171112,,8812996.4642599,,158.92811131151765,,USD,LONG,dbf84542311c15f69508f91a0e7311ff7e686d96,FET,FETUSDT,251907.85975929096,2253339.356792714
2.0,C011183,2.0,[],2248666.6437672055,2248.6666437672056,609.39,1779895800000,,2270.179511607444,615.22,BASIS_CONVERGED,1779899400000,,0.0,False,6130519.234862844,4497333.287534411,7380.0575781263415,,615.22,BASIS_CONVERGED,1779899400000,1090,43025.73568047687,,7380.0575781263415,,159.2057761732852,V50_POST_OPEN_BASIS,USD,LONG,,V52,METAUSDT,38506.889525102226,2288971.0140330293
2.0,C011167,2.0,[],2253339.356792714,2253.339356792714,0.2431,1779858000000,,2219.043364936963,0.2394,Q102_TIME_EXIT,1779901200000,PB,-621.892927995126,False,-11731278.114910107,4506678.713585428,18538373.97608156,,0.2394,Q102_TIME_EXIT,1779901200000,1089,-68591.98371150195,,18538373.97608156,,159.2057761732852,,USD,LONG,dbf84542311c15f69508f91a0e7311ff7e686d96,Q102,FETUSDT,-73686.25936122675,2218159.9869565903
1.0,C011202,1.0,[],2373908.341224871,1186.9541706124355,80.82,1779940800000,,1190.7726324332625,81.08,Q102_PREEMPT:PB:V12_R1,1779944400000,,0.0,False,-1596560.9267858502,2373908.341224871,29372.783237130305,,80.31903225806452,V12_STOP,1779951600000,1092,-7636.92364165403,,29372.783237130305,1,159.42253158030422,,USD,SHORT,dbf84542311c15f69508f91a0e7311ff7e686d96,V12,AAVEUSDT,-10014.650444699728,2207332.911105961
1.0,C011186,1.0,[],2218159.9869565903,1109.0799934782951,2.167,1779904800000,,1019.5142348909849,1.992,OVERLAY_HOLD,1779948000000,,296.6545875495417,False,28265547.49855697,2218159.9869565903,1023608.6695692618,,1.992,OVERLAY_HOLD,1779948000000,1091,179131.51717462065,,1023608.6695692618,0,159.42253158030422,IDLE_RENDER_RELATIVE_SHORT,USD,SHORT,53eeff5417636369d4709fddfd47d7916ddcf3b1,IDLE,RENDERUSDT,177299.5775338009,2383069.709312775
2.0,C011208,2.0,[],2375204.7329153195,2375.2047329153197,0.2217,1779944400000,,2415.9164062805794,0.2255,Q102_TIME_EXIT,1779987600000,PB,-713.5256437174572,False,12103151.339933058,4750409.465830639,21427196.50803175,,0.2255,Q102_TIME_EXIT,1779987600000,1093,81423.3467305206,,21427196.50803175,,159.42253158030422,,USD,LONG,dbf84542311c15f69508f91a0e7311ff7e686d96,Q102,FETUSDT,75918.69994760725,2460452.0455387607
0.9796418590367892,C011227,1.0,[],2320514.616147314,1136.6366262422982,80.5,1779969600000,,1107.8151105398897,78.45877419354838,V12_STOP,1779987600000,,225.0681717056178,False,8867662.754342742,2273273.2524845963,28239.419285522938,,78.45877419354838,V12_STOP,1779987600000,1094,57643.03140481701,,28239.419285522938,1,159.42253158030422,,USD,SHORT,dbf84542311c15f69508f91a0e7311ff7e686d96,V12,AAVEUSDT,55623.64783974045,2516987.2618330377
1.0,C011241,1.0,[],2516987.2618330377,1258.493630916519,0.1743,1779987600000,,1272.9341774560085,0.1763,OVERLAY_HOLD,1780030800000,,381.88025323680256,False,-4948020.892711935,2516987.2618330377,14440546.5394896,,0.1763,OVERLAY_HOLD,1780030800000,1095,-28881.093078979226,,14440546.5394896,0,159.45596969957822,IDLE_JUP_RELATIVE_SHORT,USD,SHORT,53eeff5417636369d4709fddfd47d7916ddcf3b1,IDLE,JUPUSDT,-31030.640634114952,2483988.129457485
0.9726677722678705,C011253,1.0,[],2486435.497824206,1209.2378382782122,81.15,1780012800000,,1205.3423586044078,80.8885806451613,V12_STOP,1780034400000,,241.51973977588742,False,895807.5152592579,2418475.6765564242,29802.534523184524,,80.8885806451613,V12_STOP,1780034400000,1097,7790.959347609215,,29802.534523184524,1,159.45596969957822,,USD,SHORT,dbf84542311c15f69508f91a0e7311ff7e686d96,V12,AAVEUSDT,5617.898890502482,2490573.74644649
1.0,C011267,1.0,[],2497112.286604811,1248.5561433024054,2.477,1780056000000,,1222.3840572948843,2.425077419354839,V12_STOP,1780066800000,,0.0,False,7952584.541024257,2497112.286604811,1008119.6151008523,,2.425077419354839,V12_STOP,1780066800000,1099,52344.17201504276,,1008119.6151008523,1,159.45596969957822,,USD,SHORT,dbf84542311c15f69508f91a0e7311ff7e686d96,V12,NEARUSDT,49873.23181444547,2539234.5185444066
0.9581701860450833,C011263,0.9581701860450833,[],2497145.9688910614,1196.345408797039,62.845,1780041600000,,1266.9529443921017,66.55407142857143,HYPE_TAKE_PROFIT,1780070400000,,-118.4028828647597,False,22105918.438746814,2392690.817594078,38072.89072470488,,66.55407142857143,HYPE_TAKE_PROFIT,1780070400000,1098,141215.07119012522,,38072.89072470488,,159.45596969957822,HYPE_TREND_LONG,USD,LONG,123df49950e3d5aba61e2d50e9ee1a37fae620d7,HYPE_LONG,HYPEUSDT,138633.36995407133,2679182.6367901396
0.11439460358677023,C011271,1.0,[],2540990.8302224632,145.33781937045842,81.34,1780063200000,,143.97167130430893,80.57541935483871,V12_STOP,1780074000000,,29.59288129350298,False,394267.56548616634,290675.63874091685,3573.58788715167,,80.57541935483871,V12_STOP,1780074000000,1100,2732.2961322989895,,3573.58788715167,1,159.45596969957822,,USD,SHORT,dbf84542311c15f69508f91a0e7311ff7e686d96,V12,AAVEUSDT,2472.579522917725,2680556.8304668195
2.0,C011279,2.0,[],2641226.395444251,2641.226395444251,446.61,1780075800000,,2629.812484105035,444.68,TIME_OR_SESSION_FLAT,1780083000000,,0.0,False,2799533.9854568057,5282452.790888502,11827.887398151635,,444.68,TIME_OR_SESSION_FLAT,1780083000000,1102,22827.822678432738,,11827.887398151635,,159.45596969957822,V50_POST_OPEN_BASIS,USD,SHORT,,V52,MSFTUSDT,17556.783798883454,2698113.6142657027
1.0,C011285,1.0,[],2631279.559848474,1315.639779924237,2.364,1780092000000,,1326.0128035697833,2.382638709677419,V12_STOP,1780102800000,,265.24277458201834,False,-3682634.549292226,2631279.559848474,1113062.4195636522,,2.382638709677419,V12_STOP,1780102800000,1103,-20746.047291092684,,1113062.4195636522,1,159.26657506011676,,USD,SHORT,dbf84542311c15f69508f91a0e7311ff7e686d96,V12,NEARUSDT,-23122.457100004685,2675497.0602945634
0.9507179452506996,C011277,0.9507179452506996,[],2621667.5998167866,1246.2332168140745,65.607,1780070400000,,1320.3968052280475,69.51128571428572,HYPE_TAKE_PROFIT,1780189200000,,673.6540480735148,False,23322073.641678218,2492466.433628149,37990.86124389393,,69.51128571428572,HYPE_TAKE_PROFIT,1780189200000,1101,148327.1768279461,,37990.86124389393,,159.26657506011676,HYPE_TREND_LONG,USD,LONG,123df49950e3d5aba61e2d50e9ee1a37fae620d7,HYPE_LONG,HYPEUSDT,146434.20085397747,2823828.2607818567
0.9998953837974964,C011327,1.0,[],2709305.2806556914,1354.5109217129032,74021.4,1780192800000,,1353.2380377416143,73951.83935483871,V12_STOP,1780203600000,,0.0,False,-25798.161782749874,2709021.843425806,36.597819595762935,,73951.83935483871,V12_STOP,1780203600000,1105,2545.767942577548,,36.597819595762935,1,159.26657506011676,,USD,SHORT,dbf84542311c15f69508f91a0e7311ff7e686d96,V12,BTCUSDT,-161.9810168769693,2821262.9476003596
1.0,C011340,1.0,[],2712333.1744164135,1356.1665872082067,2020.14,1780221600000,,1354.4480434594395,2017.580064516129,V12_STOP,1780232400000,,0.0,False,115702.84538000428,2712333.1744164135,1342.6461405726402,,2017.580064516129,V12_STOP,1780232400000,1106,3437.0874975346023,,1342.6461405726402,1,159.26657506011676,,USD,SHORT,dbf84542311c15f69508f91a0e7311ff7e686d96,V12,ETHUSDT,726.4728668669561,2822610.4993599737
0.02104764815443083,C011339,1.0,[],2710977.007829205,28.529845107770395,1.988,1780221600000,,28.434572794484563,1.9813612903225806,V12_STOP,1780232400000,,0.0,False,21274.862330592234,57059.69021554079,28702.057452485307,,1.9813612903225806,V12_STOP,1780232400000,1107,190.54462657166235,,28702.057452485307,2,159.26657506011676,,USD,SHORT,dbf84542311c15f69508f91a0e7311ff7e686d96,V12,ATOMUSDT,133.5802086694074,2822772.609413751
1.0,C011247,1.0,[],2495607.2384512643,1247.8036192256322,0.007741,1779998400000,SHORT_V20,1262.6334775086393,0.007833,SHORT_MAX_HOLD,1780257600000,,2293.6148969900014,False,-4758334.003873171,2495607.2384512643,322388223.54363316,,0.007833,SHORT_MAX_HOLD,1780257600000,1096,-29659.716566014275,,322388223.54363316,,159.26657506011676,SHORT_V20,USD,SHORT,dbf84542311c15f69508f91a0e7311ff7e686d96,PENGU,PENGUUSDT,-29876.538765758545,2793292.5871141427
1.1387573430504099,C011325,1.1387573430504099,[],2736138.6639779885,1557.8989976045361,69.438,1780189200000,,1626.8936174733099,72.84664285714285,HYPE_TAKE_PROFIT,1780268400000,,1747.9321103297873,False,21748229.756718222,3115797.9952090723,44871.65522061511,,72.84664285714285,HYPE_TAKE_PROFIT,1780268400000,1104,137989.23973754773,"[{""cause"": ""V12"", ""fraction"": 0.09128856233062518, ""quantity"": 4096.268894485445, ""ts"": 1780192800000}]",40775.386326129665,,159.26657506011676,HYPE_TREND_LONG,USD,LONG,123df49950e3d5aba61e2d50e9ee1a37fae620d7,HYPE_LONG,HYPEUSDT,136552.3792327997,2930796.1414594143
2.0,C011387,2.0,[],2863179.5368724572,2863.1795368724574,266.41,1780327800000,,2824.8117918680095,262.84,BASIS_CONVERGED,1780338600000,,0.0,False,11315491.781376325,5726359.0737449145,21494.535016496804,,262.84,BASIS_CONVERGED,1780338600000,1109,76735.49000889466,,21494.535016496804,,159.26657506011676,V50_POST_OPEN_BASIS,USD,SHORT,,V52,AMZNUSDT,71047.4986801542,3001945.504700868
1.2479745030975948,C011359,1.2479745030975948,[],2930796.1414594143,1828.7794291590803,72.532,1780268400000,,1910.1197074578904,75.75807142857143,HYPE_TAKE_PROFIT,1780358400000,,1559.1520526752524,False,25597991.03475061,3657558.8583181608,50426.830341341214,,75.75807142857143,HYPE_TAKE_PROFIT,1780358400000,1108,162680.55659761978,,50426.830341341214,,159.48823630431048,HYPE_TREND_LONG,USD,LONG,123df49950e3d5aba61e2d50e9ee1a37fae620d7,HYPE_LONG,HYPEUSDT,160500.80951367808,3162344.449653247
1.0,C011414,1.0,[],3162344.449653247,1581.1722248266235,0.10106,1780358400000,,1544.7173338326986,0.09873,OVERLAY_HOLD,1780401600000,,-80.59830937815492,False,-12139649.633378353,3162344.449653247,31291751.926115643,,0.09873,OVERLAY_HOLD,1780401600000,1110,-72909.7819878494,,31291751.926115643,1,159.48823630431048,DOGE_REL_VOL,USD,LONG,53eeff5417636369d4709fddfd47d7916ddcf3b1,RESIDUAL,DOGEUSDT,-76116.26985588689,3086228.17979736
1.0,C011453,1.0,[],3086228.17979736,1543.11408989868,75.32,1780416000000,,1541.8372596767952,75.25767741935485,V12_STOP,1780426800000,,0.0,False,-84734.64953147326,3086228.17979736,40974.882896937874,,75.25767741935485,V12_STOP,1780426800000,1111,2553.660443769759,,40974.882896937874,1,159.48823630431048,,USD,SHORT,dbf84542311c15f69508f91a0e7311ff7e686d96,V12,AAVEUSDT,-531.2909058057164,3085696.8888915544
1.0,C011472,1.0,[],3085696.8888915544,1542.8484444457772,0.2158,1780430400000,,1500.7774687460856,0.20991548387096776,V12_STOP,1780448400000,,304.4230155908304,False,13003895.157263871,3085696.8888915544,14298873.442500252,,0.20991548387096776,V12_STOP,1780448400000,1112,84141.95139938343,,14298873.442500252,1,159.7476178212722,,USD,SHORT,dbf84542311c15f69508f91a0e7311ff7e686d96,V12,ADAUSDT,81402.7485017824,3165136.5757939406
1.0,C011480,1.0,[],3089873.5898241084,1544.9367949120542,75.6,1780437600000,,1490.1520546500808,72.91916129032258,V12_STOP,1780448400000,,-418.12480448426015,False,16951820.84455301,3089873.5898241084,40871.34378074218,,72.91916129032258,V12_STOP,1780448400000,1113,109569.48052394699,,40871.34378074218,1,159.7476178212722,,USD,SHORT,dbf84542311c15f69508f91a0e7311ff7e686d96,V12,SOLUSDT,106116.26686990059,3273215.9042632375
1.0,C011497,1.0,[],3283646.4517185283,1641.823225859264,1863.49,1780452000000,,1604.6870732799814,1821.34,V12_STOP,1780462800000,,0.0,False,11346201.532655794,3283646.4517185283,1762.0950215555374,,1821.34,V12_STOP,1780462800000,1115,74272.30515856606,,1762.0950215555374,1,159.7476178212722,,USD,SHORT,dbf84542311c15f69508f91a0e7311ff7e686d96,V12,ETHUSDT,71025.79485942681,3340909.5161571573
1.0,C011506,1.0,[],3391150.026752105,1695.5750133760525,1.1973,1780459200000,,1700.1743536213546,1.200547741935484,V12_STOP,1780470000000,,0.0,False,-2011930.1675689453,3391150.026752105,2832331.100603111,,1.200547741935484,V12_STOP,1780470000000,1116,-9198.680490604102,,2832331.100603111,1,159.7476178212722,,USD,SHORT,dbf84542311c15f69508f91a0e7311ff7e686d96,V12,XRPUSDT,-12594.429857601508,3328616.2815832607
0.8718936534781694,C011513,1.0,[],3198508.7266286374,1394.379729671025,74.7,1780466400000,,1397.9263447799606,74.89,V12_STOP,1780477200000,,-104.84301614638377,False,-1595939.2956587924,2788759.45934205,37332.7906203755,,74.89,V12_STOP,1780477200000,1117,-7093.23021787126,,37332.7906203755,2,159.7476178212722,,USD,SHORT,dbf84542311c15f69508f91a0e7311ff7e686d96,V12,SOLUSDT,-9990.37930846863,3318937.540493618
1.0,C011519,1.0,[],3236426.9701099293,1618.2134850549646,1877.43,1780473600000,,1615.8583582878466,1874.697612903226,V12_STOP,1780484400000,,200.30673276856606,False,267815.03198485676,3236426.9701099293,1723.8602611601652,,1874.697612903226,V12_STOP,1780484400000,1118,4710.253534235698,,1723.8602611601652,1,159.7476178212722,,USD,SHORT,dbf84542311c15f69508f91a0e7311ff7e686d96,V12,ETHUSDT,1676.4884236614523,3321059.780178863
0.33883617625953644,C011530,0.5,[],3208591.1395887565,543.5933764592414,0.09394,1780488000000,,544.0297982364093,0.09401541935483872,V12_STOP,1780498800000,,0.0,False,-313179.88978065446,1087186.7529184828,11573203.671689194,,0.09401541935483872,V12_STOP,1780498800000,1121,-872.843554335917,,11573203.671689194,2,159.7476178212722,,USD,SHORT,dbf84542311c15f69508f91a0e7311ff7e686d96,V12,DOGEUSDT,-1960.4667290315676,3317592.0058411197
1.376112875757256,C011545,2.0,[],3031919.814006866,2086.131947159197,433.12,1780500600000,,2042.4942591252518,424.06,BASIS_CONVERGED,1780504200000,,0.0,False,13282495.219972732,4172263.8943183934,9633.043716102682,,424.06,BASIS_CONVERGED,1780504200000,1122,87275.37606789032,,9633.043716102682,,159.7476178212722,V50_POST_OPEN_BASIS,USD,SHORT,,V52,TSLAUSDT,83146.74986160587,3400681.7863313197
1.0,C011531,1.0,[],3210196.2377076102,1605.098118853805,75.07,1780488000000,,1570.926579516115,73.4718064516129,V12_STOP,1780509600000,,-154.7178601174297,False,10385565.823669517,3210196.2377076102,42762.70464509938,,73.4718064516129,V12_STOP,1780509600000,1120,68343.07867538035,,42762.70464509938,1,159.7476178212722,,USD,SHORT,dbf84542311c15f69508f91a0e7311ff7e686d96,V12,SOLUSDT,65012.33611689302,3467453.938427184
0.2331030706662105,C011546,1.0,[],3172377.8893146124,369.7455136564139,633.61,1780502400000,,363.5154934487216,622.934,V12_STOP,1780513200000,,23.189778850621057,False,1877029.5871173677,739491.0273128278,1167.107569818702,,622.934,V12_STOP,1780513200000,1123,12460.040415384514,,1167.107569818702,1,159.7476178212722,,USD,SHORT,dbf84542311c15f69508f91a0e7311ff7e686d96,V12,BNBUSDT,11749.96918713,3477945.9198531876
1.0,C011557,1.0,[],3209086.991864506,1604.543495932253,1827.62,1780509600000,,1581.0580502780117,1800.8694193548388,V12_STOP,1780520400000,,0.0,False,6994595.73513714,3209086.991864506,1755.883056578778,,1800.8694193548388,V12_STOP,1780520400000,1124,46970.89130848258,,1755.883056578778,2,159.7476178212722,,USD,SHORT,dbf84542311c15f69508f91a0e7311ff7e686d96,V12,ETHUSDT,43785.28976227232,3522671.396557573
0.45735399536585897,C011562,1.0,[],3360387.6505355784,768.4433589752692,71.95,1780516800000,,759.6931406645006,71.13070967741935,V12_STOP,1780527600000,,0.0,False,2551536.8955995766,1536886.7179505385,21360.482528846955,,71.13070967741935,V12_STOP,1780527600000,1125,17500.43662153749,,21360.482528846955,2,159.7476178212722,,USD,SHORT,dbf84542311c15f69508f91a0e7311ff7e686d96,V12,SOLUSDT,15972.30012189772,3538190.070054496
1.0,C011493,1.0,[],3273215.9042632375,1636.6079521316187,1.085,1780448400000,,1615.4904301686302,1.071,OVERLAY_HOLD,1780534800000,,1004.8923665530733,False,6392407.427598866,3273215.9042632375,3016788.8518555183,,1.071,OVERLAY_HOLD,1780534800000,1114,42235.04392597729,,3016788.8518555183,0,159.85879111417256,IDLE_DOT_MOMENTUM_SHORT_BTCREL,USD,SHORT,53eeff5417636369d4709fddfd47d7916ddcf3b1,IDLE,DOTUSDT,39987.83791023011,3578173.0639476827
0.768523463434768,C011568,1.0,[],3180306.2420192133,1222.0699839499086,629.82,1780524000000,,1209.16867262021,623.1710322580644,V12_STOP,1780534800000,,0.0,False,3736121.193357023,2444139.967899817,3880.696020926323,,623.1710322580644,V12_STOP,1780534800000,1126,25802.622659397042,,3880.696020926323,1,159.85879111417256,,USD,SHORT,dbf84542311c15f69508f91a0e7311ff7e686d96,V12,BNBUSDT,23371.384002826922,3602766.5179344597
0.6448394079092852,C011576,1.0,[],3338229.6815983406,1076.3110256735379,64115.4,1780531200000,,1045.3380204933837,62270.350967741935,V12_STOP,1780542000000,,0.0,False,9563450.078856073,2152622.0513470755,33.57418110698951,,62270.350967741935,V12_STOP,1780542000000,1127,61946.01036030806,,33.57418110698951,2,159.85879111417256,,USD,SHORT,dbf84542311c15f69508f91a0e7311ff7e686d96,V12,BTCUSDT,59824.36131414113,3663667.1902742744
1.0,C011590,1.0,[],3524649.633746344,1762.324816873172,619.33,1780545600000,,1717.381895889495,603.5358064516129,V12_STOP,1780556400000,,0.0,False,13812780.326646749,3524649.633746344,5691.068790057552,,603.5358064516129,V12_STOP,1780556400000,1128,89885.84196735457,,5691.068790057552,1,159.85879111417256,,USD,SHORT,dbf84542311c15f69508f91a0e7311ff7e686d96,V12,BNBUSDT,86406.1352545919,3748297.519406236
1.0,C011596,1.0,[],3759955.5162171596,1879.9777581085798,0.1972,1780552800000,,1798.0339523398152,0.18860451612903226,V12_STOP,1780570800000,,371.2288737360452,False,25670257.152224597,3759955.5162171596,19066711.542683367,,0.18860451612903226,V12_STOP,1780570800000,1129,163887.61153752913,,19066711.542683367,2,159.85879111417256,,USD,SHORT,dbf84542311c15f69508f91a0e7311ff7e686d96,V12,ADAUSDT,160580.82870081678,3908940.6330793872
1.0,C011603,1.0,[],3826781.6292770742,1913.3908146385372,1776.12,1780560000000,,1886.3743356687714,1751.0417419354837,V12_STOP,1780570800000,,0.0,False,8030217.47309049,3826781.6292770742,2154.5738065429555,,1751.0417419354837,V12_STOP,1780570800000,1130,54032.95793953113,,2154.5738065429555,1,159.85879111417256,,USD,SHORT,dbf84542311c15f69508f91a0e7311ff7e686d96,V12,ETHUSDT,50233.192789223824,3961087.2166832495
1.0,C011617,1.0,[],4126223.576942255,2063.1117884711275,595.78,1780574400000,,2066.9298876466155,596.8825806451613,V12_STOP,1780585200000,,0.0,False,-1880936.906690481,4126223.576942255,6925.750406093281,,596.8825806451613,V12_STOP,1780585200000,1131,-7636.198350976539,,6925.750406093281,1,159.85879111417256,,USD,SHORT,dbf84542311c15f69508f91a0e7311ff7e686d96,V12,BNBUSDT,-11766.240027094282,3947348.274047093
0.9994997498749376,C011618,1.0,[],4124160.4651537836,2061.0486766826566,62517.7,1780574400000,,2062.7632389217247,62569.70774193548,V12_STOP,1780585200000,,0.0,False,-1207403.2812655978,4122097.3533653133,65.9348848944429,,62569.70774193548,V12_STOP,1780585200000,1132,-3429.1244781361397,,65.9348848944429,2,159.85879111417256,,USD,SHORT,dbf84542311c15f69508f91a0e7311ff7e686d96,V12,BTCUSDT,-7552.936393740521,3941856.386330035
1.0,C011629,1.0,[],4024990.1019398766,2012.4950509699383,0.1886,1780588800000,,1996.0897018560552,0.18706258064516126,V12_STOP,1780599600000,,402.9258384126451,False,4668682.279074436,4024990.1019398766,21341410.932873152,,0.18706258064516126,V12_STOP,1780599600000,1133,32810.69822776598,,21341410.932873152,1,159.85879111417256,,USD,SHORT,dbf84542311c15f69508f91a0e7311ff7e686d96,V12,ADAUSDT,29205.03931335263,3969153.2355358
1.0,C011636,1.0,[],4002271.7275628876,2001.1358637814437,7.759,1780596000000,,2001.0426828274867,7.758638709677419,V12_STOP,1780606800000,,0.0,False,-609991.8349750558,4002271.7275628876,515823.1379769155,,7.758638709677419,V12_STOP,1780606800000,1134,186.3619079143825,,515823.1379769155,1,159.85879111417256,,USD,SHORT,dbf84542311c15f69508f91a0e7311ff7e686d96,V12,AVAXUSDT,-3815.8166386945477,3965397.736171639
1.0,C011642,1.0,[],4065794.382076797,2032.8971910383987,1.1746,1780603200000,,2008.8893901647905,1.1607283870967742,V12_STOP,1780614000000,,0.0,False,7029600.933116878,4065794.382076797,3461428.8967110477,,1.1607283870967742,V12_STOP,1780614000000,1135,48015.60174721602,,3461428.8967110477,2,159.85879111417256,,USD,SHORT,dbf84542311c15f69508f91a0e7311ff7e686d96,V12,XRPUSDT,43973.81516601283,4009295.2764185765
1.0,C011645,1.0,[],4218344.220227578,2109.172110113789,0.1799,1780610400000,,1922.0992582944302,0.16394378387096775,V12_TAKE_PROFIT,1780628400000,,421.8344220227578,False,59212586.7417875,4218344.220227578,23448272.485978752,,0.16394378387096775,V12_TAKE_PROFIT,1780628400000,1136,374145.70363871736,,23448272.485978752,1,159.8024054982818,,USD,SHORT,dbf84542311c15f69508f91a0e7311ff7e686d96,V12,ADAUSDT,370536.2666923319,4380357.841367127
0.997219627840999,C011654,1.0,[],4190279.891937428,2089.314677193732,71.29,1780617600000,,2066.6611093970832,70.51703225806452,V12_STOP,1780628400000,,417.21817568424706,False,6642726.7942479905,4178629.354387464,58614.52313630893,,70.51703225806452,V12_STOP,1780628400000,1137,45307.13559329817,,58614.52313630893,2,159.8024054982818,,USD,SHORT,dbf84542311c15f69508f91a0e7311ff7e686d96,V12,AAVEUSDT,41568.3779823916,4423598.315851028
0.9994997498749374,C011666,1.0,[],4678095.583917718,2337.8776830084043,1729.02,1780632000000,,2278.835297585096,1685.354129032258,V12_STOP,1780642800000,,0.0,False,18132468.59420873,4675755.366016809,2704.2806711413455,,1685.354129032258,V12_STOP,1780642800000,1139,118084.77084661664,,2704.2806711413455,2,159.8024054982818,,USD,SHORT,dbf84542311c15f69508f91a0e7311ff7e686d96,V12,ETHUSDT,113468.05786602313,4534810.533709809
0.6,C011522,0.6,[],3240518.302342811,972.1554907028433,0.10314,1780477200000,,818.6691613388226,0.086856,Q102_TRAIL_5_AFTER_12,1780646400000,HIGH_VOL,1145.9068414456804,False,48951909.869462214,1944310.9814056866,18851182.67796865,,0.086856,Q102_TRAIL_5_AFTER_12,1780646400000,1119,306972.6587280414,,18851182.67796865,,159.8024054982818,,USD,SHORT,dbf84542311c15f69508f91a0e7311ff7e686d96,Q102,ENAUSDT,306327.7409174454,4841047.383649972
1.0,C011665,1.0,[],4680435.801818628,2340.217900909314,595.94,1780632000000,,2302.3184136854734,586.2888387096775,V12_STOP,1780646400000,,0.0,False,11370969.980357016,4680435.801818628,7853.870862534194,,586.2888387096775,V12_STOP,1780646400000,1138,75798.97444768206,,7853.870862534194,1,159.8024054982818,,USD,SHORT,dbf84542311c15f69508f91a0e7311ff7e686d96,V12,BNBUSDT,71156.43813308729,4914544.039683969
1.0,C011690,1.0,[],4914544.039683969,2457.2720198419843,1682.06,1780653600000,,2439.5373333742928,1669.920193548387,V12_STOP,1780664400000,,0.0,False,4885569.202679494,4914544.039683969,2921.741221885051,,1669.920193548387,V12_STOP,1780664400000,1140,35469.37293538354,,2921.741221885051,1,159.8024054982818,,USD,SHORT,dbf84542311c15f69508f91a0e7311ff7e686d96,V12,ETHUSDT,30572.56358216726,4942661.788518314
0.9994997498749376,C011691,1.0,[],4912086.767664127,2454.8147478221426,5.099,1780653600000,,2373.123736070984,4.929316129032259,V12_STOP,1780664400000,,0.0,False,25337324.187523477,4909629.495644285,962861.2464491636,,4.929316129032259,V12_STOP,1780664400000,1141,163382.02350231865,,962861.2464491636,2,159.8024054982818,,USD,SHORT,dbf84542311c15f69508f91a0e7311ff7e686d96,V12,INJUSDT,158554.0850184255,5103670.688284562
1.0,C011702,1.0,[],5193758.31509929,2596.879157549645,7.4,1780668000000,,2557.4754218408443,7.287716129032258,V12_STOP,1780678800000,,512.2168673458732,False,11851798.730730677,5193758.31509929,701859.2317701742,,7.287716129032258,V12_STOP,1780678800000,1143,78807.47141760081,,701859.2317701742,1,159.8024054982818,,USD,SHORT,dbf84542311c15f69508f91a0e7311ff7e686d96,V12,LINKUSDT,74165.3337055562,5172428.1653020475
0.9994997498749374,C011703,1.0,[],5191161.43594174,2594.282278392095,64.29,1780668000000,,2586.1336137913013,64.08806451612902,V12_STOP,1780678800000,,-509.2700802672518,False,1695126.9046835995,5188564.55678419,80705.62384172017,,64.08806451612902,V12_STOP,1780678800000,1144,16297.329201587307,,80705.62384172017,2,159.8024054982818,,USD,SHORT,dbf84542311c15f69508f91a0e7311ff7e686d96,V12,SOLUSDT,10607.643229136658,5186139.360889844
1.0,C011725,1.0,[],5332532.435724675,2666.2662178623373,576.36,1780682400000,,2588.377380471234,559.5229677419354,V12_STOP,1780693200000,,0.0,False,24053942.466075655,5332532.435724675,9252.086258110685,,559.5229677419354,V12_STOP,1780693200000,1145,155777.67478220575,,9252.086258110685,1,159.8024054982818,,USD,SHORT,dbf84542311c15f69508f91a0e7311ff7e686d96,V12,BNBUSDT,150523.03118387217,5334244.456668588
0.9994997498749374,C011726,1.0,[],5329866.1695068125,2663.599951644475,1593.31,1780682400000,,2585.685869668735,1546.7034193548386,V12_STOP,1780693200000,,0.0,False,24062866.942433212,5327199.903288949,3343.4798647400376,,1546.7034193548386,V12_STOP,1780693200000,1146,155828.16395147966,,3343.4798647400376,2,159.8024054982818,,USD,SHORT,dbf84542311c15f69508f91a0e7311ff7e686d96,V12,ETHUSDT,150578.87813016644,5487486.9347504
1.0,C011700,1.0,[],5103670.688284562,2551.835344142281,1.709,1780664400000,,2514.5059798335874,1.684,OVERLAY_HOLD,1780707600000,,683.1273668490892,False,11234422.481083559,5103670.688284562,2986349.144695472,,1.684,OVERLAY_HOLD,1780707600000,1142,74658.7286173872,,2986349.144695472,0,159.8625429553265,IDLE_RENDER_RELATIVE_SHORT,USD,SHORT,53eeff5417636369d4709fddfd47d7916ddcf3b1,IDLE,RENDERUSDT,70275.51466026042,5554177.1316597415
1.0,C011741,1.0,[],5502482.2897106595,2751.24114485533,61638.1,1780696800000,,2710.50705313561,60725.50387096774,V12_STOP,1780707600000,,69.29288647988871,False,12161659.35570869,5502482.2897106595,89.27079662920596,,60725.50387096774,V12_STOP,1780707600000,1147,81468.18343943942,,89.27079662920596,2,159.8625429553265,,USD,SHORT,dbf84542311c15f69508f91a0e7311ff7e686d96,V12,BTCUSDT,76075.72812792838,5632934.808046046
1.0,C011747,1.0,[],5620217.299990226,2810.108649995113,1.097,1780704000000,,2788.3794127615215,1.0885174193548386,V12_STOP,1780722000000,,-151.90062544429472,False,6028110.482605442,5620217.299990226,5123260.98449428,,1.0885174193548386,V12_STOP,1780722000000,1148,43458.47446718165,,5123260.98449428,2,159.8625429553265,,USD,SHORT,dbf84542311c15f69508f91a0e7311ff7e686d96,V12,XRPUSDT,37708.08577898073,5667057.235652143
1.0,C011757,1.0,[],6139340.600453137,3069.670300226569,62.77,1780718400000,,2956.00918970463,60.4458064516129,V12_STOP,1780729200000,,0.0,False,35377027.880032875,6139340.600453137,97806.92369687968,,60.4458064516129,V12_STOP,1780729200000,1150,227322.22104387716,,97806.92369687968,2,159.8625429553265,,USD,SHORT,dbf84542311c15f69508f91a0e7311ff7e686d96,V12,SOLUSDT,221296.54155394595,5889104.726372213
0.7927307841301858,C011765,1.0,[],5849958.600125573,2318.7211341033344,1566.32,1780725600000,,2316.0694708842157,1564.5287741935483,V12_STOP,1780736400000,,-327.2889823564276,False,54552.58935945444,4637442.268206669,2960.7246719742257,,1564.5287741935483,V12_STOP,1780736400000,1151,5303.326438238243,,2960.7246719742257,2,159.8625429553265,,USD,SHORT,dbf84542311c15f69508f91a0e7311ff7e686d96,V12,ETHUSDT,341.24685089426566,5889452.720957121
1.0,C011772,1.0,[],5990176.490541164,2995.088245270582,1.0918,1780732800000,,2956.3870801869784,1.0776922580645163,V12_STOP,1780750800000,,0.0,False,11422315.351333996,5990176.490541164,5486514.462851404,,1.0776922580645163,V12_STOP,1780750800000,1152,77402.33016720718,,5486514.462851404,1,159.8625429553265,,USD,SHORT,dbf84542311c15f69508f91a0e7311ff7e686d96,V12,XRPUSDT,71450.85484174962,5961054.263882564
0.9278587521390755,C011775,1.0,[],6131105.957710611,2844.4001615769093,5.264,1780740000000,,2801.259348752718,5.184161290322581,V12_STOP,1780750800000,,0.0,False,12890670.600488817,5688800.323153819,1080699.1495353,,5.184161290322581,V12_STOP,1780750800000,1153,86281.62564838305,,1080699.1495353,1,159.8625429553265,,USD,SHORT,dbf84542311c15f69508f91a0e7311ff7e686d96,V12,INJUSDT,80635.96613805342,6044534.6301821945
1.0,C011783,1.0,[],5991475.14631954,2995.7375731597704,62.38,1780754400000,,2961.6808062016134,61.670838709677426,V12_STOP,1780765200000,,-1014.6388545001727,False,9774231.942500507,5991475.14631954,96048.01452900833,,61.670838709677426,V12_STOP,1780765200000,1154,68113.53391631313,,96048.01452900833,1,159.8625429553265,,USD,SHORT,dbf84542311c15f69508f91a0e7311ff7e686d96,V12,SOLUSDT,61141.476682451575,6104792.082866185
0.5,C011787,0.5,[],6250244.65072007,1562.5611626800176,0.08163,1780761600000,,1548.0231251882121,0.08087051612903226,V12_STOP,1780772400000,,0.0,False,4150909.371704229,3125122.325360035,38283992.71542368,,0.08087051612903226,V12_STOP,1780772400000,1155,29076.0749836105,,38283992.71542368,1,159.8625429553265,,USD,SHORT,dbf84542311c15f69508f91a0e7311ff7e686d96,V12,DOGEUSDT,25965.49069574227,6132320.134724608
0.5,C011794,0.5,[],6379931.059416994,1594.9827648542487,41.12,1780776000000,,1591.0663784682235,41.01903225806451,V12_STOP,1780786800000,,0.0,False,742837.0556989943,3189965.529708497,77576.98272637397,,41.01903225806451,V12_STOP,1780786800000,1156,7832.772772050059,,77576.98272637397,1,159.8625429553265,,USD,SHORT,dbf84542311c15f69508f91a0e7311ff7e686d96,V12,LTCUSDT,4646.723628727586,6136966.858353335
1.25,C011751,1.25,[],5564795.4369522715,3477.9971480951695,0.6686,1780707600000,,3481.1182942047376,0.6692,Q102_TIME_EXIT,1780794000000,REV,2043.6224343414126,False,-1783711.920152746,6955994.296190339,10403820.365226353,,0.6692,Q102_TIME_EXIT,1780794000000,1149,-6242.2922191362795,,10403820.365226353,,159.8625429553265,,USD,SHORT,dbf84542311c15f69508f91a0e7311ff7e686d96,Q102,APTUSDT,-11157.785227094775,6127925.418264935
1.0,C011801,1.0,[],6127925.418264935,3063.9627091324674,580.18,1780797600000,,3060.0141832760723,579.4323225806452,V12_STOP,1780808400000,,0.0,False,283448.2496363327,6127925.418264935,10562.110755739486,,579.4323225806452,V12_STOP,1780808400000,1157,7897.051712790586,,10562.110755739486,1,159.8625429553265,,USD,SHORT,dbf84542311c15f69508f91a0e7311ff7e686d96,V12,BNBUSDT,1773.0748203820463,6124809.771998095
0.9994997498749374,C011802,1.0,[],6124861.455555802,3060.898746423335,1589.23,1780797600000,,3059.3919725728565,1588.447677419355,V12_STOP,1780808400000,,0.0,False,-496651.8391725985,6121797.49284667,3852.052561836027,,1588.447677419355,V12_STOP,1780808400000,1158,3013.547700956077,,3852.052561836027,2,159.8625429553265,,USD,SHORT,dbf84542311c15f69508f91a0e7311ff7e686d96,V12,ETHUSDT,-3106.7430180401147,6124763.927726478
1.0,C011813,1.0,[],6156788.423211643,3078.3942116058215,64.2,1780812000000,,3083.9966353996283,64.31683870967741,V12_STOP,1780822800000,,-1361.9492663469919,False,-2994095.5733642285,6156788.423211643,95900.13120267355,,64.31683870967741,V12_STOP,1780822800000,1160,-11204.847587614677,,95900.13120267355,2,159.8625429553265,,USD,SHORT,dbf84542311c15f69508f91a0e7311ff7e686d96,V12,SOLUSDT,-18729.18770096712,6101856.91333936
0.9744532178332395,C011818,1.0,[],6064202.644518766,2954.640890272076,1614.04,1780819200000,,2955.4809526222316,1614.4989032258065,V12_STOP,1780830000000,,-1588.1194785212408,False,-1467276.932408147,5909281.780544152,3661.174308284895,,1614.4989032258065,V12_STOP,1780830000000,1161,-1680.1247003121123,,3661.174308284895,1,159.8625429553265,,USD,SHORT,dbf84542311c15f69508f91a0e7311ff7e686d96,V12,ETHUSDT,-9178.36602172766,6094205.673406219
1.0,C011822,1.0,[],6031268.560413904,3015.6342802069516,593.23,1780826400000,,3011.502939642446,592.4172903225807,V12_STOP,1780837200000,,0.0,False,357379.734206886,6031268.560413904,10166.829999180592,,592.4172903225807,V12_STOP,1780837200000,1162,8262.68112901113,,10166.829999180592,2,159.8625429553265,,USD,SHORT,dbf84542311c15f69508f91a0e7311ff7e686d96,V12,BNBUSDT,2235.5439091617327,6099456.851595588
1.0,C011835,1.0,[],6150280.211150172,3075.140105575086,6.689,1780848000000,,3009.7367090810476,6.546735483870967,V12_STOP,1780866000000,,0.0,False,19938362.681744073,6150280.211150172,919461.8345268609,,6.546735483870967,V12_STOP,1780866000000,1163,130806.79298807668,,919461.8345268609,1,159.8625429553265,,USD,SHORT,dbf84542311c15f69508f91a0e7311ff7e686d96,V12,AVAXUSDT,124721.91617342054,6224539.28595303
1.0,C011866,1.0,[],6167906.343263696,3083.953171631848,5.647,1780934400000,,3206.63340205171,5.871638709677419,V12_STOP,1780952400000,,0.0,False,38218318.044179425,6167906.343263696,1092244.792502868,,5.871638709677419,V12_STOP,1780952400000,1164,245360.46083972423,,1092244.792502868,1,159.8625429553265,,USD,LONG,dbf84542311c15f69508f91a0e7311ff7e686d96,V12,INJUSDT,239069.87426604066,6464717.353328746
2.0,C011907,2.0,[],6550234.450067184,6550.234450067184,581.04,1781026200000,,6624.187255368784,587.6,BASIS_CONVERGED,1781033400000,,0.0,False,21552320.165101293,13100468.900134368,22546.586982194633,,587.6,BASIS_CONVERGED,1781033400000,1165,147905.61060319812,,22546.586982194633,,159.96533795493934,V50_POST_OPEN_BASIS,USD,LONG,,V52,METAUSDT,134731.18889776216,6600537.423594966
0.6,C011807,0.6,[],6092741.135990674,1827.822340797202,0.7534,1780804800000,,1805.0170182547363,0.744,Q102_TIME_EXIT,1781064000000,HIGH_VOL,3285.276539112189,False,7249211.3521266645,3655644.681594404,4852196.285631011,,0.744,Q102_TIME_EXIT,1781064000000,1159,45610.64508493133,,4852196.285631011,,160.1572625939687,,USD,SHORT,dbf84542311c15f69508f91a0e7311ff7e686d96,Q102,SUIUSDT,45263.08226499158,6644768.240485576
1.0,C011938,1.0,[],6644768.240485576,3322.384120242788,1.511,1781125200000,,3458.709610285841,1.573,OVERLAY_HOLD,1781168400000,,1017.438909357607,False,-44682906.87102749,6644768.240485576,4397596.453001705,,1.573,OVERLAY_HOLD,1781168400000,1166,-272650.98008610593,,4397596.453001705,0,160.49051044284602,IDLE_RENDER_RELATIVE_SHORT,USD,SHORT,53eeff5417636369d4709fddfd47d7916ddcf3b1,IDLE,RENDERUSDT,-278414.63490727695,6362518.5463177925
2.0,C012006,2.0,[],6385647.340150408,6385.647340150408,389.08,1781281800000,,6610.00171236141,402.75,BASIS_CONVERGED,1781289000000,,0.0,False,69947492.7566813,12771294.680300817,32824.34121594741,,402.75,BASIS_CONVERGED,1781289000000,1169,448708.7444220016,,32824.34121594741,,160.53566785126117,V50_POST_OPEN_BASIS,USD,LONG,,V52,TSLAUSDT,435713.09536948975,6794746.125862633
1.0,C012039,1.0,[],6534897.330008369,3267.4486650041845,0.2047,1781355600000,,3308.9502113110284,0.2073,CORE_PREEMPT:V12,1781359200000,,-82.72375528277571,False,12230083.546019914,6534897.330008369,31924266.389879674,,0.20572349999999998,FET_PROFIT_FLOOR_STOP,1781442000000,1170,83003.09261368775,,31924266.389879674,,160.19711247514482,,USD,LONG,dbf84542311c15f69508f91a0e7311ff7e686d96,FET,FETUSDT,76343.96998208977,6870465.168297333
1.0,C012042,1.0,[],6556714.608227072,3278.3573041135364,1.964,1781359200000,,3276.6019258842134,1.962948387096774,V12_STOP,1781388000000,,-657.6745304586219,False,-1717856.149044439,6556714.608227072,3338449.393190974,,1.962948387096774,V12_STOP,1781388000000,1171,-3510.756458646179,,3338449.393190974,1,160.19711247514482,,USD,LONG,dbf84542311c15f69508f91a0e7311ff7e686d96,V12,ATOMUSDT,-10723.39021910255,6859512.951969906
1.0,C012066,1.0,[],6564833.64230759,3282.416821153795,64439.8,1781388000000,,3290.448122983703,64597.469032258065,V12_STOP,1781398800000,,3.4785249235988,False,1520785.9900437002,6564833.64230759,101.87545030101877,,64597.469032258065,V12_STOP,1781398800000,1172,16062.603659815884,,101.87545030101877,1,160.19711247514482,,USD,LONG,dbf84542311c15f69508f91a0e7311ff7e686d96,V12,BTCUSDT,9493.217240601985,6868891.3403591905
1.0,C011953,1.0,[],6395680.901473589,3197.8404507367945,0.006806,1781150400000,RECOVERY_V8,3211.9361330056904,0.006836,RECOVERY_V8_MAX_HOLD,1781409600000,,-6026.327040420962,False,2523947.3046556422,6395680.901473589,939712151.2597104,,0.006836,RECOVERY_V8_MAX_HOLD,1781409600000,1167,28191.364537790978,,939712151.2597104,,160.19711247514482,RECOVERY_V8,USD,LONG,dbf84542311c15f69508f91a0e7311ff7e686d96,PENGU,PENGUUSDT,15755.26091362753,6893755.854785239
1.0,C012092,1.0,[],6719277.510310845,3359.6387551554226,612.52,1781438400000,,3357.129834970164,612.0625806451612,V12_STOP,1781449200000,,0.0,False,-1879850.4715198572,6719277.510310845,10969.890795910085,,612.0625806451612,V12_STOP,1781449200000,1173,-5017.840370516716,,10969.890795910085,1,160.19711247514482,,USD,LONG,dbf84542311c15f69508f91a0e7311ff7e686d96,V12,BNBUSDT,-11734.608960642303,6879042.219177396
1.0,C012096,1.0,[],6757810.276070996,3378.905138035498,64288.1,1781445600000,,3376.0433624524926,64233.65096774194,V12_STOP,1781456400000,,65.85795049378642,False,-1988469.3610925863,6757810.276070996,105.1175921526845,,64233.65096774194,V12_STOP,1781456400000,1174,-5723.551166011162,,105.1175921526845,2,160.19711247514482,,USD,LONG,dbf84542311c15f69508f91a0e7311ff7e686d96,V12,BTCUSDT,-12412.641716005366,6870203.524093326
0.6,C011976,0.6,[],6366272.743347683,1909.881823004305,0.07916,1781211600000,,1954.9990414102938,0.08103,Q102_TIME_EXIT,1781470800000,HIGH_VOL,3517.5747901075374,False,-14510933.653348781,3819763.64600861,48253709.5251214,,0.08103,Q102_TIME_EXIT,1781470800000,1168,-90234.43681197752,,48253709.5251214,,160.19711247514482,,USD,SHORT,dbf84542311c15f69508f91a0e7311ff7e686d96,Q102,ENAUSDT,-90581.74288628458,6778206.765302072
1.0,C012110,1.0,[],6774817.6619194215,3387.408830959711,2.192,1781474400000,,3436.5808946349325,2.2238193548387097,V12_STOP,1781485200000,,-685.8266602098173,False,14551394.33020446,6774817.6619194215,3090701.4881019257,,2.2238193548387097,V12_STOP,1781485200000,1176,98344.12735044287,,3090701.4881019257,1,160.19711247514482,,USD,LONG,dbf84542311c15f69508f91a0e7311ff7e686d96,V12,NEARUSDT,90834.31096463841,6861879.163374709
1.0,C012113,1.0,[],6866530.658558268,3433.265329279134,0.1832,1781481600000,,3490.2244536848043,0.18623935483870968,V12_STOP,1781492400000,,0.0,False,17140251.44631973,6866530.658558268,37481062.54671544,,0.18623935483870968,V12_STOP,1781492400000,1177,113918.2488113397,,37481062.54671544,2,160.19711247514482,,USD,LONG,dbf84542311c15f69508f91a0e7311ff7e686d96,V12,ADAUSDT,106994.75902837576,6969759.774665589
1.0,C012145,1.0,[],7255951.587171761,3627.9757935858806,0.1817,1781517600000,,3687.1420648942762,0.18466322580645161,V12_STOP,1781528400000,,0.0,False,17784670.880708035,7255951.587171761,39933690.62835312,,0.18466322580645161,V12_STOP,1781528400000,1179,118332.54261679092,,39933690.62835312,2,160.19711247514482,,USD,LONG,dbf84542311c15f69508f91a0e7311ff7e686d96,V12,ADAUSDT,111017.42475831076,7079214.074781179
2.0,C012172,2.0,[],7915428.545289458,7915.428545289458,602.98,1781541000000,,7816.449588721276,595.44,BASIS_CONVERGED,1781548200000,,0.0,False,29192084.625171576,15830857.090578916,26254.36513744886,,595.44,BASIS_CONVERGED,1781548200000,1180,197957.91313636347,,26254.36513744886,,160.19711247514482,V50_POST_OPEN_BASIS,USD,SHORT,,V52,METAUSDT,182226.03500235273,7260810.806118306
1.0,C012109,1.0,[],6778206.765302072,3389.103382651036,0.006951,1781474400000,RECOVERY_V8,3540.92799814862,0.00726239,RECOVERY_V8_TRAILING_STOP,1781553600000,,-1718.9789794093647,False,47258183.52525104,6778206.765302072,975141240.8721151,,0.00726239,RECOVERY_V8_TRAILING_STOP,1781553600000,1175,303649.23099516786,,975141240.8721151,,160.19711247514482,RECOVERY_V8,USD,LONG,dbf84542311c15f69508f91a0e7311ff7e686d96,PENGU,PENGUUSDT,295000.2206349588,7560919.109115325
1.1246589530856,C012203,1.1246589530856,[],7911666.385704128,4448.963217254269,69.748,1781582400000,,4670.296941243277,73.21792857142857,HYPE_TAKE_PROFIT,1781600400000,,-465.397221794612,False,69374587.10763754,8897926.434508538,127572.49576344178,,73.21792857142857,HYPE_TAKE_PROFIT,1781600400000,1181,442667.4479780166,,127572.49576344178,,160.1878176962178,HYPE_TREND_LONG,USD,LONG,123df49950e3d5aba61e2d50e9ee1a37fae620d7,HYPE_LONG,HYPEUSDT,433082.79059772444,7987951.593992473
1.0,C012207,1.0,[],8223291.69605757,4111.645848028786,74.23,1781589600000,,4193.69543989951,75.71129032258065,V12_STOP,1781600400000,,-841.0511997368864,False,24821549.476881474,8223291.69605757,110781.24337946343,,75.71129032258065,V12_STOP,1781600400000,1182,164099.18374145066,,110781.24337946343,1,160.1878176962178,,USD,LONG,dbf84542311c15f69508f91a0e7311ff7e686d96,V12,AAVEUSDT,154952.79125378546,8147857.082294024
1.0,C012219,1.0,[],8728050.805687552,4364.025402843777,5.918,1781604000000,,4479.723528596545,6.074896774193549,V12_STOP,1781614800000,,0.0,False,35650199.71017684,8728050.805687552,1474831.1601364568,,6.074896774193549,V12_STOP,1781614800000,1183,231396.25150553952,,1474831.1601364568,1,160.1878176962178,,USD,LONG,dbf84542311c15f69508f91a0e7311ff7e686d96,V12,INJUSDT,222552.5025740992,8366049.923490682
0.9994997498749374,C012218,1.0,[],8723686.780284708,4359.6613774409325,0.1798,1781604000000,,4354.264401678554,0.1795774193548387,V12_STOP,1781614800000,,0.0,False,-3124924.2931933505,8719322.754881864,48494564.821367435,,0.1795774193548387,V12_STOP,1781614800000,1184,-10793.951524755745,,48494564.821367435,2,160.1878176962178,,USD,LONG,dbf84542311c15f69508f91a0e7311ff7e686d96,V12,ADAUSDT,-19507.877303875233,8350901.707564248
2.0,C012234,2.0,[],8516347.574000685,8516.347574000685,604.1,1781623800000,,8412.307439757804,596.72,BASIS_CONVERGED,1781627400000,,0.0,False,30620159.811191507,17032695.14800137,28195.158331404353,,596.72,BASIS_CONVERGED,1781627400000,1185,208080.26848576398,,28195.158331404353,,160.1878176962178,V50_POST_OPEN_BASIS,USD,SHORT,,V52,METAUSDT,191151.6134720055,8541523.894263657
2.0,C012238,2.0,[],8702436.99723608,8702.43699723608,394.08,1781631000000,,8702.43699723608,394.08,TIME_OR_SESSION_FLAT,1781638200000,,0.0,False,-2788048.7824521484,17404873.99447216,44165.839409440116,,394.08,TIME_OR_SESSION_FLAT,1781638200000,1186,0.0,,44165.839409440116,,160.1878176962178,V50_POST_OPEN_BASIS,USD,SHORT,,V52,MSFTUSDT,-17404.87399447216,8524119.020269183
0.75,C012116,0.75,[],6793101.51139924,2547.4130667747154,2.248,1781485200000,,2629.00280912693,2.32,Q102_TIME_EXIT,1781658000000,BRK,-2957.445535227831,False,24865605.65392114,5094826.13354943,2266381.7320059743,,2.32,Q102_TIME_EXIT,1781658000000,1178,163179.48470442928,,2266381.7320059743,,160.37605658099017,,USD,LONG,dbf84542311c15f69508f91a0e7311ff7e686d96,Q102,NEARUSDT,155045.6232932998,8684152.085583273
2.0,C012283,2.0,[],8683212.77555965,8683.21277555965,389.87,1781713800000,,8507.931567609168,382.0,TIME_OR_SESSION_FLAT,1781724600000,,0.0,False,53464769.909829654,17366425.5511193,44544.144333032295,,382.0,TIME_OR_SESSION_FLAT,1781724600000,1188,350562.41590096435,,44544.144333032295,,160.37605658099017,V50_POST_OPEN_BASIS,USD,SHORT,,V52,MSFTUSDT,333371.2715577955,9014918.111515393
1.0,C012317,1.0,[],9202800.35735764,4601.40017867882,0.1601,1781798400000,,4608.965495810858,0.1603632258064516,V12_STOP,1781809200000,,107.60551073687384,False,-3884953.284944505,9202800.35735764,57481576.24833004,,0.1603632258064516,V12_STOP,1781809200000,1189,-15130.634264076143,,57481576.24833004,1,160.31403675265292,,USD,SHORT,dbf84542311c15f69508f91a0e7311ff7e686d96,V12,ADAUSDT,-24233.39442782895,8992232.065840343
1.0,C012327,1.0,[],9081893.330785813,4540.946665392907,6.38,1781812800000,,4483.864545868689,6.299799999999999,V12_STOP,1781823600000,,0.0,False,16855326.098441802,9081893.330785813,1423494.2524742654,,6.299799999999999,V12_STOP,1781823600000,1190,114164.2390484368,,1423494.2524742654,1,160.31403675265292,,USD,SHORT,dbf84542311c15f69508f91a0e7311ff7e686d96,V12,AVAXUSDT,105139.42783717519,9097627.547979552
1.0,C012334,1.0,[],9005155.627548674,4502.577813774337,2.239,1781827200000,,4470.15567267845,2.222877419354839,V12_STOP,1781838000000,,0.0,False,8991317.025747508,9005155.627548674,4021954.2776010158,,2.222877419354839,V12_STOP,1781838000000,1191,64844.28219177276,,4021954.2776010158,2,160.92836576214992,,USD,SHORT,dbf84542311c15f69508f91a0e7311ff7e686d96,V12,NEARUSDT,55871.548705319976,9147112.701010622
0.4581908456521826,C012338,1.0,[],9168094.000786059,2100.368371619433,6.3,1781834400000,,2031.6810561260438,6.093974193548387,V12_STOP,1781845200000,,0.0,False,21442510.900225237,4200736.743238866,666783.6100379153,,6.093974193548387,V12_STOP,1781845200000,1193,137374.630986779,,666783.6100379153,1,160.92836576214992,,USD,SHORT,dbf84542311c15f69508f91a0e7311ff7e686d96,V12,AVAXUSDT,133242.5815590335,9277705.316491818
1.0,C012342,1.0,[],9120766.066652553,4560.383033326277,0.1619,1781841600000,,4508.3360229955415,0.16005225806451615,V12_STOP,1781852400000,,0.0,False,15292266.493371854,9120766.066652553,56335800.2881566,,0.16005225806451615,V12_STOP,1781852400000,1194,104094.02066146972,,56335800.2881566,1,160.92836576214992,,USD,SHORT,dbf84542311c15f69508f91a0e7311ff7e686d96,V12,ADAUSDT,95025.3016051479,9377291.001130292
1.0,C012351,1.0,[],9321055.091871394,4660.527545935697,5.983,1781856000000,,4677.217427460288,6.0044258064516125,V12_STOP,1781866800000,,0.0,False,-6874458.755505031,9321055.091871394,1557923.297989536,,6.0044258064516125,V12_STOP,1781866800000,1195,-33379.76304918217,,1557923.297989536,1,160.92836576214992,,USD,SHORT,dbf84542311c15f69508f91a0e7311ff7e686d96,V12,AVAXUSDT,-42717.50802257816,9334703.001059707
1.0,C012357,1.0,[],9281947.679657562,4640.973839828781,5.053,1781870400000,,4605.562797309401,5.014445161290323,V12_STOP,1781881200000,,0.0,False,9909252.37518135,9281947.679657562,1836918.202979925,,5.014445161290323,V12_STOP,1781881200000,1196,70822.08503876117,,1836918.202979925,1,160.92836576214992,,USD,SHORT,dbf84542311c15f69508f91a0e7311ff7e686d96,V12,INJUSDT,61575.548401623,9394297.246852975
0.4739520848996288,C012362,1.0,[],9207546.19530733,2181.9678580377768,0.1621,1781877600000,,2174.299642007659,0.16153032258064517,V12_STOP,1781888400000,,327.5907741045716,False,1819738.5863863407,4363935.716075554,26921256.73087942,,0.16153032258064517,V12_STOP,1781888400000,1197,15336.432060235946,,26921256.73087942,1,160.92836576214992,,USD,SHORT,dbf84542311c15f69508f91a0e7311ff7e686d96,V12,ADAUSDT,11307.755334295081,9403010.458650788
1.0,C012367,1.0,[],9429106.316787463,4714.553158393732,69.29,1781884800000,,4681.871583280029,68.80967741935484,V12_STOP,1781895600000,,-427.60997146631144,False,8937819.095586125,9429106.316787463,136081.77683341698,,68.80967741935484,V12_STOP,1781895600000,1198,65363.15022740627,,136081.77683341698,1,160.92836576214992,,USD,SHORT,dbf84542311c15f69508f91a0e7311ff7e686d96,V12,SOLUSDT,55539.115514266196,9461086.39420977
0.548190396686091,C012373,1.0,[],9505248.909478558,2605.3430851435423,5.987,1781892000000,,2477.57813946154,5.6934,V12_STOP,1781902800000,,0.0,False,40304021.614615396,5210686.170287085,870333.4174523274,,5.6934,V12_STOP,1781902800000,1199,255529.8913640038,,870333.4174523274,2,160.92836576214992,,USD,SHORT,dbf84542311c15f69508f91a0e7311ff7e686d96,V12,AVAXUSDT,250446.9701393987,9709077.037329769
1.0,C012377,1.0,[],9721304.639051257,4860.652319525629,0.1611,1781899200000,,4855.240888657892,0.16092064516129032,V12_STOP,1781910000000,,0.0,False,178142.63604680944,9721304.639051257,60343293.84885945,,0.16092064516129032,V12_STOP,1781910000000,1200,10822.861735472874,,60343293.84885945,1,160.92836576214992,,USD,SHORT,dbf84542311c15f69508f91a0e7311ff7e686d96,V12,ADAUSDT,1106.968527289353,9715044.658176584
0.6,C012280,0.6,[],8684152.085583273,2605.245625674982,0.09383,1781712000000,,2457.2550130260674,0.0885,Q102_TIME_EXIT,1781971200000,HIGH_VOL,4218.022622050995,False,47584269.50147765,5210491.251349964,55531186.73505238,,0.0885,Q102_TIME_EXIT,1781971200000,1187,295981.22529782925,,55531186.73505238,,161.22787128281155,,USD,SHORT,dbf84542311c15f69508f91a0e7311ff7e686d96,Q102,ENAUSDT,295136.74728117924,10007242.853813281
1.0,C012410,1.0,[],9997796.353877023,4998.898176938512,1.79,1781971200000,,4942.936462259935,1.7699612903225808,V12_STOP,1781985600000,,0.0,False,16442275.426402118,9997796.353877023,5585361.091551409,,1.7699612903225808,V12_STOP,1781985600000,1201,111923.4293571523,,5585361.091551409,1,161.22787128281155,,USD,SHORT,dbf84542311c15f69508f91a0e7311ff7e686d96,V12,ATOMUSDT,101981.59471795385,10108773.310684279
1.0,C012441,1.0,[],10158225.333000595,5079.112666500298,1.1419,1782043200000,,5074.085049601632,1.140769677419355,V12_STOP,1782054000000,,0.0,False,-15794.51408627735,10158225.333000595,8895897.480515452,,1.140769677419355,V12_STOP,1782054000000,1202,10055.233797329027,,8895897.480515452,1,161.22787128281155,,USD,SHORT,dbf84542311c15f69508f91a0e7311ff7e686d96,V12,XRPUSDT,-97.96391877290262,10106846.369427847
1.0,C012336,1.0,[],9102377.43858067,4551.188719290335,0.006745,1781830800000,RECOVERY_V8,4523.523969477005,0.006704,RECOVERY_V8_MAX_HOLD,1782090000000,,-6819.290088196063,False,-11483213.677842123,9102377.43858067,1349499990.8940947,,0.006704,RECOVERY_V8_MAX_HOLD,1782090000000,1192,-55329.4996266582,,1349499990.8940947,,161.22787128281155,RECOVERY_V8,USD,LONG,dbf84542311c15f69508f91a0e7311ff7e686d96,PENGU,PENGUUSDT,-71223.5024036216,10045624.547990946
2.0,C012475,2.0,[],10045624.547990946,10045.624547990947,404.76,1782142200000,,10165.250771731722,409.58,BASIS_CONVERGED,1782145800000,,0.0,False,35315606.402091935,20091249.095981892,49637.43723683638,,409.58,BASIS_CONVERGED,1782145800000,1203,239252.447481551,,49637.43723683638,,161.22787128281155,V50_POST_OPEN_BASIS,USD,LONG,,V52,TSLAUSDT,219041.57216182834,10264666.120152775
2.0,C012479,2.0,[],10264666.120152775,10264.666120152775,234.74,1782145800000,,10220.063753949504,233.72,BASIS_CONVERGED,1782149400000,,0.0,False,11079579.722854815,20529332.24030555,87455.6200064137,,233.72,BASIS_CONVERGED,1782149400000,1204,89204.73240654287,,87455.6200064137,,161.22787128281155,V50_POST_OPEN_BASIS,USD,SHORT,,V52,AMZNUSDT,68720.00253244059,10333386.122685216
2.0,C012482,2.0,[],10333386.122685216,10333.386122685217,375.35,1782149400000,,10234.553416729601,371.76,TIME_OR_SESSION_FLAT,1782156600000,,0.0,False,28553048.480074428,20666772.245370433,55060.00331789112,,371.76,TIME_OR_SESSION_FLAT,1782156600000,1205,197665.41191123085,,55060.00331789112,,161.22787128281155,V50_POST_OPEN_BASIS,USD,SHORT,,V52,MSFTUSDT,177097.47237181602,10510483.595057033
2.5,C012493,2.5,[],10510483.595057033,13138.10449382129,0.186,1782176400000,,12191.595890502982,0.1726,Q102_TIME_EXIT,1782219600000,PB,3439.393296050501,False,302702468.831437,26276208.987642583,141269940.79377732,,0.1726,Q102_TIME_EXIT,1782219600000,1206,1893017.2066366153,,141269940.79377732,,161.77548882681566,,USD,SHORT,dbf84542311c15f69508f91a0e7311ff7e686d96,Q102,FETUSDT,1871126.8995483418,12374684.968452375
1.0,C012520,1.0,[],12661607.870433494,6330.803935216747,1.999,1782208800000,,6296.968271201776,1.9883161290322582,V12_STOP,1782219600000,,0.0,False,8904698.150116872,12661607.870433494,6333970.920677085,,1.9883161290322582,V12_STOP,1782219600000,1207,67671.32802994351,,6333970.920677085,1,161.77548882681566,,USD,SHORT,dbf84542311c15f69508f91a0e7311ff7e686d96,V12,NEARUSDT,55043.55582352499,12436059.328211118
0.09398802012105456,C012519,1.0,[],12655277.06649828,594.7222177817803,0.1527,1782208800000,,594.8579044529264,0.1527348387096774,V12_STOP,1782219600000,,0.0,False,-236346.46087705973,1189444.4355635606,7789420.010239427,,0.1527348387096774,V12_STOP,1782219600000,1208,-271.37334229213496,,7789420.010239427,2,161.77548882681566,,USD,SHORT,dbf84542311c15f69508f91a0e7311ff7e686d96,V12,ADAUSDT,-1460.9534645268418,12435193.096964372
1.0,C012533,1.0,[],12435193.096964372,6217.596548482186,4.568,1782223200000,,6161.755499315758,4.526974193548387,V12_STOP,1782234000000,,1233.9914691011277,False,16264379.895232532,12435193.096964372,2722240.170088523,,4.526974193548387,V12_STOP,1782234000000,1209,111682.09833285635,,2722240.170088523,2,161.77548882681566,,USD,SHORT,dbf84542311c15f69508f91a0e7311ff7e686d96,V12,INJUSDT,100536.73775415953,12516918.06579143
1.0,C012541,1.0,[],12525487.897838088,6262.743948919044,0.1507,1782230400000,,6240.356418909208,0.15016129032258063,V12_STOP,1782241200000,,0.0,False,5220812.048076289,12525487.897838088,83115380.87483801,,0.15016129032258063,V12_STOP,1782241200000,1210,44775.06001967197,,83115380.87483801,1,161.77548882681566,,USD,SHORT,dbf84542311c15f69508f91a0e7311ff7e686d96,V12,ADAUSDT,32271.959651843717,12549169.375745034
2.0,C012547,2.0,[],12549024.978182925,12549.024978182924,237.19,1782232200000,,12549.024978182924,237.19,TIME_OR_SESSION_FLAT,1782243000000,,0.0,False,-4060249.3002909245,25098049.95636585,105814.1150822794,,237.19,TIME_OR_SESSION_FLAT,1782243000000,1211,0.0,,105814.1150822794,,161.77548882681566,V50_POST_OPEN_BASIS,USD,SHORT,,V52,AMZNUSDT,-25098.04995636585,12536620.35076685
1.0,C012551,1.0,[],12566787.294316333,6283.3936471581665,1.966,1782237600000,,6309.745424407102,1.9742451612903227,V12_STOP,1782248400000,,0.0,False,-10563404.520970503,12566787.294316333,6392058.644108002,,1.9742451612903227,V12_STOP,1782248400000,1212,-52703.55449787198,,6392058.644108002,2,161.77548882681566,,USD,SHORT,dbf84542311c15f69508f91a0e7311ff7e686d96,V12,NEARUSDT,-65296.69356943725,12477607.050844572
1.0,C012562,1.0,[],12477607.050844572,6238.803525422286,6.438,1782248400000,,6280.47307366602,6.481,FORMAL_PRIORITY,1782259200000,,0.0,False,11439837.829932952,12477607.050844572,1938118.5229643637,,6.4,OVERLAY_HOLD,1782291600000,1213,83339.09648746793,,1938118.5229643637,2,161.53441011235955,AVAX_REL_LONG,USD,LONG,53eeff5417636369d4709fddfd47d7916ddcf3b1,RESIDUAL,AVAXUSDT,70819.81988837963,12548426.870732952
1.0,C012590,1.0,[],12960730.710459055,6480.365355229528,4.294,1782309600000,,6439.471783566197,4.266903225806452,V12_STOP,1782320400000,,1296.0730710459056,False,11333800.080078207,12960730.710459055,3018335.0513411867,,4.266903225806452,V12_STOP,1782320400000,1215,81787.14332666241,,3018335.0513411867,1,161.53441011235955,,USD,SHORT,dbf84542311c15f69508f91a0e7311ff7e686d96,V12,INJUSDT,70163.37925891258,12599191.497067375
0.9994997498749376,C012589,1.0,[],12954250.345103826,6473.8849898743,0.146,1782309600000,,6384.372015356772,0.14398129032258064,V12_STOP,1782320400000,,-1423.2939909765198,False,26611889.156521212,12947769.9797486,88683356.02567534,,0.14398129032258064,V12_STOP,1782320400000,1216,179025.94903505646,,88683356.02567534,2,161.53441011235955,,USD,SHORT,dbf84542311c15f69508f91a0e7311ff7e686d96,V12,ADAUSDT,164744.39803884886,12771833.074087074
1.291509998566052,C012594,2.0,[],12880826.661796847,8317.858211753406,377.63,1782315000000,,8193.84915068259,372.0,TIME_OR_SESSION_FLAT,1782325800000,,0.0,False,37396252.14858414,16635716.423506811,44052.95242302468,,372.0,TIME_OR_SESSION_FLAT,1782325800000,1217,248018.12214162876,,44052.95242302468,,161.53441011235955,V50_POST_OPEN_BASIS,USD,SHORT,,V52,MSFTUSDT,231506.41477919277,13011657.34707802
1.0,C012615,1.0,[],13850404.961199202,6925.202480599601,7.238,1782331200000,,6947.628262638855,7.26143870967742,V12_STOP,1782342000000,,0.0,False,-9486010.47673609,13850404.961199202,1913567.9692179055,,7.26143870967742,V12_STOP,1782342000000,1218,-44851.56407850783,,1913567.9692179055,1,161.53441011235955,,USD,SHORT,dbf84542311c15f69508f91a0e7311ff7e686d96,V12,LINKUSDT,-58724.39482174629,12946600.188216647
0.9994997498749374,C012616,1.0,[],13843479.758718602,6918.277278119001,66.08,1782331200000,,6926.213870911501,66.1558064516129,V12_STOP,1782342000000,,0.0,False,-4800427.381141362,13836554.556238001,209390.95878084144,,66.1558064516129,V12_STOP,1782342000000,1219,-15873.185584999712,,209390.95878084144,2,161.53441011235955,,USD,SHORT,dbf84542311c15f69508f91a0e7311ff7e686d96,V12,SOLUSDT,-29717.67673403021,12923800.788760737
1.0,C012628,1.0,[],13309088.703596255,6654.5443517981275,0.1471,1782360000000,,6676.98835349341,0.14759612903225808,V12_STOP,1782370800000,,0.0,False,-9413185.135075105,13309088.703596255,90476469.7729181,,0.14759612903225808,V12_STOP,1782370800000,1220,-44888.00339056431,,90476469.7729181,1,161.68430335097003,,USD,SHORT,dbf84542311c15f69508f91a0e7311ff7e686d96,V12,ADAUSDT,-58219.536095855845,12860687.736371852
0.9467031938528361,C012631,1.0,[],12901933.890411513,6107.1510104653635,4.24,1782367200000,,6052.816695252047,4.2022774193548385,V12_STOP,1782378000000,,1228.6320311148477,False,15802586.413390372,12214302.020930726,2880731.6087100767,,4.2022774193548385,V12_STOP,1782378000000,1221,108668.63042663244,,2880731.6087100767,1,161.68430335097003,,USD,SHORT,dbf84542311c15f69508f91a0e7311ff7e686d96,V12,INJUSDT,97737.29475202989,12965146.100866474
1.0,C012647,1.0,[],13407836.917445952,6703.9184587229765,4.177,1782388800000,,6514.056852756133,4.058703225806452,V12_STOP,1782399600000,,0.0,False,59258143.85774422,13407836.917445952,3209920.2579473197,,4.058703225806452,V12_STOP,1782399600000,1222,379723.2119336877,,3209920.2579473197,1,161.68430335097003,,USD,SHORT,dbf84542311c15f69508f91a0e7311ff7e686d96,V12,INJUSDT,366505.23662220855,13325559.440016981
0.9994997498749374,C012648,1.0,[],13401132.99898723,6697.214540264253,1.904,1782388800000,,6386.317822991211,1.8156129032258066,V12_STOP,1782399600000,,0.0,False,98418836.47726761,13394429.080528505,7034889.222966652,,1.8156129032258066,V12_STOP,1782399600000,1223,621793.4345460831,,7034889.222966652,2,161.68430335097003,,USD,SHORT,dbf84542311c15f69508f91a0e7311ff7e686d96,V12,NEARUSDT,608709.9021828277,13940966.556740073
1.0,C012668,1.0,[],14763709.575566178,7381.854787783089,4.207,1782410400000,,7304.819551838598,4.163096774193549,V12_STOP,1782421200000,,0.0,False,22536172.20518094,14763709.575566178,3509320.0797637696,,4.163096774193549,V12_STOP,1782421200000,1224,154070.47188898182,,3509320.0797637696,1,161.68430335097003,,USD,SHORT,dbf84542311c15f69508f91a0e7311ff7e686d96,V12,INJUSDT,139383.79754936014,14074033.809168963
1.0,C012678,1.0,[],14957539.79040701,7478.769895203505,1.837,1782417600000,,7395.244904363787,1.816483870967742,V12_STOP,1782428400000,,0.0,False,24604465.19173178,14957539.79040701,8142373.320853027,,1.816483870967742,V12_STOP,1782428400000,1225,167049.9816794355,,8142373.320853027,2,161.68430335097003,,USD,SHORT,dbf84542311c15f69508f91a0e7311ff7e686d96,V12,NEARUSDT,152175.9668798682,14233688.545944035
1.0,C012695,1.0,[],14924999.345726857,7462.499672863429,1.825,1782446400000,,7396.863970924112,1.8089483870967742,V12_STOP,1782457200000,,0.0,False,18841260.999744833,14924999.345726857,8178081.83327499,,1.8089483870967742,V12_STOP,1782457200000,1226,131271.40387863305,,8178081.83327499,1,161.84976194674658,,USD,SHORT,dbf84542311c15f69508f91a0e7311ff7e686d96,V12,NEARUSDT,116412.04023484551,14343822.876701333
0.9994997498749374,C012694,1.0,[],14917536.846053993,7455.037173190565,1557.08,1782446400000,,7433.49471002355,1552.5805806451613,V12_STOP,1782457200000,,0.0,False,4563579.729621042,14910074.34638113,9575.663643731299,,1552.5805806451613,V12_STOP,1782457200000,1227,43084.92633402954,,9575.663643731299,2,161.84976194674658,,USD,SHORT,dbf84542311c15f69508f91a0e7311ff7e686d96,V12,ETHUSDT,28196.394450815416,14379474.30832534
1.0,C012701,1.0,[],14901575.282860857,7450.787641430428,1.0495,1782460800000,,7376.244268171715,1.039,Q102_PREEMPT:REV:V12_R2,1782464400000,,1041.4216139180392,False,21898456.68861372,14901575.282860857,14198737.763564417,,1.031492258064516,V12_STOP,1782471600000,1228,149086.74651742887,,14198737.763564417,2,161.84976194674658,,USD,SHORT,dbf84542311c15f69508f91a0e7311ff7e686d96,V12,XRPUSDT,135301.13622174476,14515378.561190084
1.0,C012707,1.0,[],15549060.671556598,7774.530335778299,1.796,1782475200000,,7632.99243886859,1.7633032258064516,V12_STOP,1782486000000,,0.0,False,43322045.949293084,15549060.671556598,8657606.164563807,,1.7633032258064516,V12_STOP,1782486000000,1230,283075.79381941573,,8657606.164563807,1,161.84976194674658,,USD,SHORT,dbf84542311c15f69508f91a0e7311ff7e686d96,V12,NEARUSDT,267668.27104476886,14774134.901613174
1.2990481829835763,C012718,2.0,[],14976790.21039148,9727.786054867633,544.08,1782491400000,,9914.446263684016,554.52,BASIS_CONVERGED,1782498600000,,0.0,False,57242730.09886283,19455572.109735265,35758.66069279383,,554.52,BASIS_CONVERGED,1782498600000,1232,373320.4176327654,,35758.66069279383,,161.84976194674658,V50_POST_OPEN_BASIS,USD,LONG,,V52,METAUSDT,353678.1853142138,15123931.790448006
0.8690249463978454,C012715,1.0,[],14794751.249693967,6428.503955867378,1579.43,1782489600000,,6423.704077111229,1578.2507096774195,V12_STOP,1782500400000,,0.0,False,-526408.3425156007,12857007.911734756,8140.283464119812,,1578.2507096774195,V12_STOP,1782500400000,1231,9599.757512298787,,8140.283464119812,2,161.84976194674658,,USD,SHORT,dbf84542311c15f69508f91a0e7311ff7e686d96,V12,ETHUSDT,-3252.4505206798194,15127107.843883194
0.8578135474758763,C012730,1.0,[],14853682.951870682,6370.8452330130685,1.595,1782504000000,,6397.052734689575,1.6015612903225807,V12_STOP,1782514800000,,0.0,False,-10549837.06175611,12741690.466026137,7988520.668354944,,1.6015612903225807,V12_STOP,1782514800000,1233,-52415.00335301305,,7988520.668354944,1,161.84976194674658,,USD,SHORT,dbf84542311c15f69508f91a0e7311ff7e686d96,V12,ATOMUSDT,-65182.9013207157,15061757.093759537
1.0,C012567,1.0,[],12548426.870732952,6274.213435366476,0.006273,1782259200000,SHORT_V20,6191.197380028454,0.00619,SHORT_MAX_HOLD,1782518400000,,10862.1007345895,False,26580324.488819137,12548426.870732952,2000386875.615009,,0.00619,SHORT_MAX_HOLD,1782518400000,1214,166032.11067604524,,2000386875.615009,,161.65248662398037,SHORT_V20,USD,SHORT,dbf84542311c15f69508f91a0e7311ff7e686d96,PENGU,PENGUUSDT,164428.8005952398,15221598.007055553
0.10316225231687692,C012736,1.0,[],15245274.453002602,786.3684248803462,1.794,1782511200000,,784.4510738821483,1.7896258064516128,V12_STOP,1782522000000,,157.9750169046136,False,391499.28947402345,1572736.8497606923,876664.9106804305,,1.7896258064516128,V12_STOP,1782522000000,1234,3834.701996395776,,876664.9106804305,1,161.65248662398037,,USD,SHORT,dbf84542311c15f69508f91a0e7311ff7e686d96,V12,NEARUSDT,2421.8575145378954,15226718.746709058
1.25,C012703,1.25,[],15197510.485774802,9498.444053609252,0.5925,1782464400000,,9636.311764767124,0.6011,Q102_TIME_EXIT,1782550800000,REV,5791.085113798829,False,-46730354.21773981,18996888.107218504,32062258.4088076,,0.6011,Q102_TIME_EXIT,1782550800000,1229,-275735.42231574346,,32062258.4088076,,161.65248662398037,,USD,SHORT,dbf84542311c15f69508f91a0e7311ff7e686d96,Q102,APTUSDT,-289079.093020321,14943283.893659024
1.0,C012764,1.0,[],14943283.893659024,7471.641946829512,6.57,1782561600000,,7429.564206794094,6.533,FORMAL_PRIORITY,1782565200000,,0.0,False,-16012759.644915033,14943283.893659024,2274472.434346883,,6.42,OVERLAY_HOLD,1782604800000,1235,-84155.4800708345,,2274472.434346883,2,161.65248662398037,AVAX_REL_LONG,USD,LONG,53eeff5417636369d4709fddfd47d7916ddcf3b1,RESIDUAL,AVAXUSDT,-99056.6862244581,14844227.207434565
1.25,C012765,1.25,[],14844227.207434565,9277.642004646603,0.1797,1782565200000,,8921.405333349654,0.1728,Q102_TIME_EXIT,1782594000000,REV,2055.4597791318465,False,112563436.4116798,18555284.009293206,103257006.17302841,,0.1728,Q102_TIME_EXIT,1782594000000,1236,712473.3425938949,,103257006.17302841,,161.65248662398037,,USD,SHORT,dbf84542311c15f69508f91a0e7311ff7e686d96,Q102,FETUSDT,696329.7550350305,15540556.962469595
1.0,C012783,1.0,[],15540556.962469595,7770.278481234797,0.2179,1782615600000,,7577.715361461194,0.2125,OVERLAY_HOLD,1782658800000,,-4536.15121565277,False,59042292.793874465,15540556.962469595,71319673.990223,,0.2125,OVERLAY_HOLD,1782658800000,1237,385126.2395472054,,71319673.990223,0,161.65248662398037,IDLE_JUP_RELATIVE_SHORT,USD,SHORT,53eeff5417636369d4709fddfd47d7916ddcf3b1,IDLE,JUPUSDT,365242.0944888566,15905799.05695845
1.0,C012798,1.0,[],15905799.05695845,7952.899528479225,0.2118,1782666000000,,7844.007136446225,0.2089,OVERLAY_HOLD,1782709200000,,-4832.143002832055,False,31870714.717653293,15905799.05695845,75098201.40207012,,0.2089,OVERLAY_HOLD,1782709200000,1238,217784.7840660023,,75098201.40207012,0,161.65248662398037,IDLE_JUP_RELATIVE_SHORT,USD,SHORT,53eeff5417636369d4709fddfd47d7916ddcf3b1,IDLE,JUPUSDT,197155.7343982448,16090827.856845792
0.5,C012809,0.5,[],16171941.33809047,4042.9853345226174,0.07276,1782698400000,,4005.512311679718,0.07208561290322581,V12_STOP,1782709200000,,0.0,False,10814154.989647988,8085970.669045235,111132087.26010492,,0.07208561290322581,V12_STOP,1782709200000,1239,74946.04568579902,,111132087.26010492,1,161.65248662398037,,USD,SHORT,dbf84542311c15f69508f91a0e7311ff7e686d96,V12,DOGEUSDT,66897.54803959669,16161768.390219912
1.0,C012810,1.0,[],16167898.352755947,8083.949176377973,1568.0,1782698400000,,8005.265049601971,1552.738064516129,V12_STOP,1782709200000,,0.0,False,22838108.01489916,16167898.352755947,10311.159663747416,,1552.738064516129,V12_STOP,1782709200000,1240,157368.2535520056,,10311.159663747416,2,161.65248662398037,,USD,SHORT,dbf84542311c15f69508f91a0e7311ff7e686d96,V12,ETHUSDT,141279.03932602567,16311131.378722316
1.0,C012817,1.0,[],16311131.378722316,8155.565689361158,6.571,1782709200000,,8117.090185424134,6.54,FORMAL_PRIORITY,1782720000000,,0.0,False,-15069837.057197148,16311131.378722316,2482290.5765823037,,6.699,OVERLAY_HOLD,1782752400000,1241,-76951.00787405066,,2482290.5765823037,2,161.65248662398037,AVAX_REL_LONG,USD,LONG,53eeff5417636369d4709fddfd47d7916ddcf3b1,RESIDUAL,AVAXUSDT,-93223.66374883596,16217907.71497348
1.0,C012822,1.0,[],16217907.71497348,8108.95385748674,1.573,1782720000000,,8098.14480142504,1.5709032258064515,V12_STOP,1782730800000,,-1621.790771497348,False,-6376705.891033157,16217907.71497348,10310176.551159237,,1.5709032258064515,V12_STOP,1782730800000,1242,-21618.11212339934,,10310176.551159237,1,161.65248662398037,,USD,LONG,dbf84542311c15f69508f91a0e7311ff7e686d96,V12,ATOMUSDT,-39447.00155380847,16168747.236798495
0.9994997498749374,C012823,1.0,[],16209798.761115992,8100.844903629253,4.729,1782720000000,,8115.123707189288,4.737335483870967,V12_STOP,1782730800000,,-1612.6317175463269,False,1734370.6268848302,16201689.807258505,3426028.7179654273,,4.737335483870967,V12_STOP,1782730800000,1243,28557.607120070752,,3426028.7179654273,2,161.65248662398037,,USD,LONG,dbf84542311c15f69508f91a0e7311ff7e686d96,V12,INJUSDT,10729.006791705886,16189189.720211377
1.0,C012829,1.0,[],16189189.720211377,8094.594860105689,6.572,1782730800000,,8111.8383671113925,6.586,FORMAL_PRIORITY,1782734400000,,0.0,False,2955101.3406947623,16189189.720211377,2463358.143671847,,6.672,OVERLAY_HOLD,1782774000000,1244,34487.014011406434,,2463358.143671847,2,161.65248662398037,AVAX_REL_LONG,USD,LONG,53eeff5417636369d4709fddfd47d7916ddcf3b1,RESIDUAL,AVAXUSDT,18280.580784189355,16207470.300995568
1.0,C012834,1.0,[],16207470.300995568,8103.735150497784,6.582,1782738000000,,8193.612492640954,6.655,OVERLAY_HOLD,1782781200000,,-3053.7208395578436,False,25963278.581157684,16207470.300995568,2462392.935429287,,6.655,OVERLAY_HOLD,1782781200000,1245,179754.68428633895,,2462392.935429287,2,161.8621778011573,AVAX_REL_LONG,USD,LONG,53eeff5417636369d4709fddfd47d7916ddcf3b1,RESIDUAL,AVAXUSDT,160403.61580364237,16367873.916799212
1.0,C012870,1.0,[],16367873.916799212,8183.936958399606,86.71,1782828000000,,8051.764432539196,85.30961290322581,V12_STOP,1782838800000,,1610.1714278664201,False,40420145.63117252,16367873.916799212,188765.70080497305,,85.30961290322581,V12_STOP,1782838800000,1246,264345.0517208201,,188765.70080497305,1,161.8621778011573,,USD,SHORT,dbf84542311c15f69508f91a0e7311ff7e686d96,V12,AAVEUSDT,249719.52175774772,16617593.438556958
1.25,C012904,1.25,[],16383516.571213229,10239.697857008267,0.1787,1782910800000,,10205.317226262856,0.1781,Q102_TIME_EXIT,1782939600000,REV,2046.0772872362772,False,8180673.046718459,20479395.714016534,114602102.4847036,,0.1781,Q102_TIME_EXIT,1782939600000,1248,68761.26149082095,,114602102.4847036,,162.4363700193084,,USD,SHORT,dbf84542311c15f69508f91a0e7311ff7e686d96,Q102,FETUSDT,50362.3236947861,16656358.667177668
1.0,C012930,1.0,[],16557727.620610554,8278.863810305276,78.67,1782964800000,,8253.471542358286,78.42870967741935,V12_STOP,1782975600000,,0.0,False,-10952962.947897362,16557727.620610554,210470.67014885665,,78.42870967741935,V12_STOP,1782975600000,1250,-50784.535893983855,,210470.67014885665,1,162.70754634103488,,USD,LONG,dbf84542311c15f69508f91a0e7311ff7e686d96,V12,SOLUSDT,-67316.87124664741,16580255.22465413
0.37511976284028803,C012929,1.0,[],16549448.75680025,3104.0126463942042,0.1561,1782964800000,,3094.7245343238224,0.15563290322580645,V12_STOP,1782975600000,,0.0,False,-4031073.167312518,6208025.292788409,39769540.63285336,,0.15563290322580645,V12_STOP,1782975600000,1251,-18576.22414076483,,39769540.63285336,2,162.70754634103488,,USD,LONG,dbf84542311c15f69508f91a0e7311ff7e686d96,V12,ADAUSDT,-24774.961321482853,16558584.275979042
1.0,C012941,1.0,[],16609765.553619962,8304.882776809982,79.43,1782986400000,,8624.547557655966,82.48735483870968,V12_STOP,1782997200000,,0.0,False,101269198.21551734,16609765.553619962,209111.99236585625,,82.48735483870968,V12_STOP,1782997200000,1252,639329.5616919703,,209111.99236585625,1,162.70754634103488,,USD,LONG,dbf84542311c15f69508f91a0e7311ff7e686d96,V12,SOLUSDT,622400.1313575044,17176259.392742693
0.45925424582627716,C012944,1.0,[],17690978.286968738,4062.3284455554367,1.95,1782993600000,,4055.178209879554,1.9465677419354839,V12_STOP,1783004400000,,0.0,False,-3647574.1954787676,8124656.891110873,4166490.713390191,,1.9465677419354839,V12_STOP,1783004400000,1253,-14300.471351764842,,4166490.713390191,2,162.70754634103488,,USD,LONG,dbf84542311c15f69508f91a0e7311ff7e686d96,V12,NEARUSDT,-22417.978007199832,17149448.47415896
0.9628980800066325,C012953,1.0,[],17562126.66251986,8455.269022086832,0.162,1783000800000,,8430.115354386717,0.16151806451612905,V12_STOP,1783011600000,,-1676.439759194006,False,-11205531.966655025,16910538.04417366,104386037.30971396,,0.16151806451612905,V12_STOP,1783011600000,1254,-50307.33540022908,,104386037.30971396,2,162.70754634103488,,USD,LONG,dbf84542311c15f69508f91a0e7311ff7e686d96,V12,ADAUSDT,-68869.15953589663,17085064.383245483
0.4282870315822973,C012960,1.0,[],17012416.066937458,3643.0985886758126,80.83,1783008000000,,3647.2742098108415,80.92264516129032,V12_STOP,1783018800000,,0.0,False,172611.4687075501,7286197.177351625,90142.23898740103,,80.92264516129032,V12_STOP,1783018800000,1255,8351.242270058407,,90142.23898740103,1,162.70754634103488,,USD,LONG,dbf84542311c15f69508f91a0e7311ff7e686d96,V12,SOLUSDT,1060.8694715717525,17081324.40348875
0.9902679791618261,C012963,1.0,[],17053864.195680708,8443.947816978478,1.943,1783015200000,,8449.471226803473,1.9442709677419354,V12_STOP,1783026000000,,0.0,False,-951285.841802896,16887895.633956954,8691660.130703527,,1.9442709677419354,V12_STOP,1783026000000,1256,11046.819649989842,,8691660.130703527,1,162.70754634103488,,USD,LONG,dbf84542311c15f69508f91a0e7311ff7e686d96,V12,NEARUSDT,-5846.5993937921085,17083544.635144636
1.0,C012972,1.0,[],17423850.236001275,8711.925118000638,0.1615,1783036800000,,8915.554295531536,0.16527483870967744,V12_STOP,1783047600000,,0.0,False,62958251.588431865,17423850.236001275,107887617.56037942,,0.16527483870967744,V12_STOP,1783047600000,1257,407258.35506179475,,107887617.56037942,1,161.5843495043425,,USD,LONG,dbf84542311c15f69508f91a0e7311ff7e686d96,V12,ADAUSDT,389630.87564826256,17472831.932102256
1.0,C012978,1.0,[],17906053.327563196,8953.026663781598,1.96,1783051200000,,9206.587695431293,2.015509677419355,V12_STOP,1783062000000,,0.0,False,79008679.24404867,17906053.327563196,9135741.493654693,,2.015509677419355,V12_STOP,1783062000000,1258,507122.0632993892,,9135741.493654693,2,161.5843495043425,,USD,LONG,dbf84542311c15f69508f91a0e7311ff7e686d96,V12,NEARUSDT,488962.4489401763,17961446.15632976
1.0,C012987,1.0,[],19067055.72560514,9533.527862802572,0.1672,1783072800000,,9654.628239883703,0.16932387096774193,V12_STOP,1783083600000,,0.0,False,36035345.58873025,19067055.72560514,114037414.62682502,,0.16932387096774193,V12_STOP,1783083600000,1259,242200.75416226394,,114037414.62682502,1,161.5843495043425,,USD,LONG,dbf84542311c15f69508f91a0e7311ff7e686d96,V12,ADAUSDT,223012.59805957766,18183715.156775903
0.014322911009563732,C013000,1.0,[],19261206.082696196,137.93827032966263,0.174,1783094400000,,139.44295846948415,0.17589806451612902,V12_STOP,1783105200000,,0.0,False,441447.6431396981,275876.54065932526,1585497.3601110647,,0.17589806451612902,V12_STOP,1783105200000,1261,3009.376279643068,,1585497.3601110647,1,161.5843495043425,,USD,LONG,dbf84542311c15f69508f91a0e7311ff7e686d96,V12,ADAUSDT,2731.995050843921,18169874.92724596
0.019261375849108475,C013009,1.0,[],19405282.5988112,186.88622079693351,82.43,1783108800000,,187.6158239944345,82.75180645161291,V12_STOP,1783119600000,,0.0,False,175271.2468333107,373772.441593867,4534.422438358207,,82.75180645161291,V12_STOP,1783119600000,1262,1459.2063950019703,,4534.422438358207,1,161.5843495043425,,USD,LONG,dbf84542311c15f69508f91a0e7311ff7e686d96,V12,SOLUSDT,1084.7043502106023,18168844.84760217
0.025891094603310627,C013014,1.0,[],19656760.846517526,254.4675273359188,1762.94,1783116000000,,253.85777719027223,1758.7156774193547,V12_STOP,1783126800000,,-50.732130323638565,False,-286607.55530995986,508935.05467183754,288.68540884649366,,1758.7156774193547,V12_STOP,1783126800000,1263,-1219.5002912930697,,288.68540884649366,1,161.14605171208945,,USD,LONG,dbf84542311c15f69508f91a0e7311ff7e686d96,V12,ETHUSDT,-1778.5577261428991,18165308.031340145
0.014558933051256773,C013021,1.0,[],19597572.724288266,142.65987463002435,1.1341,1783123200000,,143.43677771920585,1.140276129032258,V12_STOP,1783134000000,,0.0,False,204286.38483493277,285319.7492600487,251582.53175209297,,1.140276129032258,V12_STOP,1783134000000,1264,1553.8061783630585,,251582.53175209297,1,161.14605171208945,,USD,LONG,dbf84542311c15f69508f91a0e7311ff7e686d96,V12,XRPUSDT,1267.7095260138283,18166718.400740787
1.0,C012887,1.0,[],16617593.438556958,8308.79671927848,0.006228,1782878400000,RECOVERY_V8,9069.235725378147,0.006798,RECOVERY_V8_MAX_HOLD,1783137600000,,-15402.491953020857,False,239801034.72191656,16617593.438556958,2668207038.9462037,,0.006798,RECOVERY_V8_MAX_HOLD,1783137600000,1247,1520878.0121993367,,2668207038.9462037,,161.14605171208945,RECOVERY_V8,USD,LONG,dbf84542311c15f69508f91a0e7311ff7e686d96,PENGU,PENGUUSDT,1488097.4878016592,19676647.31423064
0.9999640971812092,C013028,1.0,[],19772939.858606488,9886.11497716489,4.918,1783137600000,,9859.826878070435,4.904922580645161,V12_STOP,1783148400000,,0.0,False,-11654427.319483392,19772229.95432978,4020380.2265818994,,4.904922580645161,V12_STOP,1783148400000,1265,-52576.19818891357,,4020380.2265818994,1,161.14605171208945,,USD,LONG,dbf84542311c15f69508f91a0e7311ff7e686d96,V12,INJUSDT,-72322.1400441489,19613700.717560846
0.011954143829560948,C013032,1.0,[],19850288.67795243,118.6466029572743,83.34,1783144800000,,118.602515875658,83.30903225806452,V12_STOP,1783155600000,,-23.54139940606537,False,-56234.28060611597,237293.2059145486,2847.2906877195655,,83.30903225806452,V12_STOP,1783155600000,1266,-88.17416323260663,,2847.2906877195655,1,161.14605171208945,,USD,LONG,dbf84542311c15f69508f91a0e7311ff7e686d96,V12,SOLUSDT,-348.9646814716043,19612521.474813726
1.0,C013039,1.0,[],19785474.741346218,9892.737370673109,1757.36,1783159200000,,9984.887845131067,1773.7297419354838,V12_STOP,1783177200000,,0.0,False,26496169.423651785,19785474.741346218,11258.634964575396,,1773.7297419354838,V12_STOP,1783177200000,1267,184300.94891591565,,11258.634964575396,1,161.14605171208945,,USD,LONG,dbf84542311c15f69508f91a0e7311ff7e686d96,V12,ETHUSDT,164423.32370011148,19775476.80063919
0.02093962474695399,C013038,1.0,[],19775582.003975544,207.04663315793215,573.04,1783159200000,,207.3682247769428,573.930064516129,V12_STOP,1783177200000,,0.0,False,36865.1212075028,414093.2663158643,722.6254123898233,,573.930064516129,V12_STOP,1783177200000,1268,643.1832380213299,,722.6254123898233,2,161.14605171208945,,USD,LONG,dbf84542311c15f69508f91a0e7311ff7e686d96,V12,BNBUSDT,228.76838008645493,19775912.615652435
1.0,C013050,1.0,[],19643907.376105677,9821.95368805284,62909.2,1783180800000,,9885.434652130825,63315.79290322581,V12_STOP,1783191600000,,0.0,False,17283645.619511664,19643907.376105677,312.2581017737577,,63315.79290322581,V12_STOP,1783191600000,1269,126961.92815597373,,312.2581017737577,1,161.14605171208945,,USD,LONG,dbf84542311c15f69508f91a0e7311ff7e686d96,V12,BTCUSDT,107254.53981579008,19882211.58318976
0.0030106419898539016,C013052,1.0,[],19634085.422417626,29.555601002554443,1.1715,1783180800000,,29.78585090647257,1.1806264516129032,V12_STOP,1783191600000,,0.0,False,64645.0851689864,59111.202005108884,50457.70551012282,,1.1806264516129032,V12_STOP,1783191600000,1270,460.4998078362583,,50457.70551012282,2,161.14605171208945,,USD,LONG,dbf84542311c15f69508f91a0e7311ff7e686d96,V12,XRPUSDT,401.1583559272313,19882642.29714669
0.6,C012919,0.6,[],16811114.67543655,5043.334402630964,0.3272,1782943200000,,5202.094623740681,0.3375,Q102_TIME_EXIT,1783202400000,HIGH_VOL,8846.592656519488,False,-51392582.55953106,10086668.805261929,30827227.39994477,,0.3375,Q102_TIME_EXIT,1783202400000,1249,-317520.4422194321,,30827227.39994477,,161.14605171208945,,USD,SHORT,dbf84542311c15f69508f91a0e7311ff7e686d96,Q102,ONDOUSDT,-318919.2785892843,19546476.261661172
0.999978973125117,C013061,1.0,[],19307512.99171278,9653.5535075264,1791.97,1783195200000,,9648.509775029393,1791.033741935484,V12_STOP,1783206000000,,0.0,False,-4736006.4434496,19307107.0150528,10774.23562618392,,1791.033741935484,V12_STOP,1783206000000,1271,-10087.464994011325,,10774.23562618392,2,161.14605171208945,,USD,LONG,dbf84542311c15f69508f91a0e7311ff7e686d96,V12,ETHUSDT,-29389.528276567118,19485634.97093841
0.9995534711294383,C013065,1.0,[],19415939.955450725,9703.635088855763,1.1655,1783202400000,,9687.236091927252,1.1635303225806453,V12_STOP,1783213200000,,-1926.573281476811,False,-8720489.221820759,19407270.177711524,16651454.463930951,,1.1635303225806453,V12_STOP,1783213200000,1272,-32797.99385701816,,16651454.463930951,1,161.14605171208945,,USD,LONG,dbf84542311c15f69508f91a0e7311ff7e686d96,V12,XRPUSDT,-54115.43831927799,19430821.86052165
0.9816677855922054,C013068,1.0,[],19205042.93538666,9426.485985292125,63113.8,1783209600000,,9413.627024619394,63027.70451612904,V12_STOP,1783220400000,,0.0,False,-7180351.308420049,18852971.97058425,298.7139416511801,,63027.70451612904,V12_STOP,1783220400000,1273,-25717.921345461808,,298.7139416511801,1,161.14605171208945,,USD,LONG,dbf84542311c15f69508f91a0e7311ff7e686d96,V12,BTCUSDT,-44558.03435537333,19384543.693853978
0.9999956984305438,C013072,1.0,[],18973072.612362113,9486.495499186236,1765.84,1783216800000,,9471.814759110453,1763.1072903225806,V12_STOP,1783227600000,,0.0,False,-7786543.444105059,18972990.998372473,10744.456461725,,1763.1072903225806,V12_STOP,1783227600000,1274,-29361.48015156602,,10744.456461725,1,161.14605171208945,,USD,LONG,dbf84542311c15f69508f91a0e7311ff7e686d96,V12,ETHUSDT,-48319.790409862704,19335466.300859682
1.5,C012999,1.5,[],19625424.474659853,14719.06835599489,70.367,1783090800000,,14415.605353982739,68.25985714285714,HYPE_HARD_STOP,1783231200000,,-13605.94730027196,False,-104691211.55343676,29438136.71198978,418351.45326630067,,68.25985714285714,HYPE_HARD_STOP,1783231200000,1260,-606926.0040243038,"[{""cause"": ""V12"", ""fraction"": 0.023780551787243337, ""quantity"": 9948.628399667774, ""ts"": 1783137600000}, {""cause"": ""V12"", ""fraction"": 0.014220147095267083, ""quantity"": 5807.548243726121, ""ts"": 1783195200000}, {""cause"": ""V12"", ""fraction"": 0.3069898349264177, ""quantity"": 123592.6575126216, ""ts"": 1783202400000}, {""cause"": ""V12"", ""fraction"": 0.004239550629310908, ""quantity"": 1182.8457294284008, ""ts"": 1783216800000}]",277819.7733808567,,161.14605171208945,HYPE_TREND_LONG,USD,LONG,123df49950e3d5aba61e2d50e9ee1a37fae620d7,HYPE_LONG,HYPEUSDT,-649666.6250345533,18740578.380785942
0.985214950461291,C013075,1.0,[],18858960.6308338,9290.064981829182,570.76,1783224000000,,9306.618867465937,571.7770322580644,V12_STOP,1783234800000,,0.0,False,2338404.444461611,18580129.963658363,32553.314814735375,,571.7770322580644,V12_STOP,1783234800000,1275,33107.77127351266,,32553.314814735375,2,161.14605171208945,,USD,LONG,dbf84542311c15f69508f91a0e7311ff7e686d96,V12,BNBUSDT,14511.087424217543,18754989.060946412
1.0,C013079,1.0,[],18780944.491156213,9390.472245578107,0.189,1783231200000,,9602.130508891138,0.19326000000000002,V12_STOP,1783242000000,,-772.1066881884532,False,65030782.000344545,18780944.491156213,99370076.6727842,,0.19326000000000002,V12_STOP,1783242000000,1276,423316.52662606206,,99370076.6727842,1,161.14605171208945,,USD,LONG,dbf84542311c15f69508f91a0e7311ff7e686d96,V12,ADAUSDT,403551.81718340435,19167931.35037539
1.0,C013084,1.0,[],19167931.35037539,9583.965675187696,62602.5,1783245600000,,9600.923866196777,62713.27096774193,V12_STOP,1783256400000,,0.0,False,2373921.8484591516,19167931.35037539,306.18475860189915,,62713.27096774193,V12_STOP,1783256400000,1277,33916.38201816264,,306.18475860189915,1,161.14605171208945,,USD,LONG,dbf84542311c15f69508f91a0e7311ff7e686d96,V12,BTCUSDT,14731.492476778169,19182662.84285217
1.0,C013093,1.0,[],19182662.84285217,9591.331421426086,1778.48,1783274400000,,9610.666521584833,1782.0652258064517,V12_STOP,1783285200000,,0.0,False,3137223.9465798126,19182662.84285217,10785.987384087632,,1782.0652258064517,V12_STOP,1783285200000,1278,38670.200317493625,,10785.987384087632,1,161.14605171208945,,USD,LONG,dbf84542311c15f69508f91a0e7311ff7e686d96,V12,ETHUSDT,19468.202374482706,19202131.045226652
1.5,C013098,1.5,[],19202131.045226652,14401.59828391999,70.926,1783285200000,,14740.243912896718,72.59378571428572,HYPE_TAKE_PROFIT,1783303200000,,-1370.4955617595867,False,104225869.32001345,28803196.56783998,406102.08622846316,,72.59378571428572,HYPE_TAKE_PROFIT,1783303200000,1279,677291.2579534559,,406102.08622846316,,161.14605171208945,HYPE_TREND_LONG,USD,LONG,123df49950e3d5aba61e2d50e9ee1a37fae620d7,HYPE_LONG,HYPEUSDT,646778.9201948796,19834369.08153587
1.0,C013104,1.0,[],19363825.56306281,9681.912781531404,1785.19,1783296000000,,9735.036831035084,1794.9852258064518,V12_STOP,1783306800000,,0.0,False,13992496.890593015,19363825.56306281,10846.926973074467,,1794.9852258064518,V12_STOP,1783306800000,1280,106248.09900735662,,10846.926973074467,1,161.14605171208945,,USD,LONG,dbf84542311c15f69508f91a0e7311ff7e686d96,V12,ETHUSDT,86831.14939479013,19930882.14371219
0.5021117122956751,C013103,1.0,[],19354143.650281277,4858.9711041296,63617.0,1783296000000,,4873.729500152056,63810.22709677419,V12_STOP,1783306800000,,0.0,False,3188128.2223689076,9717942.208259199,152.75700218902492,,63810.22709677419,V12_STOP,1783306800000,1281,29516.792044914382,,152.75700218902492,2,161.14605171208945,,USD,LONG,dbf84542311c15f69508f91a0e7311ff7e686d96,V12,BTCUSDT,19784.09144063273,19955525.206256952
1.0,C013115,1.0,[],19955525.206256952,9977.762603128476,1773.7,1783317600000,,9964.05841574929,1771.263870967742,V12_STOP,1783328400000,,-1087.7909125619503,False,-7805590.307945618,19955525.206256952,11250.789426767182,,1771.263870967742,V12_STOP,1783328400000,1282,-27408.374758370253,,11250.789426767182,1,161.14605171208945,,USD,LONG,dbf84542311c15f69508f91a0e7311ff7e686d96,V12,ETHUSDT,-48437.98668980997,19907087.219567142
2.0,C013127,2.0,[],19907087.219567142,19907.087219567144,595.66,1783351800000,,19931.149776727416,596.38,BASIS_CONVERGED,1783362600000,,0.0,False,-14174946.760072641,39814174.439134285,66840.43655631448,,596.38,BASIS_CONVERGED,1783362600000,1283,-48125.11432054825,,66840.43655631448,,161.14605171208945,V50_POST_OPEN_BASIS,USD,SHORT,,V52,METAUSDT,-87963.3513168428,19809204.340741284
1.0,C013139,1.0,[],19954903.598900925,9977.451799450462,95.42,1783375200000,,9945.49583622236,95.1143870967742,V12_STOP,1783386000000,,-1969.3494780009435,False,-13929374.217901442,19954903.598900925,209127.05511319352,,95.1143870967742,V12_STOP,1783386000000,1285,-63911.92645620643,,209127.05511319352,1,162.33902759526939,,USD,LONG,dbf84542311c15f69508f91a0e7311ff7e686d96,V12,AAVEUSDT,-85804.22356988018,19710529.890546437
0.9974529113805435,C013140,1.0,[],19944926.147101473,9947.062326348145,0.1854,1783375200000,,9921.690169598265,0.18492709677419356,V12_STOP,1783386000000,,-927.9632685896305,False,-11613901.123930762,19894124.65269629,107303800.71572971,,0.18492709677419356,V12_STOP,1783386000000,1286,-50744.313499761425,,107303800.71572971,2,162.33902759526939,,USD,LONG,dbf84542311c15f69508f91a0e7311ff7e686d96,V12,ADAUSDT,-71541.02926429747,19649863.88687708
1.0,C013129,1.0,[],19839055.01802703,9919.527509013515,0.006762,1783357200000,RECOVERY_V8,9423.55113356284,0.00635628,RECOVERY_V8_HARD_STOP,1783476000000,,-7331.531290231847,False,-164906619.62459078,19839055.01802703,2933903433.603524,"{""fraction"": 0.5, ""price"": 0.00649152, ""ts"": 1783458000000}",0.00635628,RECOVERY_V8_HARD_STOP,1783476000000,1284,-991952.7509013517,,1466951716.801762,,161.89101723082305,RECOVERY_V8,USD,LONG,dbf84542311c15f69508f91a0e7311ff7e686d96,PENGU,PENGUUSDT,-1018627.3608341599,18637316.477793545
1.0,C013194,1.0,[],18320778.38135141,9160.389190675705,0.1673,1783512000000,,9136.367963019537,0.16686129032258065,V12_STOP,1783522800000,,0.0,False,4815561.333143668,18320778.38135141,109508537.84430012,,0.16686129032258065,V12_STOP,1783522800000,1288,48042.45531233783,,109508537.84430012,1,161.89101723082305,,USD,SHORT,dbf84542311c15f69508f91a0e7311ff7e686d96,V12,ADAUSDT,29745.698158642586,18668532.17959228
0.75,C013165,0.75,[],19373113.176840406,7264.917441315152,3.244,1783443600000,,7435.118959669021,3.32,Q102_TIME_EXIT,1783530000000,MR,4371.939528031887,False,-56780219.9898974,14529834.882630304,4478987.32510182,,3.32,Q102_TIME_EXIT,1783530000000,1287,-340403.0367077366,,4478987.32510182,,161.89101723082305,,USD,SHORT,dbf84542311c15f69508f91a0e7311ff7e686d96,Q102,UNIUSDT,-350731.13358068885,18290050.725463666
1.9677214846346711,C013203,2.0,[],18555460.408626217,18255.98905167092,243.31,1783528200000,,18147.192930981586,241.86,BASIS_CONVERGED,1783531800000,,0.0,False,29332881.136717994,36511978.10334184,150063.6147439145,,241.86,BASIS_CONVERGED,1783531800000,1291,217592.24137867434,,150063.6147439145,,161.89101723082305,V50_POST_OPEN_BASIS,USD,SHORT,,V52,AMZNUSDT,181189.05939602185,18489495.773911357
0.5,C013201,0.5,[],18481886.50717303,4620.471626793258,0.07184,1783526400000,,4631.8493597488105,0.07201690322580645,V12_STOP,1783537200000,,0.0,False,-5181773.180167525,9240943.253586516,128632283.59669426,,0.07201690322580645,V12_STOP,1783537200000,1289,-22755.46591110519,,128632283.59669426,1,161.89101723082305,,USD,SHORT,dbf84542311c15f69508f91a0e7311ff7e686d96,V12,DOGEUSDT,-32007.78689764726,18462108.458640505
1.0,C013200,1.0,[],18477266.03554624,9238.63301777312,6.379,1783526400000,,9257.600926613195,6.392096774193549,V12_STOP,1783537200000,,0.0,False,-9135842.241918746,18477266.03554624,2896577.212031077,,6.392096774193549,V12_STOP,1783537200000,1290,-37935.81768015149,,2896577.212031077,2,161.89101723082305,,USD,SHORT,dbf84542311c15f69508f91a0e7311ff7e686d96,V12,AVAXUSDT,-56432.05162453781,18414915.04003374
1.0,C013206,1.0,[],18414915.04003374,9207.45752001687,0.216,1783537200000,,9186.143960942756,0.2155,OVERLAY_HOLD,1783580400000,,-238.01371468903545,False,3898953.610235561,18414915.04003374,85254236.29645249,,0.2155,OVERLAY_HOLD,1783580400000,1292,42627.118148226284,,85254236.29645249,0,162.48684672044897,IDLE_JUP_RELATIVE_SHORT,USD,SHORT,53eeff5417636369d4709fddfd47d7916ddcf3b1,IDLE,JUPUSDT,23995.502952577626,18438910.542986322
2.0,C013241,2.0,[],19374147.51310089,19374.14751310089,376.06,1783614600000,,19637.408412404046,381.17,BASIS_CONVERGED,1783621800000,,0.0,False,79214002.077126,38748295.02620178,103037.53397383868,,381.17,BASIS_CONVERGED,1783621800000,1295,526521.798606317,,103037.53397383868,,162.48684672044897,V50_POST_OPEN_BASIS,USD,LONG,,V52,MSFTUSDT,487510.2426808121,18906350.82636964
1.0,C013223,1.0,[],18438910.542986322,9219.455271493161,0.2155,1783580400000,,8984.15594901886,0.21,OVERLAY_HOLD,1783623600000,,-409.1737995983849,False,73441757.142012,18438910.542986322,85563389.9906558,,0.21,OVERLAY_HOLD,1783623600000,1293,470598.6449486073,,85563389.9906558,0,162.48684672044897,IDLE_JUP_RELATIVE_SHORT,USD,SHORT,53eeff5417636369d4709fddfd47d7916ddcf3b1,IDLE,JUPUSDT,451985.85992849694,19367965.31536923
0.5,C013245,0.5,[],19432155.116398256,4858.038779099564,0.07291,1783620000000,,4866.700760189715,0.07304,V12_STOP,1783630800000,,0.0,False,-4395058.250298333,9716077.558199128,133261247.54079176,,0.07304,V12_STOP,1783630800000,1296,-17323.96218030176,,133261247.54079176,1,162.48684672044897,,USD,SHORT,dbf84542311c15f69508f91a0e7311ff7e686d96,V12,DOGEUSDT,-27048.701719591038,19345774.65242874
0.75,C013227,0.75,[],18601274.669244453,6975.47800096667,3.357,1783587600000,,7334.953036464802,3.53,Q102_TIME_EXIT,1783674000000,MR,4258.84411998251,False,-118399814.52359858,13950956.00193334,4155780.757203854,,3.53,Q102_TIME_EXIT,1783674000000,1294,-718950.070996265,,4155780.757203854,,162.41364232619154,,USD,SHORT,dbf84542311c15f69508f91a0e7311ff7e686d96,Q102,UNIUSDT,-729001.657913714,18622417.857144754
0.75,C013270,0.75,[],18622417.857144754,6983.406696429282,6.74,1783674000000,,6939.889918795747,6.698,Q102_TIME_EXIT,1783760400000,MR,1965.674189650118,False,12152711.368620796,13966813.392858565,2072227.5063588375,,6.698,Q102_TIME_EXIT,1783760400000,1297,87033.5552670708,,2072227.5063588375,,161.87226596675416,,USD,SHORT,dbf84542311c15f69508f91a0e7311ff7e686d96,Q102,AVAXUSDT,75075.93284149589,18697493.789986253
0.5,C013314,0.5,[],18697493.789986253,4674.373447496563,45.12,1783785600000,,4672.441832982827,45.101354838709675,V12_STOP,1783796400000,,0.0,False,-2138339.8056493625,9348746.894993126,207197.40458761362,,45.101354838709675,V12_STOP,1783796400000,1298,-3863.2290274722995,,207197.40458761362,1,161.87226596675416,,USD,LONG,dbf84542311c15f69508f91a0e7311ff7e686d96,V12,LTCUSDT,-13210.044307951688,18662102.489783343
2.5,C013316,2.5,[],18676243.62417175,23345.304530214686,0.1633,1783789200000,,22802.058007160085,0.1595,Q102_TIME_EXIT,1783832400000,PB,6904.234429189945,False,169520717.26032093,46690609.06042937,285919222.66031456,,0.1595,Q102_TIME_EXIT,1783832400000,1299,1086493.0461091946,,285919222.66031456,,161.87226596675416,,USD,SHORT,dbf84542311c15f69508f91a0e7311ff7e686d96,Q102,FETUSDT,1047249.9180010097,19731533.66367931
1.0,C013337,1.0,[],19731533.66367931,9865.766831839655,63928.4,1783850400000,,9882.030224929493,64033.783870967745,V12_STOP,1783868400000,,0.0,False,2068563.926089627,19731533.66367931,308.65051626005516,,64033.783870967745,V12_STOP,1783868400000,1300,32526.78617967718,,308.65051626005516,1,161.87226596675416,,USD,LONG,dbf84542311c15f69508f91a0e7311ff7e686d96,V12,BTCUSDT,12778.98912290803,19744312.652802214
2.0,C013381,2.0,[],20274599.780781213,20274.599780781213,395.82,1783963800000,,20164.985199580486,393.68,TIME_OR_SESSION_FLAT,1783971000000,,0.0,False,28941074.028390437,40549199.56156243,102443.53383245523,,393.68,TIME_OR_SESSION_FLAT,1783971000000,1302,219229.16240145278,,102443.53383245523,,161.87226596675416,V50_POST_OPEN_BASIS,USD,SHORT,,V52,MSFTUSDT,178789.57742109106,19909185.921125952
1.0,C013412,1.0,[],20095404.469291978,10047.702234645989,0.005924,1784037600000,RECOVERY_V8,10336.904413584121,0.00609451,RECOVERY_V8_TRAILING_STOP,1784134800000,,-6677.991174469122,False,89437736.98159571,20095404.469291978,3392201969.833217,,0.00609451,RECOVERY_V8_TRAILING_STOP,1784134800000,1303,578404.3578762634,,3392201969.833217,,162.21832529592282,RECOVERY_V8,USD,LONG,dbf84542311c15f69508f91a0e7311ff7e686d96,PENGU,PENGUUSDT,551341.7600535642,20436301.194727067
1.0,C013439,1.0,[],20707079.1067667,10353.53955338335,2.084,1784124000000,,10339.05190593697,2.081083870967742,V12_STOP,1784134800000,,-2061.765314133441,False,-8391497.461434351,20707079.1067667,9936218.38136598,,2.081083870967742,V12_STOP,1784134800000,1304,-28975.29489275822,,9936218.38136598,1,162.21832529592282,,USD,LONG,dbf84542311c15f69508f91a0e7311ff7e686d96,V12,NEARUSDT,-51729.65166621198,20396986.84792837
1.0,C013356,1.0,[],19744312.652802214,9872.156326401107,0.09034,1783915200000,,9498.426255155902,0.08692,Q102_TIME_EXIT,1784174400000,HIGH_VOL,-17778.40505581355,False,-127411277.4699874,19744312.652802214,218555597.2194179,,0.08692,Q102_TIME_EXIT,1784174400000,1301,-747460.1424904106,,218555597.2194179,,162.38821672803786,,USD,LONG,dbf84542311c15f69508f91a0e7311ff7e686d96,Q102,ARBUSDT,-784609.1301277813,19638105.20848287
1.0,C013463,1.0,[],19638105.20848287,9819.052604241435,0.4017,1784206800000,,9283.734575780178,0.3798,OVERLAY_HOLD,1784293200000,,-1932.3851526405074,False,170240924.84945214,19638105.20848287,48887491.18367655,,0.3798,OVERLAY_HOLD,1784293200000,1305,1070636.0569225152,,48887491.18367655,0,162.19586639923259,IDLE_TIA_BREAKDOWN_SHORT_VOLCAP100,USD,SHORT,53eeff5417636369d4709fddfd47d7916ddcf3b1,IDLE,TIAUSDT,1049600.884589853,20687706.093072712
1.0,C013517,1.0,[],21834715.10465997,10917.357552329986,88.37,1784368800000,,10917.357552329986,88.37,Q102_PREEMPT:HIGH_VOL:V12_R1,1784368800000,,0.0,False,-3544918.9848536286,21834715.10465997,247082.89130542005,,87.62,V12_STOP,1784379600000,1308,0.0,,247082.89130542005,1,162.35242675994755,,USD,SHORT,dbf84542311c15f69508f91a0e7311ff7e686d96,V12,AAVEUSDT,-21834.715104659972,20640341.552388467
1.0,C013495,1.0,[],20687706.093072712,10343.853046536356,0.3827,1784296800000,,9700.571879806372,0.3589,OVERLAY_HOLD,1784383200000,,-8965.928894571904,False,204166615.67117667,20687706.093072712,54057240.90167942,,0.3589,OVERLAY_HOLD,1784383200000,1306,1286562.3334599696,,54057240.90167942,0,162.35242675994755,IDLE_TIA_BREAKDOWN_SHORT_VOLCAP100,USD,SHORT,53eeff5417636369d4709fddfd47d7916ddcf3b1,IDLE,TIAUSDT,1257551.9796390547,21901491.1300705
0.07899008919505501,C013521,1.0,[],21327922.534035552,842.347251654346,88.14,1784376000000,,840.6473523937774,87.96212903225806,V12_STOP,1784386800000,,0.0,False,278727.28221041145,1684694.503308692,19113.84732594386,,87.96212903225806,V12_STOP,1784386800000,1310,3399.7985211372993,,19113.84732594386,1,162.35242675994755,,USD,SHORT,dbf84542311c15f69508f91a0e7311ff7e686d96,V12,AAVEUSDT,1716.8039170891757,21904050.281239245
0.5,C013537,0.5,[],21066216.178672887,5266.554044668222,0.07249,1784419200000,,5266.104070088158,0.07248380645161291,V12_STOP,1784430000000,,0.0,False,-1563893.675056089,10533108.089336444,145304291.4793274,,0.07248380645161291,V12_STOP,1784430000000,1311,899.9491601286512,,145304291.4793274,1,162.35242675994755,,USD,SHORT,dbf84542311c15f69508f91a0e7311ff7e686d96,V12,DOGEUSDT,-9632.708954627728,21897617.25760859
0.9424901032547579,C013548,1.0,[],21348667.34022145,10060.453842918396,1.488,1784455200000,,9976.44224865261,1.475574193548387,V12_STOP,1784466000000,,0.0,False,24025933.704841476,20120907.685836792,13522115.38026666,,1.475574193548387,V12_STOP,1784466000000,1312,168023.1885315722,,13522115.38026666,1,162.35242675994755,,USD,SHORT,dbf84542311c15f69508f91a0e7311ff7e686d96,V12,ATOMUSDT,147986.2924400012,22049615.319360904
0.05314405592147953,C013552,1.0,[],21652782.64239789,575.3583458016174,1870.19,1784462400000,,574.2529800491973,1866.5970322580645,V12_STOP,1784473200000,,0.0,False,172275.43614289074,1150716.6916032347,615.2940030709365,,1866.5970322580645,V12_STOP,1784473200000,1313,2210.731504840287,,615.2940030709365,1,162.35242675994755,,USD,SHORT,dbf84542311c15f69508f91a0e7311ff7e686d96,V12,ETHUSDT,1061.1201789894724,22041183.072395056
0.9342486149896816,C013555,1.0,[],21554702.52584073,10068.725490640645,89.54,1784469600000,,10052.92452648794,89.39948387096774,V12_STOP,1784480400000,,2014.8695928221923,False,2190970.0079818945,20137450.98128129,224898.93881261212,,89.39948387096774,V12_STOP,1784480400000,1314,31601.928305412217,,224898.93881261212,2,162.35242675994755,,USD,SHORT,dbf84542311c15f69508f91a0e7311ff7e686d96,V12,AAVEUSDT,13495.147881105822,22065036.759346273
0.03929167557939062,C013560,1.0,[],21463111.533195864,421.6608076433045,1.916,1784476800000,,418.1595094021826,1.9000903225806451,V12_STOP,1784487600000,,84.37617622674478,False,1014240.3429694504,843321.615286609,440146.9808385225,,1.9000903225806451,V12_STOP,1784487600000,1315,7002.596482243824,,440146.9808385225,2,162.35242675994755,,USD,SHORT,dbf84542311c15f69508f91a0e7311ff7e686d96,V12,NEARUSDT,6247.152341425081,22066258.332409807
0.5,C013563,0.5,[],21451455.637237273,5362.863909309319,0.07222,1784484000000,,5325.998741245664,0.07172354838709677,V12_STOP,1784494800000,,0.0,False,10234936.205474071,10725727.818618637,148514647.17001712,,0.07172354838709677,V12_STOP,1784494800000,1316,73730.33612731016,,148514647.17001712,1,162.35242675994755,,USD,SHORT,dbf84542311c15f69508f91a0e7311ff7e686d96,V12,DOGEUSDT,63041.47347675518,22130364.150528617
0.45765649291016874,C013568,1.0,[],21348148.891685456,4885.059475946436,1861.81,1784491200000,,4878.2243329848,1859.2049677419354,V12_STOP,1784502000000,,0.0,False,634311.2746195849,9770118.951892871,5247.645544869171,,1859.2049677419354,V12_STOP,1784502000000,1317,13670.285923272711,,5247.645544869171,1,162.35242675994755,,USD,SHORT,dbf84542311c15f69508f91a0e7311ff7e686d96,V12,ETHUSDT,3907.002114341477,22139156.212118905
0.5,C013574,0.5,[],21298505.00453405,5324.626251133513,0.07238,1784505600000,,5317.359939114968,0.07228122580645162,V12_STOP,1784516400000,,0.0,False,631654.4960786734,10649252.502267025,147129766.5414068,,0.07228122580645162,V12_STOP,1784516400000,1318,14532.624037089112,,147129766.5414068,2,162.35242675994755,,USD,SHORT,dbf84542311c15f69508f91a0e7311ff7e686d96,V12,DOGEUSDT,3890.63784684063,22144013.63348951
0.9043279023633,C013584,1.0,[],20825820.780704424,9416.685410804228,1.456,1784534400000,,9412.804908574499,1.4554,V12_STOP,1784545200000,,0.0,False,-1796995.5399170779,18833370.821608454,12935007.432423389,,1.4554,V12_STOP,1784545200000,1319,7761.004459453178,,12935007.432423389,1,162.35242675994755,,USD,SHORT,dbf84542311c15f69508f91a0e7311ff7e686d96,V12,ATOMUSDT,-11068.48585992555,22133719.824498523
1.0,C013502,1.0,[],20752292.6759561,10376.14633797805,0.005885,1784318400000,SHORT_V20,11206.238045016296,0.0063558,SHORT_HARD_STOP,1784548800000,,13092.97259850534,False,-270913082.74690926,20752292.6759561,3526302918.599168,,0.0063558,SHORT_HARD_STOP,1784548800000,1307,-1660183.4140764896,,3526302918.599168,,162.35242675994755,SHORT_V20,USD,SHORT,dbf84542311c15f69508f91a0e7311ff7e686d96,PENGU,PENGUUSDT,-1668672.8258609786,20462320.924218487
1.0,C013518,1.0,[],21812880.38955531,10906.440194777655,0.3453,1784368800000,,12694.174092908019,0.4019,Q102_TIME_EXIT,1784628000000,HIGH_VOL,-7918.673177262865,False,575480663.6810514,21812880.38955531,63170809.12121433,,0.4019,Q102_TIME_EXIT,1784628000000,1309,3575467.79626073,,63170809.12121433,,162.38403640819183,,USD,LONG,dbf84542311c15f69508f91a0e7311ff7e686d96,Q102,ONDOUSDT,3543948.5087957815,24019343.47592391
1.0,C013637,1.0,[],23924460.411587987,11962.230205793994,78.3,1784685600000,,11964.280338767096,78.3134193548387,V12_STOP,1784696400000,,0.0,False,-3226583.2643782734,23924460.411587987,305548.664260383,,78.3134193548387,V12_STOP,1784696400000,1321,4100.265946201857,,305548.664260383,1,162.7430373095113,,USD,LONG,dbf84542311c15f69508f91a0e7311ff7e686d96,V12,SOLUSDT,-19826.244598359233,23992319.709695138
0.75,C013627,0.75,[],24019343.47592391,9007.253803471467,3.698,1784653200000,,9372.610231411087,3.848,Q102_TIME_EXIT,1784739600000,MR,5467.1935876884945,False,-121019876.7752482,18014507.606942933,4871419.039194952,,3.848,Q102_TIME_EXIT,1784739600000,1320,-730712.8558792423,,4871419.039194952,,162.7430373095113,,USD,SHORT,dbf84542311c15f69508f91a0e7311ff7e686d96,Q102,UNIUSDT,-743625.5263264363,23255891.70499911
1.0,C013663,1.0,[],23255891.70499911,11627.945852499555,195.66,1784775600000,,11529.293138019595,194.0,OVERLAY_HOLD,1784818800000,,3566.378330328602,False,28979874.77279027,23255891.70499911,118858.6921445319,,194.0,OVERLAY_HOLD,1784818800000,1322,197305.42895992254,,118858.6921445319,0,163.06977559607293,IDLE_TAO_BREAKDOWN_SHORT_RELWEAK2,USD,SHORT,53eeff5417636369d4709fddfd47d7916ddcf3b1,IDLE,TAOUSDT,177714.568299732,23424932.364468183
2.0,C013679,2.0,[],23674015.45188707,23674.015451887073,608.58,1784824200000,,23674.015451887073,608.58,TIME_OR_SESSION_FLAT,1784835000000,,0.0,False,-7721032.774394376,47348030.90377414,77800.83292874254,,608.58,TIME_OR_SESSION_FLAT,1784835000000,1324,0.0,,77800.83292874254,,163.06977559607293,V50_POST_OPEN_BASIS,USD,SHORT,,V52,METAUSDT,-47348.030903774146,23379291.229287114
0.75,C013670,0.75,[],23130423.548416473,8673.908830656179,3.857,1784797200000,,8655.917834896456,3.849,Q102_TIME_EXIT,1784883600000,MR,5126.9840166269005,False,3887281.332651671,17347817.661312357,4497748.9399306085,,3.849,Q102_TIME_EXIT,1784883600000,1323,35981.9915194449,,4497748.9399306085,,163.4743679775281,,USD,SHORT,dbf84542311c15f69508f91a0e7311ff7e686d96,Q102,UNIUSDT,23779.148870519162,23410037.391265586
2.0,C013708,2.0,[],23410037.391265586,23410.037391265585,606.87,1784914200000,,23269.624228472552,603.23,TIME_OR_SESSION_FLAT,1784921400000,,0.0,False,38276977.90594127,46820074.78253117,77150.08944672033,,603.23,TIME_OR_SESSION_FLAT,1784921400000,1325,280826.32558606094,,77150.08944672033,,163.4743679775281,V50_POST_OPEN_BASIS,USD,SHORT,,V52,METAUSDT,234146.66396632278,23644184.05523191
1.0,C013732,1.0,[],23644184.05523191,11822.092027615956,6.61,1784995200000,,11954.442225807117,6.684,FORMAL_PRIORITY,1785002400000,,-2346.890946843821,False,39084095.88548096,23644184.05523191,3577032.383544918,,6.764,OVERLAY_HOLD,1785038400000,1326,264700.3963823234,,3577032.383544918,2,163.8217456271425,AVAX_REL_LONG,USD,LONG,53eeff5417636369d4709fddfd47d7916ddcf3b1,RESIDUAL,AVAXUSDT,238576.9711820565,23882761.02641397
1.0,C013741,1.0,[],23770421.044021767,11885.210522010884,64375.7,1785009600000,,11871.877671812581,64303.48322580645,V12_STOP,1785020400000,,0.0,False,476493.9284119814,23770421.044021767,369.24524384234684,,64303.48322580645,V12_STOP,1785020400000,1328,26665.700396604403,,369.24524384234684,1,163.8217456271425,,USD,SHORT,dbf84542311c15f69508f91a0e7311ff7e686d96,V12,BTCUSDT,2908.612202780938,23860691.80506916
0.9987142828809197,C013746,1.0,[],23725054.617429376,11847.275454278317,1.384,1785016800000,,11846.50227762178,1.3839096774193547,V12_STOP,1785027600000,,2367.7430568304785,False,-3240341.928671227,23694550.908556633,17120340.25184728,,1.3839096774193547,V12_STOP,1785027600000,1329,1546.3533130712553,,17120340.25184728,1,163.8217456271425,,USD,SHORT,dbf84542311c15f69508f91a0e7311ff7e686d96,V12,ATOMUSDT,-19779.681361998362,23851572.892604295
1.0,C013767,1.0,[],24483777.699029516,12241.888849514758,74.99,1785045600000,,12210.440114324563,74.79735483870968,V12_STOP,1785056400000,,2223.5671288515614,False,6662418.82630997,24483777.699029516,326493.901840639,,74.79735483870968,V12_STOP,1785056400000,1330,62897.470380394196,,326493.901840639,1,163.8217456271425,,USD,SHORT,dbf84542311c15f69508f91a0e7311ff7e686d96,V12,SOLUSDT,40668.708545406436,23878379.06951104
0.9976756210888338,C013768,1.0,[],24471535.81018,12207.327344209485,1.0989,1785045600000,,12176.043870790332,1.0960838709677418,V12_STOP,1785056400000,,773.1371526163915,False,6381956.690846771,24414654.68841897,22217357.983819246,,1.0960838709677418,V12_STOP,1785056400000,1331,62566.94683830558,,22217357.983819246,2,163.8217456271425,,USD,SHORT,dbf84542311c15f69508f91a0e7311ff7e686d96,V12,XRPUSDT,38956.712775922155,23928769.972478557
1.0,C013786,1.0,[],24272187.21043626,12136.09360521813,1.393,1785067200000,,12073.197147147872,1.3857806451612902,V12_STOP,1785078000000,,0.0,False,16641606.838219874,24272187.21043626,17424398.57174175,,1.3857806451612902,V12_STOP,1785078000000,1332,125792.91614051253,,17424398.57174175,1,163.8217456271425,,USD,SHORT,dbf84542311c15f69508f91a0e7311ff7e686d96,V12,ATOMUSDT,101583.62538814652,24017021.71125388
1.0,C013790,1.0,[],24243444.847461063,12121.722423730533,74.89,1785074400000,,12130.274916345537,74.94283870967742,V12_STOP,1785085200000,,603.5350400392383,False,-6676300.914696457,24243444.847461063,323720.72169129475,,74.94283870967742,V12_STOP,1785085200000,1333,-17104.98523001016,,323720.72169129475,1,163.8217456271425,,USD,SHORT,dbf84542311c15f69508f91a0e7311ff7e686d96,V12,SOLUSDT,-40753.44753004699,23987179.24959641
1.0,C013798,1.0,[],24258097.29287415,12129.048646437075,0.1644,1785088800000,,12124.193599886818,0.1643341935483871,V12_STOP,1785099600000,,0.0,False,-2382484.0799827217,24258097.29287415,147555336.33135128,,0.1643341935483871,V12_STOP,1785099600000,1334,9710.093100512418,,147555336.33135128,2,163.8217456271425,,USD,SHORT,dbf84542311c15f69508f91a0e7311ff7e686d96,V12,ADAUSDT,-14543.149145811474,23971433.567755684
1.0,C013810,1.0,[],24183900.089259483,12091.950044629742,1.389,1785117600000,,12106.047350471505,1.3906193548387098,V12_STOP,1785128400000,,0.0,False,-8583048.67722104,24183900.089259483,17411015.183052182,,1.3906193548387098,V12_STOP,1785128400000,1335,-28194.611683525094,,17411015.183052182,1,163.8217456271425,,USD,SHORT,dbf84542311c15f69508f91a0e7311ff7e686d96,V12,ATOMUSDT,-52392.60907862634,23904533.713072177
0.9994997498749376,C013809,1.0,[],24171808.139214855,12079.858094585115,0.1647,1785117600000,,12088.943363026896,0.16482387096774193,V12_STOP,1785128400000,,0.0,False,-6936104.315749138,24159716.18917023,146689230.04960674,,0.16482387096774193,V12_STOP,1785128400000,1336,-18170.536883560824,,146689230.04960674,2,163.8217456271425,,USD,SHORT,dbf84542311c15f69508f91a0e7311ff7e686d96,V12,ADAUSDT,-42339.338341172835,23874274.23282559
1.0,C013818,1.0,[],24350024.632407326,12175.012316203663,0.1649,1785139200000,,12161.198456105856,0.16471290322580645,V12_STOP,1785150000000,,0.0,False,539220.8194738388,24350024.632407326,147665401.04552653,,0.16471290322580645,V12_STOP,1785150000000,1337,27627.72019561345,,147665401.04552653,1,163.8217456271425,,USD,SHORT,dbf84542311c15f69508f91a0e7311ff7e686d96,V12,ADAUSDT,3291.509423303929,23876347.755778268
0.5,C013825,0.5,[],24138413.456598233,6034.603364149559,0.07274,1785160800000,,5887.9726772000495,0.07097254064516129,V12_STOP,1785164400000,,0.0,False,-49995767.41661759,12069206.728299117,165922556.06680116,,0.07097254064516129,V12_STOP,1785164400000,1338,-293261.37389901857,,165922556.06680116,1,163.8217456271425,,USD,LONG,dbf84542311c15f69508f91a0e7311ff7e686d96,V12,DOGEUSDT,-305183.9499403682,23569942.95755696
2.0,C013828,2.0,[],23287577.673013963,23287.577673013962,601.36,1785166200000,,23320.493798167052,602.21,BASIS_CONVERGED,1785169800000,,0.0,False,3149338.5349980067,46575155.346027926,77449.70624256339,,602.21,BASIS_CONVERGED,1785169800000,1339,65832.25030618065,,77449.70624256339,,163.8217456271425,V50_POST_OPEN_BASIS,USD,LONG,,V52,METAUSDT,19224.178834999635,23588006.76770237
1.0,C013735,1.0,[],23882761.02641397,11941.380513206985,0.006259,1785002400000,RECOVERY_V8,11344.311487546634,0.005883459999999999,RECOVERY_V8_HARD_STOP,1785204000000,,-16193.36288750939,False,-201869540.85886762,23882761.02641397,3815747088.418912,"{""fraction"": 0.5, ""price"": 0.00600864, ""ts"": 1785189600000}",0.005883459999999999,RECOVERY_V8_HARD_STOP,1785204000000,1327,-1194138.0513206993,,1907873544.209456,,163.64035472824656,RECOVERY_V8,USD,LONG,dbf84542311c15f69508f91a0e7311ff7e686d96,PENGU,PENGUUSDT,-1233617.1062089624,22380785.091977548
1.0,C013851,1.0,[],22380785.091977548,11190.392545988774,4.712,1785204000000,,11223.793958648634,4.726064516129032,V12_STOP,1785214800000,,0.0,False,-14599503.462732092,22380785.091977548,4749742.167227833,,4.726064516129032,V12_STOP,1785214800000,1340,-66802.82531972048,,4749742.167227833,1,163.64035472824656,,USD,SHORT,dbf84542311c15f69508f91a0e7311ff7e686d96,V12,INJUSDT,-89217.01182435788,22291568.080153193
2.0,C013878,2.0,[],22573942.398771636,22573.942398771636,309.92,1785256200000,,22358.34201964036,306.96,BASIS_CONVERGED,1785267000000,,0.0,False,63209110.08019328,45147884.79754327,145675.93184545453,,306.96,BASIS_CONVERGED,1785267000000,1342,431200.7582625507,,145675.93184545453,,163.64035472824656,V50_POST_OPEN_BASIS,USD,SHORT,,V52,TSLAUSDT,386268.4738441387,22671085.47598603
1.0,C013861,1.0,[],22291568.080153193,11145.784040076596,0.771,1785218400000,,11001.221341761726,0.761,OVERLAY_HOLD,1785304800000,,6600.732805057035,False,44843197.31991544,22291568.080153193,28912539.66297431,,0.761,OVERLAY_HOLD,1785304800000,1341,289125.39662974334,,28912539.66297431,0,163.91308172780856,IDLE_DOT_MOMENTUM_SHORT_BTCREL,USD,SHORT,53eeff5417636369d4709fddfd47d7916ddcf3b1,IDLE,DOTUSDT,273579.12405296206,22951415.678050295
0.75,C013904,0.75,[],22951415.678050295,8606.780879268861,4.047,1785330000000,,8919.4067229191,4.194,Q102_TIME_EXIT,1785416400000,MR,5067.516056121039,False,-104381641.95285292,17213561.75853772,4253412.83877878,,4.194,Q102_TIME_EXIT,1785416400000,1343,-625251.6873004817,,4253412.83877878,,163.68189806678384,,USD,SHORT,dbf84542311c15f69508f91a0e7311ff7e686d96,Q102,UNIUSDT,-637710.3588465486,22313705.31920375
2.0,C013960,2.0,[],22858469.071174957,22858.469071174957,309.71,1785511800000,,22763.259277814024,308.42,BASIS_CONVERGED,1785515400000,,0.0,False,23593370.109049007,45716938.14234991,147612.08273013437,,308.42,BASIS_CONVERGED,1785515400000,1345,190419.58672186796,,147612.08273013437,,162.94004879749042,V50_POST_OPEN_BASIS,USD,SHORT,,V52,TSLAUSDT,144797.85837287898,22439339.933207825
1.0,C013989,1.0,[],22579356.27485077,11289.678137425386,90.0,1785614400000,,11196.018320160567,89.25335483870968,V12_STOP,1785625200000,,0.0,False,26412180.777884085,22579356.27485077,250881.73638723078,,89.25335483870968,V12_STOP,1785625200000,1346,187319.63452963874,,250881.73638723078,1,160.2350892468437,,USD,SHORT,dbf84542311c15f69508f91a0e7311ff7e686d96,V12,AAVEUSDT,164833.93807205278,22598795.690111358
1.0,C013933,1.0,[],22313705.31920375,11156.852659601875,0.005868,1785420000000,RECOVERY_V8,11776.677807357535,0.006194,RECOVERY_V8_MAX_HOLD,1785679200000,,-18008.734662550974,False,192075088.22913733,22313705.31920375,3802608268.43963,,0.006194,RECOVERY_V8_MAX_HOLD,1785679200000,1344,1239650.295511319,,3802608268.43963,,160.2350892468437,RECOVERY_V8,USD,LONG,dbf84542311c15f69508f91a0e7311ff7e686d96,PENGU,PENGUUSDT,1198708.0303818085,23822045.146030486
1.0,C014012,1.0,[],23822045.146030486,11911.022573015243,6.573,1785679200000,,11936.392163160108,6.587,FORMAL_PRIORITY,1785686400000,,-2387.2784326320216,False,3926478.6807695567,23822045.146030486,3624227.163552485,,6.5,OVERLAY_HOLD,1785722400000,1347,50739.18028973242,,3624227.163552485,2,160.2350892468437,AVAX_REL_LONG,USD,LONG,53eeff5417636369d4709fddfd47d7916ddcf3b1,RESIDUAL,AVAXUSDT,24504.487120925045,23846549.63315141
1.0,C014014,1.0,[],23846549.63315141,11923.274816575704,4.996,1785686400000,,12264.353335825665,5.138916129032259,V12_STOP,1785704400000,,0.0,False,105429787.18872832,23846549.63315141,4773128.42937378,,5.138916129032259,V12_STOP,1785704400000,1348,682157.0384999233,,4773128.42937378,1,160.2350892468437,,USD,LONG,dbf84542311c15f69508f91a0e7311ff7e686d96,V12,INJUSDT,657969.410347522,24504519.04349893
1.0,C014049,1.0,[],24504519.04349893,12252.259521749465,0.1454,1785790800000,,12403.938112802762,0.1472,FET_24H_TIME_EXIT,1785877200000,,-7048.630525072479,False,42562401.32538776,24504519.04349893,168531767.83699402,,0.1472,FET_24H_TIME_EXIT,1785877200000,1349,303357.18210658856,,168531767.83699402,,156.679670567837,,USD,LONG,dbf84542311c15f69508f91a0e7311ff7e686d96,FET,FETUSDT,271652.3539469639,24776171.39744591
2.0,C014130,2.0,[],24967501.30284673,24967.50130284673,593.79,1786030200000,,24801.412904345165,589.84,BASIS_CONVERGED,1786033800000,,0.0,False,44504783.88392207,49935002.60569346,84095.39164636229,,589.84,BASIS_CONVERGED,1786033800000,1351,332176.7970031253,,84095.39164636229,,157.59044486757833,V50_POST_OPEN_BASIS,USD,SHORT,,V52,METAUSDT,282407.88279593346,25039457.047308646
1.0,C014153,1.0,[],24488285.756952453,12244.142878476227,1922.24,1786111200000,,12246.977612200044,1922.6850322580644,V12_STOP,1786122000000,,-1174.0103587408746,False,-3155960.840324464,24488285.756952453,12739.452803475348,,1922.6850322580644,V12_STOP,1786122000000,1352,5669.467447635863,,12739.452803475348,1,157.83226477213654,,USD,LONG,dbf84542311c15f69508f91a0e7311ff7e686d96,V12,ETHUSDT,-19995.663401781283,25012180.35518068
1.0,C014175,1.0,[],25172805.130371895,12586.402565185948,4.468,1786183200000,,12310.571809226976,4.3700838709677425,V12_STOP,1786194000000,,0.0,False,83405526.7767232,25172805.130371895,5634020.843861212,,4.3700838709677425,V12_STOP,1786194000000,1353,551661.5119179423,,5634020.843861212,1,158.33550065019506,,USD,SHORT,dbf84542311c15f69508f91a0e7311ff7e686d96,V12,INJUSDT,526764.5375435294,25532763.165279478
1.0,C014108,1.0,[],24776171.39744591,12388.085698722954,0.006136,1785956400000,RECOVERY_V8,12828.209995059593,0.006354,RECOVERY_V8_MAX_HOLD,1786215600000,,-21465.99575713055,False,131983137.62917398,24776171.39744591,4037837581.0700636,,0.006354,RECOVERY_V8_MAX_HOLD,1786215600000,1350,880248.5926732752,,4037837581.0700636,,158.33550065019506,RECOVERY_V8,USD,LONG,dbf84542311c15f69508f91a0e7311ff7e686d96,PENGU,PENGUUSDT,833566.301222362,26398914.45560596
0.5,C014192,0.5,[],26398914.45560596,6599.7286139014905,46.05,1786240800000,,6593.293237045653,46.00509677419355,V12_STOP,1786251600000,,0.0,False,-4126820.9525420605,13199457.22780298,286633.1645559822,,46.00509677419355,V12_STOP,1786251600000,1354,-12870.753711674772,,286633.1645559822,1,158.33550065019506,,USD,LONG,dbf84542311c15f69508f91a0e7311ff7e686d96,V12,LTCUSDT,-26063.775562621915,26372850.68004334
1.0,C014201,1.0,[],26372850.68004334,13186.42534002167,1920.84,1786269600000,,13183.775921306873,1920.454064516129,V12_STOP,1786280400000,,0.0,False,-5014333.096237479,26372850.68004334,13729.852918537379,,1920.454064516129,V12_STOP,1786280400000,1355,-5298.837429593118,,13729.852918537379,1,158.33550065019506,,USD,LONG,dbf84542311c15f69508f91a0e7311ff7e686d96,V12,ETHUSDT,-31669.03869092166,26334591.725288738
0.5,C014202,0.5,[],26359664.254703317,6589.91606367583,46.21,1786269600000,,6592.538210925269,46.2283870967742,V12_STOP,1786280400000,,0.0,False,-1256892.5023298487,13179832.127351658,285216.0166057489,,46.2283870967742,V12_STOP,1786280400000,1356,5244.29449888121,,285216.0166057489,2,158.33550065019506,,USD,LONG,dbf84542311c15f69508f91a0e7311ff7e686d96,V12,LTCUSDT,-7938.159775719889,26333243.481576692
1.0,C014207,1.0,[],26333243.481576692,13166.621740788347,1.0383,1786284000000,,13178.517282204437,1.039238064516129,V12_STOP,1786294800000,,2645.4980521653324,False,-7519467.52958926,26333243.481576692,25361883.34929856,,1.039238064516129,V12_STOP,1786294800000,1357,-23791.082832179618,,25361883.34929856,1,158.33550065019506,,USD,SHORT,dbf84542311c15f69508f91a0e7311ff7e686d96,V12,XRPUSDT,-47490.72380300707,26285752.757773686
1.0,C014216,1.0,[],26285752.757773686,13142.876378886844,0.1983,1786312800000,,12833.601341103531,0.19363365161290325,V12_STOP,1786320000000,,-2575.5530816114106,False,-102459235.98360871,26285752.757773686,132555485.41489504,,0.19363365161290325,V12_STOP,1786320000000,1358,-618550.0755666234,,132555485.41489504,1,158.33550065019506,,USD,LONG,dbf84542311c15f69508f91a0e7311ff7e686d96,V12,ADAUSDT,-647102.1063682252,25638713.808435686
