period,start_equity,end_equity,return_pct
2023-02,10000,9700.1681617,-2.9983183830000093
2023-03,9700.1681617,9716.672210587241,0.17014188426554
2023-04,9671.185315645962,11089.530097406849,14.665676806609218
2023-05,11089.530097406849,10991.830880406851,-0.8810041195780105
2023-06,10991.830880406851,10872.209078716853,-1.0882791319435814
2023-07,10697.447939716854,15631.27890515686,46.12157024033712
2023-08,15631.27890515686,15536.387604976862,-0.6070603739831704
2023-09,15536.387604976862,15789.189586276865,1.627160622711421
2023-10,15789.189586276865,19792.50242256671,25.354770834909203
2023-11,19611.48579376493,24765.731746682635,26.281771851046564
2023-12,25220.903921282632,46601.93865709234,84.77505327541945
2024-01,47885.76758109234,52431.01083305235,9.491845868948111
2024-02,52431.01083305235,69692.76808463281,32.922800795400086
2024-03,71207.48523098898,93929.04425553113,31.90894742432764
2024-04,91568.97656313113,89346.32947023113,-2.4272927101763875
2024-05,89346.32947023113,80146.87818822115,-10.296395315349915
2024-06,80820.89680794114,78383.45241413116,-3.0158591281190694
2024-07,78383.45241413116,75417.20860713118,-3.784272975535863
2024-08,75417.20860713118,75417.20860713118,0
2024-09,75417.20860713118,79000.0138869317,4.750646896074251
2024-10,79000.0138869317,102493.75820233121,29.73891162731286
2024-11,101378.82704377137,328794.3418783938,224.32249560002643
2024-12,328265.0939198338,267707.09014994383,-18.447896194737943
2025-01,267707.09014994383,244172.79682337889,-8.791060899202662
2025-02,244172.79682337889,259335.90363577887,6.209990224000328
2025-03,259335.90363577887,259335.90363577887,0
2025-04,259335.90363577887,464540.56985497824,79.12697908092068
2025-05,464540.56985497824,598930.1190825502,28.929561366303513
2025-06,598930.1190825502,580435.7274118704,-3.0879047624136513
2025-07,580435.7274118704,886634.4335682726,52.7532492739075
2025-08,907238.0914088176,1011503.9179060882,11.492664107098927
2025-09,1011503.9179060882,953587.2812614882,-5.725794593509148
2025-10,953587.2812614882,951093.8942902382,-0.261474436608633
2025-11,951093.8942902382,951093.8942902382,0
2025-12,951093.8942902382,951093.8942902382,0
2026-01,951093.8942902382,858084.7706639944,-9.779173663569008
2026-02,858084.7706639944,858084.7706639944,0
2026-03,858084.7706639944,750041.1611175744,-12.591251265631332
2026-04,750041.1611175744,806660.6545279508,7.5488514958315545