period,start_equity,end_equity,return_pct
2023-02,10000,8481.547403410004,-15.184525965899953
2023-03,8481.547403410004,8495.978214968278,0.17014361733651562
2023-04,8456.205784767837,11186.0853748258,32.282558626651394
2023-05,11186.0853748258,11843.0564872258,5.873110121960168
2023-06,11843.0564872258,11714.171887595805,-1.0882714252778647
2023-07,11525.876473595807,16064.052552555813,39.3738045809908
2023-08,16064.052552555813,15966.536056315814,-0.6070479159661635
2023-09,15966.536056315814,16226.341581115817,1.6271877875303709
2023-10,16226.341581115817,23942.539229433747,47.55352652811169
2023-11,23723.5675380631,29958.567358345725,26.2818811305632
2023-12,30509.192751625724,57833.40282997284,89.56058031686567
2024-01,59426.652697972844,58436.93349283285,-1.6654466644286603
2024-02,58436.93349283285,71892.4984643724,23.025788944229664
2024-03,73455.02500784793,122490.89669342063,66.75632018413131
2024-04,119413.15290782062,116514.50946872064,-2.4274071729247004
2024-05,116514.50946872064,99160.07602378554,-14.894654343109137
2024-06,99994.00139974554,96978.28837191554,-3.0158939392515127
2024-07,96978.28837191554,82384.8427980599,-15.048157498809633
2024-08,81923.66409725988,78714.6289708599,-3.917104003783578
2024-09,78714.6289708599,85794.90720287291,8.994869599949617
2024-10,86855.48788687291,101177.75982389858,16.48977201726167
2024-11,100077.14414815957,324572.4535056409,224.32225786252098
2024-12,324049.9990253209,264269.6753694411,-18.447870339665904
2025-01,264269.6753694411,241037.5757926051,-8.791057674081692
2025-02,241037.5757926051,256005.9852134051,6.209990028143664
2025-03,256005.9852134051,256005.9852134051,0
2025-04,256005.9852134051,458575.7307757526,79.12695689262365
2025-05,458575.7307757526,591239.6525386345,28.92955576573144
2025-06,591239.6525386345,572982.8484194146,-3.0878856045648773
2025-07,572982.8484194146,875250.1402798442,52.753287937717566
2025-08,895589.249311663,998516.3789361392,11.492671411987644
2025-09,998516.3789361392,911704.5521584406,-8.694081400065922
2025-10,911704.5521584406,900287.7256598409,-1.252250684892453
2025-11,900287.7256598409,900287.7256598409,0
2025-12,900287.7256598409,900287.7256598409,0
2026-01,900287.7256598409,874549.1475370801,-2.858928028136376
2026-02,874549.1475370801,874549.1475370801,0
2026-03,874549.1475370801,746495.4611050802,-14.642251586732069
2026-04,746495.4611050802,802847.2749860851,7.548848829915733