period,start_equity,end_equity,return_pct
2023,10000,20460.109793110034,104.60109793110033
2024,20460.109793110034,23923.64238812012,16.928220962804573
2025,23923.64238812012,20446.801064320178,-14.533076809100166