period,start_equity,end_equity,return_pct
2023-02,10000,9512.540108800004,-4.874598911999961
2023-03,9512.540108800004,9506.150323420003,-0.06717223062312483
2023-04,9526.182226880004,9772.024305400004,2.5806988850823
2023-05,9772.024305400004,9685.944737100004,-0.8808775501349508
2023-06,9685.944737100004,9580.535463310005,-1.088270443937711
2023-07,9426.534855310007,13138.164174030011,39.37427035162584
2023-08,13138.164174030011,13058.406878430013,-0.6070657554854808
2023-09,13058.406878430013,13270.899576030015,1.627248251476976
2023-10,13270.899576030015,16182.77800879458,21.941831569760485
2023-11,16034.774898501557,22995.508924209786,43.410238495825126
2023-12,22995.508924209786,40173.97468132978,74.70356848260238
2024-01,41280.73241732979,40593.06311648979,-1.6658359979856097
2024-02,40593.06311648979,48660.4071372698,19.873701074563343
2024-03,49313.7065915198,76566.71281609981,55.26456660482819
2024-04,74644.88863709981,72840.4164180998,-2.417408950494637
2024-05,72840.4164180998,67628.21997804983,-7.155637894945932
2024-06,68196.95563704983,66081.31665204983,-3.10224842918152
2024-07,66081.31665204983,66806.76159924982,1.0978064360003703
2024-08,66432.78610164982,61470.62983334985,-7.469438750780832
2024-09,61470.62983334985,64168.40470990353,4.388721709648147
2024-10,64961.64283490354,64569.290162903555,-0.6039759077477891
2024-11,64340.80372463789,96916.48832725744,50.62990002741512
2024-12,96760.48622181744,78910.24935360745,-18.447857762195852
2025-01,78910.24935360745,74457.96345778745,-5.642214962303182
2025-02,74457.96345778745,75411.21030818747,1.2802483524014807
2025-03,75411.21030818747,75411.21030818747,0
2025-04,75411.21030818747,77372.85476158747,2.6012637184620546
2025-05,79522.73969958747,95382.13090588384,19.943215319552966
2025-06,95382.13090588384,97183.06978319387,1.8881302610937345
2025-07,97183.06978319387,169778.4086554605,74.69957373668055
2025-08,168908.5309410605,179333.6137070505,6.1720285576503775
2025-09,179333.6137070505,167721.0766345505,-6.475382295853138
2025-10,167721.0766345505,132192.20938265053,-21.183305023324085
2025-11,132192.20938265053,132192.20938265053,0
2025-12,132192.20938265053,132192.20938265053,0