period,start_equity,end_equity,return_pct
2023,10000,40173.97468132978,301.73974681329787
2024,41280.73241732979,78910.24935360745,91.15515818823181
2025,78910.24935360745,132192.20938265053,67.5222299580875