period,start_equity,end_equity,return_pct
2023,10000,41380.1960743956,313.801960743956
2024,42520.1738503956,69392.58255134252,63.19919762204103
2025,69392.58255134252,165531.31072741008,138.54323422094282