period,start_equity,end_equity,return_pct
2023,10000,22260.007755880037,122.60007755880036
2024,22260.007755880037,26090.881577340097,17.20966975156657
2025,26090.881577340097,27629.006676780165,5.895259211079806