period,start_equity,end_equity,return_pct
2023,10000,54282.17560078003,442.8217560078003
2024,55777.57988878004,85198.87714746023,52.74753282115496
2025,85198.87714746023,134194.8821444103,57.507806015035776