period,start_equity,end_equity,return_pct
2023,10000,58967.36832091003,489.6736832091003
2024,57787.45251951002,81432.8364783902,40.91785141574999
2025,81432.8364783902,95236.39454548033,16.950850128809126