id,family,params,train_trades,train_wins,train_losses,train_ties,train_win_rate,train_expectancy,train_profit_units,train_max_dd_units,train_max_loss_streak,train_positive_month_ratio,train_compound_end,train_compound_return,train_compound_max_dd,validation_trades,validation_wins,validation_losses,validation_ties,validation_win_rate,validation_expectancy,validation_profit_units,validation_max_dd_units,validation_max_loss_streak,validation_positive_month_ratio,validation_compound_end,validation_compound_return,validation_compound_max_dd,neighbor_stability
R001,trend,"{""adx_min"": 15, ""atr_min"": 0.0, ""ret3_min"": 0.0, ""rsi_hi"": 52}",96985,45738,50586,661,0.4748349321041485,-0.14529712221253271,-13995.6,-14002.200000007957,21,0.0,3.018363470894473e-63,-1.0,-1.0,46294,21104,24677,513,0.4609772613092768,-0.17024092964330184,-7793.8,-7802.1999999973705,30,0.0,2.092987924892755e-35,-1.0,-1.0,0.0
R002,trend,"{""adx_min"": 15, ""atr_min"": 0.0006, ""ret3_min"": 0.0, ""rsi_hi"": 52}",93593,44148,48850,595,0.47471988644917096,-0.14550420439149228,-13531.6,-13538.200000006957,21,0.0,3.58779533467558e-61,-1.0,-1.0,45635,20794,24337,504,0.4607476014269571,-0.17065431743147727,-7701.8,-7711.199999997421,30,0.0,5.395548561278916e-35,-1.0,-1.0,0.0
R003,trend,"{""adx_min"": 15, ""atr_min"": 0.001, ""ret3_min"": 0.0, ""rsi_hi"": 52}",83487,39379,43580,528,0.47468026374474137,-0.14557552525946552,-12076.8,-12083.400000003974,21,0.0,1.132594638651361e-54,-1.0,-1.0,42196,19150,22581,465,0.45889147156789917,-0.1739953511777815,-7261.0,-7267.799999997687,30,0.0,5.099400290023385e-33,-1.0,-1.0,0.0
R004,trend,"{""adx_min"": 15, ""atr_min"": 0.0, ""ret3_min"": 0.0005, ""rsi_hi"": 52}",80345,37688,42145,512,0.47208547843623566,-0.15024613881477586,-11994.600000000002,-12003.000000003713,23,0.0,2.922876441289554e-54,-1.0,-1.0,38394,17448,20545,401,0.459242492038007,-0.17336351433158742,-6586.6,-6596.399999998092,28,0.0,5.063341893071262e-30,-1.0,-1.0,0.0
R005,trend,"{""adx_min"": 15, ""atr_min"": 0.0006, ""ret3_min"": 0.0005, ""rsi_hi"": 52}",78790,36975,41327,488,0.4722101606600087,-0.15002171081198437,-11747.0,-11755.400000003312,23,0.0,3.7056285346701275e-53,-1.0,-1.0,38070,17286,20385,399,0.4588675639085769,-0.1740383849645616,-6556.200000000001,-6564.39999999812,28,0.0,6.953443273086976e-30,-1.0,-1.0,0.0
R006,trend,"{""adx_min"": 15, ""atr_min"": 0.001, ""ret3_min"": 0.0005, ""rsi_hi"": 52}",72087,33838,37797,452,0.4723668597752495,-0.14973965240455084,-10726.6,-10735.000000001217,23,0.0,1.3211000989041625e-48,-1.0,-1.0,35867,16218,19271,378,0.45698667192651243,-0.17742399053227761,-6296.6,-6302.599999998294,28,0.0,1.0203398329409424e-28,-1.0,-1.0,0.0
R007,trend,"{""adx_min"": 15, ""atr_min"": 0.0, ""ret3_min"": 0.001, ""rsi_hi"": 52}",64947,30407,34141,399,0.4710757885604511,-0.15206358059118796,-9815.400000000001,-9820.399999999625,22,0.0,1.6053828113167648e-44,-1.0,-1.0,31358,14199,16838,321,0.45748622611721496,-0.17652479298901314,-5478.800000000001,-5484.799999998647,25,0.0,4.380281852729569e-25,-1.0,-1.0,0.0
R008,trend,"{""adx_min"": 15, ""atr_min"": 0.0006, ""ret3_min"": 0.001, ""rsi_hi"": 52}",64467,30203,33872,392,0.4713694888802185,-0.15153492001560673,-9709.600000000002,-9714.599999999506,22,0.0,4.718051874887359e-44,-1.0,-1.0,31251,14144,16786,321,0.45729065632072424,-0.17687681862269644,-5470.800000000001,-5476.799999998657,25,0.0,4.76587526233942e-25,-1.0,-1.0,0.0
R009,trend,"{""adx_min"": 15, ""atr_min"": 0.001, ""ret3_min"": 0.001, ""rsi_hi"": 52}",60704,28463,31867,374,0.4717884966020222,-0.15078070611636002,-9096.6,-9101.599999998169,22,0.0,2.53437965165968e-41,-1.0,-1.0,30024,13551,16162,311,0.45606300272607947,-0.1790865950930569,-5321.200000000001,-5327.199999998756,26,0.0,2.2371015644646224e-24,-1.0,-1.0,0.0
R010,trend,"{""adx_min"": 15, ""atr_min"": 0.0, ""ret3_min"": 0.0, ""rsi_hi"": 55}",87427,41028,45814,585,0.47244420902328366,-0.1496004237580894,-12991.6,-12996.000000005462,25,0.0,1.0221548201839394e-58,-1.0,-1.0,41907,18983,22461,463,0.45803976450149597,-0.17552842389730722,-7274.6,-7282.799999997764,29,0.0,4.50180718863556e-33,-1.0,-1.0,0.0
R011,trend,"{""adx_min"": 15, ""atr_min"": 0.0006, ""ret3_min"": 0.0, ""rsi_hi"": 55}",84408,39621,44260,527,0.47234773071374925,-0.1497740847152514,-12563.2,-12567.600000004608,25,0.0,8.384083564959461e-57,-1.0,-1.0,41331,18709,22166,456,0.4577125382262997,-0.17611743119266055,-7198.799999999999,-7207.999999997809,29,0.0,9.836003759188922e-33,-1.0,-1.0,0.0
R012,trend,"{""adx_min"": 15, ""atr_min"": 0.001, ""ret3_min"": 0.0, ""rsi_hi"": 55}",75453,35437,39550,466,0.47257524637603854,-0.14936455652313066,-11200.400000000001,-11204.800000002224,22,0.0,1.0065206691963375e-50,-1.0,-1.0,38295,17253,20621,421,0.4555367798489729,-0.18003379627184876,-6818.6,-6824.599999998046,29,0.0,4.987791392200735e-31,-1.0,-1.0,0.0
R013,trend,"{""adx_min"": 15, ""atr_min"": 0.0, ""ret3_min"": 0.0005, ""rsi_hi"": 55}",74123,34657,39005,461,0.4704868181694768,-0.15312372729494175,-11279.400000000001,-11285.000000002321,23,0.0,4.8131189695626046e-51,-1.0,-1.0,35528,16055,19103,370,0.45665282439274135,-0.17802491609306562,-6259.0,-6267.999999998278,25,0.0,1.5064870928780096e-28,-1.0,-1.0,0.0
R014,trend,"{""adx_min"": 15, ""atr_min"": 0.0006, ""ret3_min"": 0.0005, ""rsi_hi"": 55}",72651,33981,38231,439,0.4705727579903617,-0.15296903561734893,-11046.2,-11051.800000001811,23,0.0,5.265823181714641e-50,-1.0,-1.0,35229,15907,18954,368,0.4562978686784659,-0.17866383637876135,-6228.4,-6236.599999998303,25,0.0,2.070916879204329e-28,-1.0,-1.0,0.0
R015,trend,"{""adx_min"": 15, ""atr_min"": 0.001, ""ret3_min"": 0.0005, ""rsi_hi"": 55}",66430,31071,34955,404,0.47058734437948685,-0.15294278011692364,-10098.2,-10103.800000000167,23,0.0,8.921139527548496e-46,-1.0,-1.0,33172,14911,17913,348,0.4542712649281014,-0.1823117231294175,-5984.200000000001,-5990.199999998467,25,0.0,2.5896144560014778e-27,-1.0,-1.0,0.0
R016,trend,"{""adx_min"": 15, ""atr_min"": 0.0, ""ret3_min"": 0.001, ""rsi_hi"": 55}",61043,28507,32172,364,0.4698000955849635,-0.1543598279470657,-9366.400000000001,-9371.599999998754,22,0.0,1.678299395232429e-42,-1.0,-1.0,29543,13330,15911,302,0.45586676242262575,-0.17943982763927363,-5247.0,-5252.999999998804,23,0.0,4.791530548409418e-24,-1.0,-1.0,0.0
R017,trend,"{""adx_min"": 15, ""atr_min"": 0.0006, ""ret3_min"": 0.001, ""rsi_hi"": 55}",60567,28303,31907,357,0.47007141670818803,-0.1538714499252616,-9264.6,-9269.799999998657,22,0.0,4.737991959601009e-42,-1.0,-1.0,29437,13276,15859,302,0.45567187231851725,-0.179790629826669,-5238.200000000001,-5244.199999998813,23,0.0,5.2550325249822435e-24,-1.0,-1.0,0.0
R018,trend,"{""adx_min"": 15, ""atr_min"": 0.001, ""ret3_min"": 0.001, ""rsi_hi"": 55}",56919,26610,29970,339,0.47030752916224816,-0.15344644750795333,-8682.0,-8687.19999999766,22,0.0,1.868708334383275e-39,-1.0,-1.0,28248,12698,15258,292,0.4542137644870511,-0.18241522392330806,-5099.6,-5105.599999998908,24,0.0,2.2061543604438068e-23,-1.0,-1.0,0.0
R019,trend,"{""adx_min"": 15, ""atr_min"": 0.0, ""ret3_min"": 0.0, ""rsi_hi"": 58}",72057,33516,38074,467,0.4681659449643805,-0.1573012990641151,-11261.2,-11264.000000002141,23,0.0,6.274704663261037e-51,-1.0,-1.0,34762,15608,18801,353,0.453602255223924,-0.18351594059693685,-6314.6,-6322.199999998305,28,0.0,8.897721204361172e-29,-1.0,-1.0,0.0
R020,trend,"{""adx_min"": 15, ""atr_min"": 0.0006, ""ret3_min"": 0.0, ""rsi_hi"": 58}",69691,32425,36839,427,0.46813640563640563,-0.15735446985446985,-10899.0,-10901.80000000155,23,0.0,2.5863507986038263e-49,-1.0,-1.0,34290,15380,18564,346,0.45309922224840915,-0.18442139995286355,-6260.000000000001,-6267.599999998341,28,0.0,1.5658002321785796e-28,-1.0,-1.0,0.0
R021,trend,"{""adx_min"": 15, ""atr_min"": 0.001, ""ret3_min"": 0.0, ""rsi_hi"": 58}",62576,29161,33038,377,0.4688339040820592,-0.15609897265229344,-9709.2,-9711.999999999613,23,0.0,5.106648424459185e-44,-1.0,-1.0,31839,14208,17314,317,0.4507328215214771,-0.18868092126134128,-5947.6,-5953.5999999985515,28,0.0,3.9354959866574e-27,-1.0,-1.0,0.0
R022,trend,"{""adx_min"": 15, ""atr_min"": 0.0, ""ret3_min"": 0.0005, ""rsi_hi"": 58}",62989,29234,33370,385,0.466966966966967,-0.15945945945945947,-9982.8,-9984.800000000121,23,0.0,3.248174926160006e-45,-1.0,-1.0,30293,13580,16424,289,0.45260631915744565,-0.1853086255165978,-5560.0,-5569.399999998699,25,0.0,2.0251729468538225e-25,-1.0,-1.0,0.0
R023,trend,"{""adx_min"": 15, ""atr_min"": 0.0006, ""ret3_min"": 0.0005, ""rsi_hi"": 58}",61706,28660,32677,369,0.4672546749922559,-0.15894158501393937,-9749.0,-9750.999999999678,23,0.0,3.548984663441915e-44,-1.0,-1.0,30023,13445,16291,287,0.4521455474845305,-0.18613801452784504,-5535.0,-5543.399999998722,25,0.0,2.629113898356654e-25,-1.0,-1.0,0.0
R024,trend,"{""adx_min"": 15, ""atr_min"": 0.001, ""ret3_min"": 0.0005, ""rsi_hi"": 58}",56420,26218,29864,338,0.46749402660390144,-0.15851075211297744,-8889.6,-8891.599999998134,23,0.0,2.3860652084534698e-40,-1.0,-1.0,28261,12594,15398,269,0.44991426121749073,-0.19015432980851676,-5322.800000000001,-5328.799999998861,25,0.0,2.358673350538313e-24,-1.0,-1.0,0.0
R025,trend,"{""adx_min"": 15, ""atr_min"": 0.0, ""ret3_min"": 0.001, ""rsi_hi"": 58}",53238,24682,28242,314,0.466366865694203,-0.16053964175043461,-8496.4,-8499.599999997632,22,0.0,1.3868176198785532e-38,-1.0,-1.0,25812,11562,14011,239,0.4521174676416533,-0.18618855824502403,-4761.4,-4767.3999999990665,23,0.0,7.167764969223662e-22,-1.0,-1.0,0.0
R026,trend,"{""adx_min"": 15, ""atr_min"": 0.0006, ""ret3_min"": 0.001, ""rsi_hi"": 58}",52790,24491,27992,307,0.466646342625231,-0.16003658327458417,-8399.2,-8402.399999997497,22,0.0,3.734728781495852e-38,-1.0,-1.0,25708,11509,13960,239,0.4518826809061997,-0.18661117436884056,-4752.8,-4758.799999999074,23,0.0,7.844777496836328e-22,-1.0,-1.0,0.0
R027,trend,"{""adx_min"": 15, ""atr_min"": 0.001, ""ret3_min"": 0.001, ""rsi_hi"": 58}",49496,22976,26230,290,0.4669349266349632,-0.15951713205706622,-7849.200000000001,-7852.399999997196,22,0.0,1.047948744660953e-35,-1.0,-1.0,24615,10981,13404,230,0.45031781833094114,-0.18942792700430597,-4619.200000000001,-4625.19999999916,23,0.0,3.1206961132386383e-21,-1.0,-1.0,0.0
R028,trend,"{""adx_min"": 20, ""atr_min"": 0.0, ""ret3_min"": 0.0, ""rsi_hi"": 52}",69874,32919,36522,433,0.47405711323281635,-0.14669719618093055,-10186.8,-10191.200000000375,19,0.0,3.205041110885945e-46,-1.0,-1.0,34145,15501,18286,358,0.4587859235800752,-0.1741853375558647,-5885.200000000001,-5891.1999999983955,30,0.0,6.712381631258495e-27,-1.0,-1.0,0.0
R029,trend,"{""adx_min"": 20, ""atr_min"": 0.0006, ""ret3_min"": 0.0, ""rsi_hi"": 52}",67777,31935,35445,397,0.47395369545859306,-0.14688334817453252,-9897.0,-9901.39999999978,19,0.0,6.332357526325156e-45,-1.0,-1.0,33746,15307,18088,351,0.45836203024404854,-0.1749483455607127,-5842.400000000001,-5849.59999999843,30,0.0,1.0465618047217487e-26,-1.0,-1.0,0.0
R030,trend,"{""adx_min"": 20, ""atr_min"": 0.001, ""ret3_min"": 0.0, ""rsi_hi"": 52}",61532,28988,32183,361,0.4738846839188504,-0.14700756894606923,-8992.600000000002,-8996.999999998156,19,0.0,6.940208587189833e-41,-1.0,-1.0,31621,14301,16991,329,0.45701776811964717,-0.17736801738463506,-5550.200000000001,-5556.999999998589,30,0.0,2.121588267323832e-25,-1.0,-1.0,0.0
R031,trend,"{""adx_min"": 20, ""atr_min"": 0.0, ""ret3_min"": 0.0005, ""rsi_hi"": 52}",58180,27252,30593,335,0.4711210994900164,-0.15198202091797045,-8791.400000000001,-8795.999999997923,21,0.0,5.9419551732451255e-40,-1.0,-1.0,28401,12849,15271,281,0.4569345661450925,-0.17751778093883358,-4991.800000000001,-5000.199999998851,28,0.0,6.448129845404363e-23,-1.0,-1.0,0.0
R032,trend,"{""adx_min"": 20, ""atr_min"": 0.0006, ""ret3_min"": 0.0005, ""rsi_hi"": 52}",57201,26810,30066,325,0.4713763274491877,-0.15152261059146213,-8618.0,-8622.599999997692,21,0.0,3.5045045308557345e-39,-1.0,-1.0,28213,12747,15186,280,0.4563419611212544,-0.17858446998174202,-4988.4,-4994.999999998866,28,0.0,6.721527166580386e-23,-1.0,-1.0,0.0
R033,trend,"{""adx_min"": 20, ""atr_min"": 0.001, ""ret3_min"": 0.0005, ""rsi_hi"": 52}",53103,24881,27915,307,0.47126676263353284,-0.1517198272596409,-8010.200000000001,-8014.799999996865,21,0.0,1.8111591206556533e-36,-1.0,-1.0,26887,12125,14493,269,0.455518821849876,-0.18006612067022315,-4793.0,-4798.999999998968,28,0.0,5.0098777687405105e-22,-1.0,-1.0,0.0
R034,trend,"{""adx_min"": 20, ""atr_min"": 0.0, ""ret3_min"": 0.001, ""rsi_hi"": 52}",47566,22238,25052,276,0.47024740960033834,-0.153554662719391,-7261.6,-7264.599999997355,20,0.0,4.057028971369004e-33,-1.0,-1.0,23391,10545,12620,226,0.45521260522339735,-0.18061731059788474,-4184.0,-4189.999999999228,25,0.0,2.5554472219123216e-19,-1.0,-1.0,0.0
R035,trend,"{""adx_min"": 20, ""atr_min"": 0.0006, ""ret3_min"": 0.001, ""rsi_hi"": 52}",47265,22112,24880,273,0.47054817841334695,-0.1530132788559755,-7190.400000000001,-7193.399999997398,20,0.0,8.373896570766014e-33,-1.0,-1.0,23331,10512,12593,226,0.45496645747673664,-0.18106037654187407,-4183.400000000001,-4189.399999999233,25,0.0,2.5770277910854253e-19,-1.0,-1.0,0.0
R036,trend,"{""adx_min"": 20, ""atr_min"": 0.001, ""ret3_min"": 0.001, ""rsi_hi"": 52}",44912,21020,23629,263,0.4707832202288965,-0.1525902035879863,-6813.0,-6815.999999997598,20,0.0,4.021592731895416e-31,-1.0,-1.0,22607,10179,12208,220,0.4546835216866932,-0.1815696609639523,-4064.8,-4070.799999999291,25,0.0,8.693846932575522e-19,-1.0,-1.0,0.0
R037,trend,"{""adx_min"": 20, ""atr_min"": 0.0, ""ret3_min"": 0.0, ""rsi_hi"": 55}",64858,30475,33993,390,0.47271514549854193,-0.14911273810262457,-9613.000000000002,-9616.599999999275,18,0.0,1.2214789630426679e-43,-1.0,-1.0,31811,14391,17089,331,0.45714739517153746,-0.17713468869123256,-5576.200000000001,-5582.199999998586,29,0.0,1.623147792461855e-25,-1.0,-1.0,0.0
R038,trend,"{""adx_min"": 20, ""atr_min"": 0.0006, ""ret3_min"": 0.0, ""rsi_hi"": 55}",62927,29569,32999,359,0.4725898222733666,-0.14933831990794014,-9343.800000000001,-9347.39999999878,18,0.0,1.951014380729185e-42,-1.0,-1.0,31439,14208,16906,325,0.4566433116924857,-0.17804203895352574,-5539.6,-5546.399999998614,29,0.0,2.3759652145699985e-25,-1.0,-1.0,0.0
R039,trend,"{""adx_min"": 20, ""atr_min"": 0.001, ""ret3_min"": 0.0, ""rsi_hi"": 55}",57182,26884,29971,327,0.4728519919092428,-0.14886641456336291,-8463.800000000001,-8467.399999997328,18,0.0,1.641959781217786e-38,-1.0,-1.0,29499,13291,15903,305,0.4552647804343358,-0.18052339521819555,-5270.200000000001,-5276.199999998762,29,0.0,3.805677234284649e-24,-1.0,-1.0,0.0
R040,trend,"{""adx_min"": 20, ""atr_min"": 0.0, ""ret3_min"": 0.0005, ""rsi_hi"": 55}",54930,25696,28926,308,0.4704331588004833,-0.15322031415913004,-8369.2,-8372.9999999973,21,0.0,4.628838351619139e-38,-1.0,-1.0,26887,12131,14493,263,0.4556415264423077,-0.17984525240384613,-4788.2,-4796.599999998954,25,0.0,5.255212994239653e-22,-1.0,-1.0,0.0
R041,trend,"{""adx_min"": 20, ""atr_min"": 0.0006, ""ret3_min"": 0.0005, ""rsi_hi"": 55}",53992,25269,28423,300,0.4706287715115846,-0.15286821127914776,-8207.800000000001,-8211.599999996979,21,0.0,2.417251961301953e-37,-1.0,-1.0,26704,12032,14410,262,0.4550336585734816,-0.18093941456773316,-4784.400000000001,-4790.999999998966,25,0.0,5.49890848796335e-22,-1.0,-1.0,0.0
R042,trend,"{""adx_min"": 20, ""atr_min"": 0.001, ""ret3_min"": 0.0005, ""rsi_hi"": 55}",50095,23442,26371,282,0.47060004416517776,-0.15291992050268002,-7617.4000000000015,-7621.199999997155,21,0.0,1.0411431426376846e-34,-1.0,-1.0,25437,11437,13749,251,0.45410148495195746,-0.18261732708647663,-4599.400000000001,-4605.399999999073,25,0.0,3.6846501445719495e-21,-1.0,-1.0,0.0
R043,trend,"{""adx_min"": 20, ""atr_min"": 0.0, ""ret3_min"": 0.001, ""rsi_hi"": 55}",45506,21260,23989,257,0.4698446374505514,-0.1542796525890075,-6981.0,-6983.999999997588,20,0.0,7.304590072879669e-32,-1.0,-1.0,22419,10084,12121,214,0.45413195226300385,-0.1825624859265931,-4053.8,-4059.7999999992894,23,0.0,9.776862539982537e-19,-1.0,-1.0,0.0
R044,trend,"{""adx_min"": 20, ""atr_min"": 0.0006, ""ret3_min"": 0.001, ""rsi_hi"": 55}",45207,21134,23819,254,0.4701354748292661,-0.15375614530732098,-6911.800000000001,-6914.799999997634,20,0.0,1.4776981219052227e-31,-1.0,-1.0,22359,10051,12094,214,0.45387220591555655,-0.18303002935199822,-4053.2000000000007,-4059.199999999293,23,0.0,9.859427445464033e-19,-1.0,-1.0,0.0
R045,trend,"{""adx_min"": 20, ""atr_min"": 0.001, ""ret3_min"": 0.001, ""rsi_hi"": 55}",42899,20059,22596,244,0.4702613996014535,-0.15352948071738368,-6548.800000000001,-6551.799999997799,20,0.0,6.132968171639011e-30,-1.0,-1.0,21654,9726,11720,208,0.4535111442693276,-0.18367994031521032,-3939.2000000000003,-3945.1999999993527,23,0.0,3.1740661996845527e-18,-1.0,-1.0,0.0
R046,trend,"{""adx_min"": 20, ""atr_min"": 0.0, ""ret3_min"": 0.0, ""rsi_hi"": 58}",56268,26274,29662,332,0.4697153890160183,-0.15451229977116704,-8642.800000000001,-8645.799999997756,20,0.0,2.8389830375658723e-39,-1.0,-1.0,27537,12375,14888,274,0.45391189524263653,-0.18295858856325423,-4988.0,-4993.999999998899,28,0.0,6.932055377501412e-23,-1.0,-1.0,0.0
R047,trend,"{""adx_min"": 20, ""atr_min"": 0.0006, ""ret3_min"": 0.0, ""rsi_hi"": 58}",54668,25531,28829,308,0.4696651949963208,-0.15460264900662252,-8404.2,-8407.199999997409,20,0.0,3.2951132127440437e-38,-1.0,-1.0,27208,12211,14729,268,0.45326651818856717,-0.1841202672605791,-4960.200000000001,-4966.199999998922,28,0.0,9.275531753270376e-23,-1.0,-1.0,0.0
R048,trend,"{""adx_min"": 20, ""atr_min"": 0.001, ""ret3_min"": 0.0, ""rsi_hi"": 58}",49776,23276,26218,282,0.4702792257647392,-0.15349739362346954,-7597.200000000001,-7600.199999997147,20,0.0,1.2908546378056396e-34,-1.0,-1.0,25556,11441,13865,250,0.45210621986880584,-0.18620880423614955,-4712.200000000001,-4718.199999999054,28,0.0,1.1855529619571574e-21,-1.0,-1.0,0.0
R049,trend,"{""adx_min"": 20, ""atr_min"": 0.0, ""ret3_min"": 0.0005, ""rsi_hi"": 58}",48920,22790,25857,273,0.4684769872756799,-0.15674142290377618,-7625.0,-7626.5999999972155,20,0.0,1.0110054215154972e-34,-1.0,-1.0,23835,10694,12921,220,0.4528477662502647,-0.1848740207495236,-4365.8,-4373.799999999183,25,0.0,4.067052457159674e-20,-1.0,-1.0,0.0
R050,trend,"{""adx_min"": 20, ""atr_min"": 0.0006, ""ret3_min"": 0.0005, ""rsi_hi"": 58}",48069,22415,25388,266,0.4689036252954836,-0.15597347446812962,-7456.0,-7457.599999997309,20,0.0,5.677376256857568e-34,-1.0,-1.0,23662,10599,12844,219,0.452117902998763,-0.18618777460222669,-4364.8,-4371.5999999991955,25,0.0,4.136368666083561e-20,-1.0,-1.0,0.0
R051,trend,"{""adx_min"": 20, ""atr_min"": 0.001, ""ret3_min"": 0.0005, ""rsi_hi"": 58}",44543,20769,23524,250,0.46890027769625,-0.15597950014675005,-6908.8,-6910.399999997662,20,0.0,1.5635403558413456e-31,-1.0,-1.0,22521,10070,12242,209,0.4513266403728935,-0.1876120473287917,-4186.0,-4191.999999999289,25,0.0,2.5918544297040426e-19,-1.0,-1.0,0.0
R052,trend,"{""adx_min"": 20, ""atr_min"": 0.0, ""ret3_min"": 0.001, ""rsi_hi"": 58}",41395,19265,21900,230,0.46799465565407505,-0.1576096198226649,-6488.0,-6489.999999997919,21,0.0,1.1965002012176708e-29,-1.0,-1.0,20266,9079,11002,185,0.45211891838055873,-0.1861859469149943,-3738.8,-3744.7999999994736,23,0.0,2.49219479386467e-17,-1.0,-1.0,0.0
R053,trend,"{""adx_min"": 20, ""atr_min"": 0.0006, ""ret3_min"": 0.001, ""rsi_hi"": 58}",41105,19144,21734,227,0.4683203679240667,-0.15702333773667987,-6418.8,-6420.79999999794,21,0.0,2.4196139935995928e-29,-1.0,-1.0,20206,9046,10975,185,0.45182558313770543,-0.18671395035213026,-3738.2,-3744.1999999994787,23,0.0,2.5132412008030395e-17,-1.0,-1.0,0.0
R054,trend,"{""adx_min"": 20, ""atr_min"": 0.001, ""ret3_min"": 0.001, ""rsi_hi"": 58}",38925,18127,20580,218,0.4683132249980624,-0.15703619500348773,-6078.4,-6080.3999999980815,21,0.0,7.968386051943704e-28,-1.0,-1.0,19537,8738,10619,180,0.4514129255566462,-0.18745673399803692,-3628.6000000000004,-3634.599999999521,23,0.0,7.731450937147702e-17,-0.9999999999999999,-0.9999999999999999,0.0
R055,trend,"{""adx_min"": 25, ""atr_min"": 0.0, ""ret3_min"": 0.0, ""rsi_hi"": 52}",46471,21882,24327,262,0.47354411478283454,-0.1476205933908979,-6821.4,-6832.999999997483,19,0.0,3.473302387172278e-31,-1.0,-1.0,23167,10568,12357,242,0.4609814612868048,-0.17023336968375138,-3902.6,-3908.5999999993,30,0.0,4.315220330134644e-18,-1.0,-1.0,0.0
R056,trend,"{""adx_min"": 25, ""atr_min"": 0.0006, ""ret3_min"": 0.0, ""rsi_hi"": 52}",45287,21325,23718,244,0.47343649401682836,-0.14781431076970894,-6658.0,-6669.599999997608,19,0.0,1.8680680811811103e-30,-1.0,-1.0,22938,10452,12247,239,0.4604608132516851,-0.17117053614696684,-3885.4,-3891.9999999993197,30,0.0,5.172611306258291e-18,-1.0,-1.0,0.0
R057,trend,"{""adx_min"": 25, ""atr_min"": 0.001, ""ret3_min"": 0.0, ""rsi_hi"": 52}",41900,19708,21972,220,0.47284069097888676,-0.14888675623800385,-6205.6,-6217.199999997897,19,0.0,1.9799877873400967e-28,-1.0,-1.0,21732,9878,11629,225,0.45929232342958104,-0.1732738178267541,-3726.6000000000004,-3733.3999999994194,30,0.0,2.659586700845663e-17,-1.0,-1.0,0.0
R058,trend,"{""adx_min"": 25, ""atr_min"": 0.0, ""ret3_min"": 0.0005, ""rsi_hi"": 52}",39011,18293,20514,204,0.47138402865462414,-0.1515087484216765,-5879.6,-5885.799999998113,21,0.0,5.8062516311101685e-27,-1.0,-1.0,19245,8727,10331,187,0.45791793472557457,-0.17574771749396578,-3349.4,-3358.799999999548,28,0.0,1.2801448310057198e-15,-0.9999999999999987,-0.9999999999999988,0.0
R059,trend,"{""adx_min"": 25, ""atr_min"": 0.0006, ""ret3_min"": 0.0005, ""rsi_hi"": 52}",38471,18040,20230,201,0.471387509798798,-0.15150248236216357,-5798.000000000001,-5804.199999998177,21,0.0,1.3427215646941235e-26,-1.0,-1.0,19142,8664,10292,186,0.45705845115003163,-0.17729478792994305,-3360.8,-3367.5999999995583,28,0.0,1.1467612114248754e-15,-0.9999999999999989,-0.9999999999999989,0.0
R060,trend,"{""adx_min"": 25, ""atr_min"": 0.001, ""ret3_min"": 0.0005, ""rsi_hi"": 52}",36247,16990,19069,188,0.47117224548656367,-0.15188995812418538,-5477.0,-5483.199999998386,21,0.0,3.6472566196820964e-25,-1.0,-1.0,18389,8304,9906,179,0.45601317957166393,-0.17917627677100495,-3262.8,-3268.799999999628,28,0.0,3.1513476819765922e-15,-0.9999999999999969,-0.999999999999997,0.0
R061,trend,"{""adx_min"": 25, ""atr_min"": 0.0, ""ret3_min"": 0.001, ""rsi_hi"": 52}",32238,15103,16970,165,0.47089452187197955,-0.15238986063043683,-4887.6,-4892.599999998683,20,0.0,1.561955908564925e-22,-1.0,-1.0,15898,7209,8541,148,0.45771428571428574,-0.17611428571428572,-2773.8,-2779.799999999828,25,0.0,4.647003880153671e-13,-0.9999999999995353,-0.9999999999995621,0.0
R062,trend,"{""adx_min"": 25, ""atr_min"": 0.0006, ""ret3_min"": 0.001, ""rsi_hi"": 52}",32055,15026,16865,164,0.47116741400395096,-0.1518986547928883,-4844.200000000001,-4849.199999998695,20,0.0,2.429474612428666e-22,-1.0,-1.0,15859,7184,8527,148,0.45725924511488764,-0.17693335879320224,-2779.8000000000006,-2785.799999999833,25,0.0,4.3829549621265576e-13,-0.9999999999995617,-0.9999999999995871,0.0
R063,trend,"{""adx_min"": 25, ""atr_min"": 0.001, ""ret3_min"": 0.001, ""rsi_hi"": 52}",30771,14426,16188,157,0.47122231658718233,-0.15179983014307183,-4647.200000000001,-4652.199999998812,20,0.0,1.8372419657091954e-21,-1.0,-1.0,15468,6989,8335,144,0.4560819629339598,-0.17905246671887237,-2743.8,-2749.799999999873,25,0.0,6.382721335864555e-13,-0.9999999999993617,-0.9999999999993986,0.0
R064,trend,"{""adx_min"": 25, ""atr_min"": 0.0, ""ret3_min"": 0.0, ""rsi_hi"": 55}",44116,20755,23118,243,0.4730699974927632,-0.14847400451302623,-6514.0,-6522.799999997691,21,0.0,8.275088344188428e-30,-1.0,-1.0,22040,10030,11783,227,0.4598175399990831,-0.17232842800165038,-3759.0,-3764.9999999993706,29,0.0,1.899481207750148e-17,-1.0,-1.0,0.0
R065,trend,"{""adx_min"": 25, ""atr_min"": 0.0006, ""ret3_min"": 0.0, ""rsi_hi"": 55}",43000,20227,22545,228,0.4729028336294772,-0.148774899466941,-6363.400000000001,-6372.199999997822,21,0.0,3.90521708594543e-29,-1.0,-1.0,21818,9918,11676,224,0.45929424840233396,-0.17327035287579884,-3741.6000000000004,-3747.599999999389,29,0.0,2.2808124927417398e-17,-1.0,-1.0,0.0
R066,trend,"{""adx_min"": 25, ""atr_min"": 0.001, ""ret3_min"": 0.0, ""rsi_hi"": 55}",39791,18706,20881,204,0.4725288604845025,-0.14944805112789553,-5916.2,-5924.999999998042,21,0.0,3.901324111873689e-27,-1.0,-1.0,20692,9381,11099,212,0.458056640625,-0.17549804687499998,-3594.2,-3600.1999999994723,29,0.0,1.042981385538413e-16,-0.9999999999999999,-0.9999999999999999,0.0
R067,trend,"{""adx_min"": 25, ""atr_min"": 0.0, ""ret3_min"": 0.0005, ""rsi_hi"": 55}",37503,17584,19728,191,0.4712692967409949,-0.15171526586620926,-5660.8,-5664.399999998224,23,0.0,5.509543724387203e-26,-1.0,-1.0,18523,8392,9955,176,0.45740448029650627,-0.1766719354662888,-3241.3999999999996,-3250.799999999591,25,0.0,3.8828237874266146e-15,-0.9999999999999961,-0.9999999999999964,0.0
R068,trend,"{""adx_min"": 25, ""atr_min"": 0.0006, ""ret3_min"": 0.0005, ""rsi_hi"": 55}",36973,17334,19451,188,0.4712246839744461,-0.15179556884599701,-5583.800000000001,-5587.3999999982925,23,0.0,1.2162803855986586e-25,-1.0,-1.0,18421,8330,9916,175,0.45653841937959005,-0.17823084511673792,-3252.0,-3258.799999999599,25,0.0,3.5060822613128278e-15,-0.9999999999999964,-0.9999999999999967,0.0
R069,trend,"{""adx_min"": 25, ""atr_min"": 0.001, ""ret3_min"": 0.0005, ""rsi_hi"": 55}",34816,16320,18321,175,0.4711180393175717,-0.151987529228371,-5265.0,-5268.599999998488,23,0.0,3.2231776940141362e-24,-1.0,-1.0,17696,7982,9546,168,0.45538566864445457,-0.18030579643998176,-3160.4,-3166.399999999662,25,0.0,9.026822989484282e-15,-0.999999999999991,-0.9999999999999915,0.0
R070,trend,"{""adx_min"": 25, ""atr_min"": 0.0, ""ret3_min"": 0.001, ""rsi_hi"": 55}",31278,14653,16470,155,0.47080936927674066,-0.1525431353018668,-4747.6,-4751.799999998777,18,0.0,6.589189872395919e-22,-1.0,-1.0,15461,7008,8313,140,0.4574113961229685,-0.17665948697865677,-2706.6000000000004,-2712.599999999865,23,0.0,9.263640928445414e-13,-0.9999999999990736,-0.9999999999991273,0.0
R071,trend,"{""adx_min"": 25, ""atr_min"": 0.0006, ""ret3_min"": 0.001, ""rsi_hi"": 55}",31095,14576,16365,154,0.4710901392973724,-0.15203774926472968,-4704.200000000001,-4708.399999998794,18,0.0,1.0248861330641412e-21,-1.0,-1.0,15422,6983,8299,140,0.4569428085329145,-0.17750294464075386,-2712.6000000000004,-2718.599999999871,23,0.0,8.737268576015472e-13,-0.9999999999991263,-0.9999999999991768,0.0
R072,trend,"{""adx_min"": 25, ""atr_min"": 0.001, ""ret3_min"": 0.001, ""rsi_hi"": 55}",29822,13979,15696,147,0.4710699241786015,-0.15207413647851728,-4512.8,-4516.999999998884,18,0.0,7.324749249447272e-21,-1.0,-1.0,15038,6790,8112,136,0.45564353778016375,-0.17984163199570527,-2680.0,-2685.999999999888,23,0.0,1.2294520597317514e-12,-0.9999999999987705,-0.9999999999988417,0.0
R073,trend,"{""adx_min"": 25, ""atr_min"": 0.0, ""ret3_min"": 0.0, ""rsi_hi"": 58}",39762,18627,20916,219,0.4710568242166755,-0.15209771640998407,-6014.4,-6018.7999999980375,20,0.0,1.462385277366354e-27,-1.0,-1.0,19793,8985,10612,196,0.4584885441649232,-0.17472062050313825,-3424.0,-3429.99999999952,28,0.0,5.936986660247312e-16,-0.9999999999999994,-0.9999999999999994,0.0
R074,trend,"{""adx_min"": 25, ""atr_min"": 0.0006, ""ret3_min"": 0.0, ""rsi_hi"": 58}",38788,18174,20408,206,0.4710486755481831,-0.15211238401327043,-5868.8,-5873.199999998105,20,0.0,6.527725823624586e-27,-1.0,-1.0,19586,8880,10513,193,0.45789717939462693,-0.17578507708967153,-3409.0,-3414.9999999995366,28,0.0,6.955461266439074e-16,-0.9999999999999993,-0.9999999999999993,0.0
R075,trend,"{""adx_min"": 25, ""atr_min"": 0.001, ""ret3_min"": 0.0, ""rsi_hi"": 58}",35923,16828,18909,186,0.4708845174469038,-0.15240786859557323,-5446.6,-5450.999999998369,20,0.0,5.008745714377888e-25,-1.0,-1.0,18591,8405,10005,181,0.4565453557848995,-0.17821835958718088,-3281.0,-3286.999999999606,28,0.0,2.605519506391657e-15,-0.9999999999999974,-0.9999999999999976,0.0
R076,trend,"{""adx_min"": 25, ""atr_min"": 0.0, ""ret3_min"": 0.0005, ""rsi_hi"": 58}",34533,16159,18197,177,0.4703399697287228,-0.15338805448829898,-5269.800000000001,-5271.999999998528,19,0.0,3.1072374967523416e-24,-1.0,-1.0,16991,7691,9148,152,0.4567373359463151,-0.1778727952966328,-2995.2000000000003,-3003.9999999997,25,0.0,4.849674968525303e-14,-0.9999999999999515,-0.9999999999999556,0.0
R077,trend,"{""adx_min"": 25, ""atr_min"": 0.0006, ""ret3_min"": 0.0005, ""rsi_hi"": 58}",34026,15925,17927,174,0.47043010752688175,-0.1532258064516129,-5187.000000000001,-5189.199999998574,19,0.0,7.262855341759413e-24,-1.0,-1.0,16893,7631,9111,151,0.4557997849719269,-0.17956038705053162,-3006.2000000000003,-3012.999999999708,25,0.0,4.360923877983652e-14,-0.9999999999999564,-0.9999999999999593,0.0
R078,trend,"{""adx_min"": 25, ""atr_min"": 0.001, ""ret3_min"": 0.0005, ""rsi_hi"": 58}",32002,14974,16866,162,0.4702889447236181,-0.15347989949748747,-4886.800000000001,-4888.999999998719,19,0.0,1.5892780674418681e-22,-1.0,-1.0,16217,7307,8766,144,0.4546133266969452,-0.18169601194549867,-2920.4,-2926.3999999997604,25,0.0,1.057362652070429e-13,-0.9999999999998943,-0.9999999999999004,0.0
R079,trend,"{""adx_min"": 25, ""atr_min"": 0.0, ""ret3_min"": 0.001, ""rsi_hi"": 58}",29248,13681,15423,144,0.47007284222100054,-0.15386888400219903,-4478.200000000001,-4481.79999999892,25,0.0,1.0596100485535674e-20,-1.0,-1.0,14415,6533,7755,127,0.45723684210526316,-0.17697368421052634,-2528.6000000000004,-2534.5999999999694,23,0.0,5.735752134440624e-12,-0.9999999999942643,-0.999999999994596,0.0
R080,trend,"{""adx_min"": 25, ""atr_min"": 0.0006, ""ret3_min"": 0.001, ""rsi_hi"": 58}",29068,13606,15319,143,0.4703889369057908,-0.1532999135695765,-4434.200000000001,-4437.799999998936,25,0.0,1.65785262706229e-20,-1.0,-1.0,14376,6508,7741,127,0.45673380588111445,-0.177879149413994,-2534.6000000000004,-2540.599999999974,23,0.0,5.409839097948628e-12,-0.9999999999945902,-0.9999999999949031,0.0
R081,trend,"{""adx_min"": 25, ""atr_min"": 0.001, ""ret3_min"": 0.001, ""rsi_hi"": 58}",27837,13031,14670,136,0.4704162304609942,-0.15325078517021049,-4245.2,-4248.799999999023,25,0.0,1.1547784350479928e-19,-1.0,-1.0,14003,6323,7557,123,0.4555475504322767,-0.180014409221902,-2498.6000000000004,-2504.599999999984,23,0.0,7.8724534639829e-12,-0.9999999999921275,-0.9999999999925829,0.0
R082,mean_reversion,"{""adx_max"": 15, ""atr_min"": 0.0004, ""rsi_low"": 25, ""wick_min"": 0.0, ""z"": 1.2}",6,4,2,0,0.6666666666666666,0.20000000000000004,1.2000000000000002,-2.0,2,0.5,1.0118415696592897,0.01184156965928973,-0.019899999999999918,2,0,2,0,0.0,-1.0,-2.0,-2.0,2,0.0,0.9801,-0.01990000000000003,-0.01990000000000003,0.25
R083,mean_reversion,"{""adx_max"": 15, ""atr_min"": 0.0004, ""rsi_low"": 25, ""wick_min"": 0.2, ""z"": 1.2}",2,1,1,0,0.5,-0.09999999999999998,-0.19999999999999996,-1.0,1,0.5,0.99792,-0.0020799999999999708,-0.010000000000000009,1,0,1,0,0.0,-1.0,-1.0,-1.0,1,0.0,0.99,-0.010000000000000009,-0.010000000000000009,0.0
R084,mean_reversion,"{""adx_max"": 20, ""atr_min"": 0.0004, ""rsi_low"": 25, ""wick_min"": 0.0, ""z"": 1.2}",115,67,48,0,0.5826086956521739,0.048695652173913036,5.599999999999999,-6.0,5,0.6666666666666666,1.0527978564359666,0.05279785643596657,-0.05885918847523419,70,45,25,0,0.6428571428571429,0.1571428571428572,11.000000000000004,-5.2,5,1.0,1.1132784691230264,0.11327846912302642,-0.05098800940379211,0.625
R085,mean_reversion,"{""adx_max"": 20, ""atr_min"": 0.0004, ""rsi_low"": 25, ""wick_min"": 0.2, ""z"": 1.2}",43,23,20,0,0.5348837209302325,-0.037209302325581395,-1.5999999999999999,-6.2,3,0.5,0.9824175914542731,-0.017582408545726902,-0.060816761363205685,25,12,13,0,0.48,-0.13599999999999995,-3.399999999999999,-4.8,3,0.0,0.9655703361551411,-0.034429663844858904,-0.04771460399636296,0.125
R086,mean_reversion,"{""adx_max"": 25, ""atr_min"": 0.0004, ""rsi_low"": 25, ""wick_min"": 0.0, ""z"": 1.2}",517,280,234,3,0.5447470817120622,-0.019455252918287955,-10.000000000000007,-20.199999999999992,7,0.5,0.8863077084398513,-0.1136922915601487,-0.18907345010653276,322,198,124,0,0.6149068322981367,0.10683229813664594,34.39999999999999,-8.600000000000001,6,1.0,1.3929947761277026,0.3929947761277026,-0.08333177831653527,0.25
R087,mean_reversion,"{""adx_max"": 25, ""atr_min"": 0.0004, ""rsi_low"": 25, ""wick_min"": 0.2, ""z"": 1.2}",249,135,112,2,0.5465587044534413,-0.016194331983805675,-4.0,-15.000000000000005,8,0.6666666666666666,0.9512915294878922,-0.048708470512107804,-0.14519632445761532,148,84,64,0,0.5675675675675675,0.021621621621621623,3.2,-11.2,7,0.6666666666666666,1.0264484693817766,0.026448469381776585,-0.10813306758151142,0.125
R088,mean_reversion,"{""adx_max"": 15, ""atr_min"": 0.0004, ""rsi_low"": 30, ""wick_min"": 0.0, ""z"": 1.2}",71,40,30,1,0.5714285714285714,0.02857142857142856,1.9999999999999991,-8.600000000000001,4,0.6666666666666666,1.017365772142299,0.017365772142299063,-0.08399244904868286,49,29,19,1,0.6041666666666666,0.08750000000000001,4.2,-5.2,5,0.3333333333333333,1.0409362396375312,0.040936239637531235,-0.05098800940379222,0.625
R089,mean_reversion,"{""adx_max"": 15, ""atr_min"": 0.0004, ""rsi_low"": 30, ""wick_min"": 0.2, ""z"": 1.2}",22,11,11,0,0.5,-0.09999999999999999,-2.1999999999999997,-4.3999999999999995,3,0.5,0.9773564733384236,-0.02264352666157643,-0.04374070247890016,17,9,7,1,0.5625,0.012500000000000011,0.19999999999999996,-3.0,3,0.3333333333333333,1.0013621026884278,0.0013621026884278464,-0.030050725060248307,0.125
R090,mean_reversion,"{""adx_max"": 20, ""atr_min"": 0.0004, ""rsi_low"": 30, ""wick_min"": 0.0, ""z"": 1.2}",740,416,321,3,0.5644504748982361,0.01601085481682496,11.799999999999995,-21.0,6,0.6666666666666666,1.0926443474625633,0.09264434746256334,-0.19405799254226974,482,277,199,6,0.5819327731092437,0.047478991596638626,22.59999999999999,-22.599999999999994,8,0.6666666666666666,1.2301869601743303,0.23018696017433027,-0.20479581691163307,0.875
R091,mean_reversion,"{""adx_max"": 20, ""atr_min"": 0.0004, ""rsi_low"": 30, ""wick_min"": 0.2, ""z"": 1.2}",296,161,135,0,0.543918918918919,-0.020945945945945947,-6.2,-16.4,7,0.3333333333333333,0.9287459657462608,-0.07125403425373922,-0.1602936869532421,224,125,94,5,0.5707762557077626,0.0273972602739726,5.999999999999996,-15.8,10,0.6666666666666666,1.0526277279338059,0.05262772793380588,-0.1489178942994538,0.125
R092,mean_reversion,"{""adx_max"": 25, ""atr_min"": 0.0004, ""rsi_low"": 30, ""wick_min"": 0.0, ""z"": 1.2}",2449,1360,1074,15,0.5587510271158587,0.005751848808545594,13.999999999999972,-53.199999999999996,11,0.5,1.0435725974479035,0.04357259744790354,-0.4373657041769502,1403,831,560,12,0.597411933860532,0.07534148094895757,104.79999999999998,-23.200000000000067,12,1.0,2.7002946603136975,1.7002946603136975,-0.21031713606813474,0.625
R093,mean_reversion,"{""adx_max"": 25, ""atr_min"": 0.0004, ""rsi_low"": 30, ""wick_min"": 0.2, ""z"": 1.2}",1135,626,501,8,0.5554569653948536,-0.00017746228926353717,-0.20000000000000284,-31.39999999999993,9,0.3333333333333333,0.953949959542331,-0.04605004045766903,-0.2913873797295743,682,394,280,8,0.5845697329376854,0.05222551928783383,35.199999999999996,-18.999999999999993,15,1.0,1.3845356363345103,0.38453563633451027,-0.17739761449616587,0.375
R094,mean_reversion,"{""adx_max"": 15, ""atr_min"": 0.0004, ""rsi_low"": 35, ""wick_min"": 0.0, ""z"": 1.2}",679,371,303,5,0.5504451038575667,-0.009198813056379828,-6.200000000000008,-27.79999999999997,6,0.6666666666666666,0.9147899309132813,-0.08521006908671869,-0.24859925226468138,362,203,156,3,0.5654596100278552,0.017827298050139266,6.399999999999999,-21.79999999999999,6,0.6666666666666666,1.0509410970333601,0.05094109703336014,-0.2007425380746315,0.25
R095,mean_reversion,"{""adx_max"": 15, ""atr_min"": 0.0004, ""rsi_low"": 35, ""wick_min"": 0.2, ""z"": 1.2}",223,136,87,0,0.6098654708520179,0.09775784753363227,21.799999999999997,-9.199999999999992,7,0.8333333333333334,1.2328047438354361,0.23280474383543615,-0.08903989864867368,153,71,80,2,0.47019867549668876,-0.15364238410596026,-23.2,-27.79999999999997,5,0.0,0.7879766487033303,-0.21202335129666972,-0.24697223527042367,0.0
R096,mean_reversion,"{""adx_max"": 20, ""atr_min"": 0.0004, ""rsi_low"": 35, ""wick_min"": 0.0, ""z"": 1.2}",4070,2247,1796,27,0.5557754142963146,0.0003957457333662949,1.5999999999999517,-82.40000000000235,9,0.5,0.8642216608361886,-0.13577833916381143,-0.6048577803488073,2132,1188,924,20,0.5625,0.012499999999999992,26.399999999999977,-53.800000000000225,11,0.6666666666666666,1.1968285875235727,0.19682858752357268,-0.4251314056901274,0.625
R097,mean_reversion,"{""adx_max"": 20, ""atr_min"": 0.0004, ""rsi_low"": 35, ""wick_min"": 0.2, ""z"": 1.2}",1750,963,778,9,0.553130384836301,-0.00436530729465825,-7.600000000000021,-55.3999999999997,10,0.3333333333333333,0.8643185189985381,-0.13568148100146193,-0.44990745889187855,1022,550,459,13,0.5450941526263627,-0.018830525272547093,-19.000000000000007,-39.39999999999996,9,0.3333333333333333,0.7940484100876624,-0.20595158991233764,-0.33196728952139964,0.125
R098,mean_reversion,"{""adx_max"": 25, ""atr_min"": 0.0004, ""rsi_low"": 35, ""wick_min"": 0.0, ""z"": 1.2}",9780,5353,4364,63,0.5508901924462283,-0.008397653596789137,-81.60000000000007,-204.59999999999596,13,0.3333333333333333,0.29937643047119533,-0.7006235695288047,-0.8920349528504852,4896,2757,2098,41,0.5678681771369722,0.022162718846549943,107.59999999999998,-80.20000000000046,15,0.6666666666666666,2.417270720158984,1.4172707201589838,-0.5675087155817036,0.5
R099,mean_reversion,"{""adx_max"": 25, ""atr_min"": 0.0004, ""rsi_low"": 35, ""wick_min"": 0.2, ""z"": 1.2}",4605,2519,2057,29,0.5504807692307693,-0.00913461538461539,-41.800000000000026,-116.20000000000347,13,0.3333333333333333,0.547867667217336,-0.45213233278266396,-0.7219724647393585,2504,1368,1111,25,0.5518354175070593,-0.006696248487293264,-16.600000000000012,-76.80000000000004,11,0.3333333333333333,0.7668477076734534,-0.23315229232654655,-0.5483579715019151,0.0
R100,mean_reversion,"{""adx_max"": 15, ""atr_min"": 0.0004, ""rsi_low"": 25, ""wick_min"": 0.0, ""z"": 1.5}",6,4,2,0,0.6666666666666666,0.20000000000000004,1.2000000000000002,-2.0,2,0.5,1.0118415696592897,0.01184156965928973,-0.019899999999999918,2,0,2,0,0.0,-1.0,-2.0,-2.0,2,0.0,0.9801,-0.01990000000000003,-0.01990000000000003,0.25
R101,mean_reversion,"{""adx_max"": 15, ""atr_min"": 0.0004, ""rsi_low"": 25, ""wick_min"": 0.2, ""z"": 1.5}",2,1,1,0,0.5,-0.09999999999999998,-0.19999999999999996,-1.0,1,0.5,0.99792,-0.0020799999999999708,-0.010000000000000009,1,0,1,0,0.0,-1.0,-1.0,-1.0,1,0.0,0.99,-0.010000000000000009,-0.010000000000000009,0.0
R102,mean_reversion,"{""adx_max"": 20, ""atr_min"": 0.0004, ""rsi_low"": 25, ""wick_min"": 0.0, ""z"": 1.5}",114,67,47,0,0.5877192982456141,0.05789473684210524,6.599999999999998,-6.0,5,0.6666666666666666,1.0634321782181477,0.06343217821814773,-0.05885918847523419,70,45,25,0,0.6428571428571429,0.1571428571428572,11.000000000000004,-5.2,5,1.0,1.1132784691230264,0.11327846912302642,-0.05098800940379211,0.625
R103,mean_reversion,"{""adx_max"": 20, ""atr_min"": 0.0004, ""rsi_low"": 25, ""wick_min"": 0.2, ""z"": 1.5}",43,23,20,0,0.5348837209302325,-0.037209302325581395,-1.5999999999999999,-6.2,3,0.5,0.9824175914542731,-0.017582408545726902,-0.060816761363205685,25,12,13,0,0.48,-0.13599999999999995,-3.399999999999999,-4.8,3,0.0,0.9655703361551411,-0.034429663844858904,-0.04771460399636296,0.125
R104,mean_reversion,"{""adx_max"": 25, ""atr_min"": 0.0004, ""rsi_low"": 25, ""wick_min"": 0.0, ""z"": 1.5}",516,280,233,3,0.5458089668615984,-0.01754385964912282,-9.000000000000007,-20.199999999999992,7,0.5,0.8952603115554054,-0.10473968844459458,-0.18907345010653276,322,198,124,0,0.6149068322981367,0.10683229813664594,34.39999999999999,-8.600000000000001,6,1.0,1.3929947761277026,0.3929947761277026,-0.08333177831653527,0.25
R105,mean_reversion,"{""adx_max"": 25, ""atr_min"": 0.0004, ""rsi_low"": 25, ""wick_min"": 0.2, ""z"": 1.5}",249,135,112,2,0.5465587044534413,-0.016194331983805675,-4.0,-15.000000000000005,8,0.6666666666666666,0.9512915294878922,-0.048708470512107804,-0.14519632445761532,148,84,64,0,0.5675675675675675,0.021621621621621623,3.2,-11.2,7,0.6666666666666666,1.0264484693817766,0.026448469381776585,-0.10813306758151142,0.125
R106,mean_reversion,"{""adx_max"": 15, ""atr_min"": 0.0004, ""rsi_low"": 30, ""wick_min"": 0.0, ""z"": 1.5}",71,40,30,1,0.5714285714285714,0.02857142857142856,1.9999999999999991,-8.600000000000001,4,0.6666666666666666,1.017365772142299,0.017365772142299063,-0.08399244904868286,49,29,19,1,0.6041666666666666,0.08750000000000001,4.2,-5.2,5,0.3333333333333333,1.0409362396375312,0.040936239637531235,-0.05098800940379222,0.625
R107,mean_reversion,"{""adx_max"": 15, ""atr_min"": 0.0004, ""rsi_low"": 30, ""wick_min"": 0.2, ""z"": 1.5}",22,11,11,0,0.5,-0.09999999999999999,-2.1999999999999997,-4.3999999999999995,3,0.5,0.9773564733384236,-0.02264352666157643,-0.04374070247890016,17,9,7,1,0.5625,0.012500000000000011,0.19999999999999996,-3.0,3,0.3333333333333333,1.0013621026884278,0.0013621026884278464,-0.030050725060248307,0.125
R108,mean_reversion,"{""adx_max"": 20, ""atr_min"": 0.0004, ""rsi_low"": 30, ""wick_min"": 0.0, ""z"": 1.5}",737,416,318,3,0.5667574931880109,0.020163487738419618,14.799999999999997,-21.0,6,0.6666666666666666,1.1260903571605902,0.12609035716059025,-0.19405799254226974,481,276,199,6,0.5810526315789474,0.04589473684210524,21.79999999999999,-22.599999999999994,8,0.6666666666666666,1.2204235716015195,0.22042357160151949,-0.20479581691163307,0.875
R109,mean_reversion,"{""adx_max"": 20, ""atr_min"": 0.0004, ""rsi_low"": 30, ""wick_min"": 0.2, ""z"": 1.5}",295,161,134,0,0.5457627118644067,-0.0176271186440678,-5.200000000000001,-16.199999999999996,7,0.3333333333333333,0.9381272381275357,-0.061872761872464266,-0.15181180500327496,224,125,94,5,0.5707762557077626,0.0273972602739726,5.999999999999996,-15.8,10,0.6666666666666666,1.0526277279338059,0.05262772793380588,-0.1489178942994538,0.125
R110,mean_reversion,"{""adx_max"": 25, ""atr_min"": 0.0004, ""rsi_low"": 30, ""wick_min"": 0.0, ""z"": 1.5}",2433,1347,1071,15,0.5570719602977667,0.0027295285359801437,6.599999999999966,-57.20000000000019,11,0.5,0.969683856581228,-0.03031614341877198,-0.45934087046635796,1396,827,557,12,0.5975433526011561,0.07557803468208092,104.6,-23.80000000000008,12,1.0,2.69564964095284,1.69564964095284,-0.21495155962908308,0.625
R111,mean_reversion,"{""adx_max"": 25, ""atr_min"": 0.0004, ""rsi_low"": 30, ""wick_min"": 0.2, ""z"": 1.5}",1127,619,500,8,0.5531724754244861,-0.004289544235924937,-4.800000000000001,-35.399999999999714,9,0.3333333333333333,0.9113111302941459,-0.0886888697058541,-0.32306033302925885,677,392,277,8,0.585949177877429,0.0547085201793722,36.6,-18.79999999999999,15,1.0,1.4043568936502553,0.4043568936502553,-0.17330230563099347,0.375
R112,mean_reversion,"{""adx_max"": 15, ""atr_min"": 0.0004, ""rsi_low"": 35, ""wick_min"": 0.0, ""z"": 1.5}",669,365,299,5,0.5496987951807228,-0.0105421686746988,-7.000000000000006,-27.59999999999997,6,0.6666666666666666,0.9078569124126363,-0.09214308758736367,-0.2470330810733139,357,200,154,3,0.5649717514124294,0.016949152542372867,5.999999999999999,-21.79999999999999,6,0.6666666666666666,1.046951081646441,0.046951081646440906,-0.2007425380746315,0.25
R113,mean_reversion,"{""adx_max"": 15, ""atr_min"": 0.0004, ""rsi_low"": 35, ""wick_min"": 0.2, ""z"": 1.5}",220,133,87,0,0.6045454545454545,0.08818181818181818,19.4,-9.999999999999993,7,0.6666666666666666,1.2036845899488837,0.20368458994888372,-0.0962697407228903,149,69,78,2,0.46938775510204084,-0.15510204081632653,-22.8,-27.39999999999997,5,0.0,0.7912648873061149,-0.20873511269388512,-0.24382983889481147,0.0
R114,mean_reversion,"{""adx_max"": 20, ""atr_min"": 0.0004, ""rsi_low"": 35, ""wick_min"": 0.0, ""z"": 1.5}",3951,2189,1736,26,0.5577070063694267,0.0038726114649681445,15.199999999999932,-70.80000000000065,9,0.5,0.9949530989876636,-0.005046901012336402,-0.5364732654545752,2083,1156,908,19,0.560077519379845,0.008139534883720918,16.799999999999976,-56.20000000000023,11,0.6666666666666666,1.0892606457865184,0.08926064578651838,-0.43909404141689734,0.625
R115,mean_reversion,"{""adx_max"": 20, ""atr_min"": 0.0004, ""rsi_low"": 35, ""wick_min"": 0.2, ""z"": 1.5}",1686,925,753,8,0.5512514898688915,-0.0077473182359952455,-13.000000000000021,-53.79999999999966,9,0.5,0.8209065733255544,-0.1790934266744456,-0.44026422579541546,989,528,449,12,0.5404298874104401,-0.027226202661207784,-26.600000000000012,-41.99999999999998,9,0.3333333333333333,0.736823261573687,-0.26317673842631295,-0.3497546298028429,0.125
R116,mean_reversion,"{""adx_max"": 25, ""atr_min"": 0.0004, ""rsi_low"": 35, ""wick_min"": 0.0, ""z"": 1.5}",9262,5078,4124,60,0.5518365572701587,-0.006694196913714413,-61.60000000000002,-181.39999999999833,13,0.3333333333333333,0.3733572356605574,-0.6266427643394425,-0.8626382678775562,4660,2622,2001,37,0.5671641791044776,0.0208955223880597,96.59999999999998,-82.40000000000052,15,0.6666666666666666,2.185443487993291,1.185443487993291,-0.5763865701553716,0.5
R117,mean_reversion,"{""adx_max"": 25, ""atr_min"": 0.0004, ""rsi_low"": 35, ""wick_min"": 0.2, ""z"": 1.5}",4332,2359,1945,28,0.5480947955390335,-0.01342936802973978,-57.80000000000004,-111.60000000000365,12,0.3333333333333333,0.47189865395329084,-0.5281013460467092,-0.709849011577322,2363,1286,1055,22,0.5493378897906878,-0.011191798376762076,-26.200000000000024,-78.40000000000025,11,0.3333333333333333,0.7004458930897881,-0.2995541069102119,-0.5550174624600163,0.0
R118,mean_reversion,"{""adx_max"": 15, ""atr_min"": 0.0004, ""rsi_low"": 25, ""wick_min"": 0.0, ""z"": 1.8}",6,4,2,0,0.6666666666666666,0.20000000000000004,1.2000000000000002,-2.0,2,0.5,1.0118415696592897,0.01184156965928973,-0.019899999999999918,2,0,2,0,0.0,-1.0,-2.0,-2.0,2,0.0,0.9801,-0.01990000000000003,-0.01990000000000003,0.25
R119,mean_reversion,"{""adx_max"": 15, ""atr_min"": 0.0004, ""rsi_low"": 25, ""wick_min"": 0.2, ""z"": 1.8}",2,1,1,0,0.5,-0.09999999999999998,-0.19999999999999996,-1.0,1,0.5,0.99792,-0.0020799999999999708,-0.010000000000000009,1,0,1,0,0.0,-1.0,-1.0,-1.0,1,0.0,0.99,-0.010000000000000009,-0.010000000000000009,0.0
R120,mean_reversion,"{""adx_max"": 20, ""atr_min"": 0.0004, ""rsi_low"": 25, ""wick_min"": 0.0, ""z"": 1.8}",113,66,47,0,0.584070796460177,0.051327433628318556,5.799999999999997,-6.0,5,0.6666666666666666,1.0549922402957823,0.05499224029578231,-0.05885918847523419,70,45,25,0,0.6428571428571429,0.1571428571428572,11.000000000000004,-5.2,5,1.0,1.1132784691230264,0.11327846912302642,-0.05098800940379211,0.625
R121,mean_reversion,"{""adx_max"": 20, ""atr_min"": 0.0004, ""rsi_low"": 25, ""wick_min"": 0.2, ""z"": 1.8}",43,23,20,0,0.5348837209302325,-0.037209302325581395,-1.5999999999999999,-6.2,3,0.5,0.9824175914542731,-0.017582408545726902,-0.060816761363205685,25,12,13,0,0.48,-0.13599999999999995,-3.399999999999999,-4.8,3,0.0,0.9655703361551411,-0.034429663844858904,-0.04771460399636296,0.125
R122,mean_reversion,"{""adx_max"": 25, ""atr_min"": 0.0004, ""rsi_low"": 25, ""wick_min"": 0.0, ""z"": 1.8}",512,279,230,3,0.5481335952848723,-0.01335952848722987,-6.800000000000014,-18.999999999999993,7,0.5,0.9153416328240125,-0.08465836717598751,-0.1791749567449098,321,197,124,0,0.6137071651090342,0.10467289719626166,33.599999999999994,-8.600000000000001,6,1.0,1.3819392620314512,0.38193926203145123,-0.08333177831653527,0.375
R123,mean_reversion,"{""adx_max"": 25, ""atr_min"": 0.0004, ""rsi_low"": 25, ""wick_min"": 0.2, ""z"": 1.8}",246,135,109,2,0.5532786885245902,-0.0040983606557377225,-1.0000000000000042,-13.000000000000004,8,0.6666666666666666,0.9804107079239424,-0.01958929207605764,-0.12784034737028294,148,84,64,0,0.5675675675675675,0.021621621621621623,3.2,-11.2,7,0.6666666666666666,1.0264484693817766,0.026448469381776585,-0.10813306758151142,0.25
R124,mean_reversion,"{""adx_max"": 15, ""atr_min"": 0.0004, ""rsi_low"": 30, ""wick_min"": 0.0, ""z"": 1.8}",71,40,30,1,0.5714285714285714,0.02857142857142856,1.9999999999999991,-8.600000000000001,4,0.6666666666666666,1.017365772142299,0.017365772142299063,-0.08399244904868286,49,29,19,1,0.6041666666666666,0.08750000000000001,4.2,-5.2,5,0.3333333333333333,1.0409362396375312,0.040936239637531235,-0.05098800940379222,0.625
R125,mean_reversion,"{""adx_max"": 15, ""atr_min"": 0.0004, ""rsi_low"": 30, ""wick_min"": 0.2, ""z"": 1.8}",22,11,11,0,0.5,-0.09999999999999999,-2.1999999999999997,-4.3999999999999995,3,0.5,0.9773564733384236,-0.02264352666157643,-0.04374070247890016,17,9,7,1,0.5625,0.012500000000000011,0.19999999999999996,-3.0,3,0.3333333333333333,1.0013621026884278,0.0013621026884278464,-0.030050725060248307,0.25
R126,mean_reversion,"{""adx_max"": 20, ""atr_min"": 0.0004, ""rsi_low"": 30, ""wick_min"": 0.0, ""z"": 1.8}",716,406,307,3,0.5694249649368864,0.024964936886395502,17.799999999999994,-20.000000000000007,6,0.6666666666666666,1.1613972086772406,0.1613972086772406,-0.18562363835120443,475,274,195,6,0.5842217484008528,0.05159914712153517,24.199999999999996,-21.6,8,0.6666666666666666,1.2503993651927783,0.2503993651927783,-0.19676345142589236,0.875
R127,mean_reversion,"{""adx_max"": 20, ""atr_min"": 0.0004, ""rsi_low"": 30, ""wick_min"": 0.2, ""z"": 1.8}",284,155,129,0,0.545774647887324,-0.017605633802816895,-4.999999999999998,-16.999999999999993,7,0.3333333333333333,0.9404215662871571,-0.05957843371284288,-0.15827143846064784,223,125,93,5,0.573394495412844,0.03211009174311925,6.9999999999999964,-14.800000000000004,10,0.6666666666666666,1.0632603312462685,0.06326033124626851,-0.14032110535298392,0.25
R128,mean_reversion,"{""adx_max"": 25, ""atr_min"": 0.0004, ""rsi_low"": 30, ""wick_min"": 0.0, ""z"": 1.8}",2299,1279,1005,15,0.5599824868651488,0.007968476357267947,18.199999999999985,-43.59999999999977,11,0.5,1.0949420598924473,0.0949420598924473,-0.37643201749500854,1353,802,539,12,0.5980611483967189,0.07651006711409396,102.6,-24.400000000000077,12,1.0,2.6467726598798227,1.6467726598798227,-0.21955878507959525,0.875
R129,mean_reversion,"{""adx_max"": 25, ""atr_min"": 0.0004, ""rsi_low"": 30, ""wick_min"": 0.2, ""z"": 1.8}",1051,582,461,8,0.5580057526366251,0.0044103547459252,4.59999999999999,-31.39999999999993,9,0.3333333333333333,1.0042790363999583,0.0042790363999583025,-0.2785841927972367,657,379,270,8,0.5839753466872111,0.05115562403697997,33.199999999999996,-18.79999999999999,15,1.0,1.3584517288809566,0.35845172888095655,-0.1733023056309938,0.25
R130,mean_reversion,"{""adx_max"": 15, ""atr_min"": 0.0004, ""rsi_low"": 35, ""wick_min"": 0.0, ""z"": 1.8}",627,344,278,5,0.5530546623794212,-0.004501607717041805,-2.8000000000000043,-29.799999999999976,6,0.6666666666666666,0.9484340641374126,-0.0515659358625874,-0.2632865933859335,340,191,147,2,0.5650887573964497,0.01715976331360946,5.799999999999999,-20.999999999999996,6,0.6666666666666666,1.0455269665544749,0.04552696655447486,-0.19347670661773397,0.375
R131,mean_reversion,"{""adx_max"": 15, ""atr_min"": 0.0004, ""rsi_low"": 35, ""wick_min"": 0.2, ""z"": 1.8}",202,122,80,0,0.6039603960396039,0.08712871287128714,17.6,-8.599999999999994,7,0.6666666666666666,1.1830428773381791,0.18304287733817914,-0.0833317783165346,139,64,73,2,0.46715328467153283,-0.1591240875912409,-21.799999999999997,-26.399999999999977,7,0.3333333333333333,0.7995456423191766,-0.20045435768082343,-0.23591635764124863,0.0
R132,mean_reversion,"{""adx_max"": 20, ""atr_min"": 0.0004, ""rsi_low"": 35, ""wick_min"": 0.0, ""z"": 1.8}",3560,1985,1550,25,0.5615275813295615,0.010749646393210733,37.99999999999996,-60.39999999999979,9,0.8333333333333334,1.2697197168104828,0.2697197168104828,-0.48342653715352935,1933,1078,838,17,0.5626304801670147,0.012734864300626293,24.39999999999999,-47.59999999999997,11,0.6666666666666666,1.1823517181153367,0.18235171811533668,-0.3848088134761769,0.75
R133,mean_reversion,"{""adx_max"": 20, ""atr_min"": 0.0004, ""rsi_low"": 35, ""wick_min"": 0.2, ""z"": 1.8}",1481,816,657,8,0.5539714867617108,-0.0028513238289205748,-4.200000000000017,-45.59999999999969,8,0.5,0.9038930600231374,-0.0961069399768626,-0.38906130049862564,904,485,408,11,0.5431131019036954,-0.022396416573348288,-20.000000000000014,-36.19999999999997,9,0.3333333333333333,0.7898006174278005,-0.2101993825721995,-0.31027661664660644,0.125
R134,mean_reversion,"{""adx_max"": 25, ""atr_min"": 0.0004, ""rsi_low"": 35, ""wick_min"": 0.0, ""z"": 1.8}",7857,4337,3465,55,0.5558831068956678,0.000589592412201986,4.599999999999881,-135.4000000000035,13,0.5,0.7660851420612792,-0.2339148579387208,-0.7762502068241254,4057,2292,1735,30,0.5691581822696796,0.024484728085423377,98.59999999999992,-60.59999999999994,14,0.6666666666666666,2.2835063400220523,1.2835063400220523,-0.48450100995625056,0.375
R135,mean_reversion,"{""adx_max"": 25, ""atr_min"": 0.0004, ""rsi_low"": 35, ""wick_min"": 0.2, ""z"": 1.8}",3555,1951,1578,26,0.5528478322470955,-0.004873901955228123,-17.20000000000003,-84.80000000000126,11,0.5,0.7308617283112835,-0.2691382716887165,-0.5942202338821168,2003,1098,889,16,0.552591847005536,-0.005334675390035246,-10.60000000000002,-54.99999999999979,11,0.3333333333333333,0.830524127174573,-0.16947587282542698,-0.44281198236182295,0.25
R136,mean_reversion,"{""adx_max"": 15, ""atr_min"": 0.0004, ""rsi_low"": 25, ""wick_min"": 0.0, ""z"": 2.1}",6,4,2,0,0.6666666666666666,0.20000000000000004,1.2000000000000002,-2.0,2,0.5,1.0118415696592897,0.01184156965928973,-0.019899999999999918,2,0,2,0,0.0,-1.0,-2.0,-2.0,2,0.0,0.9801,-0.01990000000000003,-0.01990000000000003,0.25
R137,mean_reversion,"{""adx_max"": 15, ""atr_min"": 0.0004, ""rsi_low"": 25, ""wick_min"": 0.2, ""z"": 2.1}",2,1,1,0,0.5,-0.09999999999999998,-0.19999999999999996,-1.0,1,0.5,0.99792,-0.0020799999999999708,-0.010000000000000009,1,0,1,0,0.0,-1.0,-1.0,-1.0,1,0.0,0.99,-0.010000000000000009,-0.010000000000000009,0.125
R138,mean_reversion,"{""adx_max"": 20, ""atr_min"": 0.0004, ""rsi_low"": 25, ""wick_min"": 0.0, ""z"": 2.1}",112,65,47,0,0.5803571428571429,0.04464285714285713,4.999999999999998,-6.0,5,0.6666666666666666,1.0466192860077201,0.04661928600772014,-0.05885918847523419,69,44,25,0,0.6376811594202898,0.14782608695652177,10.200000000000003,-5.2,5,1.0,1.104442925717288,0.10444292571728808,-0.05098800940379211,0.625
R139,mean_reversion,"{""adx_max"": 20, ""atr_min"": 0.0004, ""rsi_low"": 25, ""wick_min"": 0.2, ""z"": 2.1}",42,22,20,0,0.5238095238095238,-0.057142857142857106,-2.3999999999999986,-6.199999999999999,3,0.5,0.9746206264427313,-0.025379373557268714,-0.06081676136320546,25,12,13,0,0.48,-0.13599999999999995,-3.399999999999999,-4.8,3,0.0,0.9655703361551411,-0.034429663844858904,-0.04771460399636296,0.25
R140,mean_reversion,"{""adx_max"": 25, ""atr_min"": 0.0004, ""rsi_low"": 25, ""wick_min"": 0.0, ""z"": 2.1}",497,270,224,3,0.5465587044534413,-0.016194331983805675,-8.00000000000001,-18.999999999999993,7,0.5,0.9049555740754154,-0.09504442592458462,-0.1771010168531103,311,190,121,0,0.6109324758842444,0.09967845659163986,30.999999999999996,-8.600000000000001,6,1.0,1.34697534694898,0.34697534694898,-0.08333177831653538,0.5
R141,mean_reversion,"{""adx_max"": 25, ""atr_min"": 0.0004, ""rsi_low"": 25, ""wick_min"": 0.2, ""z"": 2.1}",240,133,105,2,0.5588235294117647,0.005882352941176453,1.3999999999999941,-11.600000000000005,7,0.6666666666666666,1.004491354757749,0.004491354757748978,-0.11535435535858629,143,81,62,0,0.5664335664335665,0.01958041958041958,2.8,-11.8,7,0.6666666666666666,1.0225514429944043,0.022551442994404258,-0.11336718030399351,0.125
R142,mean_reversion,"{""adx_max"": 15, ""atr_min"": 0.0004, ""rsi_low"": 30, ""wick_min"": 0.0, ""z"": 2.1}",68,38,29,1,0.5671641791044776,0.0208955223880597,1.4,-8.400000000000002,4,0.6666666666666666,1.0113951425137888,0.011395142513788814,-0.08208318206738263,48,28,19,1,0.5957446808510638,0.0723404255319149,3.4000000000000004,-5.2,5,0.3333333333333333,1.0326748409102495,0.032674840910249525,-0.05098800940379222,0.625
R143,mean_reversion,"{""adx_max"": 15, ""atr_min"": 0.0004, ""rsi_low"": 30, ""wick_min"": 0.2, ""z"": 2.1}",21,10,11,0,0.47619047619047616,-0.14285714285714285,-3.0,-5.199999999999999,3,0.3333333333333333,0.9695996759309756,-0.030400324069024376,-0.051330061983036024,17,9,7,1,0.5625,0.012500000000000011,0.19999999999999996,-3.0,3,0.3333333333333333,1.0013621026884278,0.0013621026884278464,-0.030050725060248307,0.25
R144,mean_reversion,"{""adx_max"": 20, ""atr_min"": 0.0004, ""rsi_low"": 30, ""wick_min"": 0.0, ""z"": 2.1}",673,381,289,3,0.5686567164179105,0.02358208955223879,15.79999999999999,-16.800000000000008,6,0.6666666666666666,1.1403389863755056,0.14033898637550557,-0.15864281130228952,454,258,190,6,0.5758928571428571,0.03660714285714284,16.39999999999999,-22.199999999999996,8,0.6666666666666666,1.1574553796333609,0.15745537963336087,-0.20147741769735505,0.875
R145,mean_reversion,"{""adx_max"": 20, ""atr_min"": 0.0004, ""rsi_low"": 30, ""wick_min"": 0.2, ""z"": 2.1}",262,141,121,0,0.5381679389312977,-0.03129770992366411,-8.199999999999998,-17.000000000000004,7,0.5,0.9115774508235788,-0.08842254917642123,-0.16431839486634015,208,114,89,5,0.5615763546798029,0.01083743842364533,2.1999999999999993,-16.2,10,0.6666666666666666,1.0139883835563432,0.013988383556343242,-0.15214912267834368,0.25
R146,mean_reversion,"{""adx_max"": 25, ""atr_min"": 0.0004, ""rsi_low"": 30, ""wick_min"": 0.0, ""z"": 2.1}",1997,1121,863,13,0.5650201612903226,0.017036290322580624,33.799999999999976,-27.599999999999902,10,0.6666666666666666,1.2954761813315097,0.29547618133150966,-0.2610762461073509,1212,714,487,11,0.5945045795170691,0.07010824313072439,84.2,-24.000000000000004,11,1.0,2.2139086402244166,1.2139086402244166,-0.21658446038505474,0.875
R147,mean_reversion,"{""adx_max"": 25, ""atr_min"": 0.0004, ""rsi_low"": 30, ""wick_min"": 0.2, ""z"": 2.1}",888,500,382,6,0.5668934240362812,0.020408163265306114,17.99999999999999,-13.80000000000001,10,0.5,1.1558737234930678,0.15587372349306783,-0.13569748564701933,570,323,239,8,0.5747330960854092,0.034519572953736664,19.400000000000002,-23.59999999999998,13,1.0,1.1873079620696105,0.18730796206961053,-0.21896677839654366,0.375
R148,mean_reversion,"{""adx_max"": 15, ""atr_min"": 0.0004, ""rsi_low"": 35, ""wick_min"": 0.0, ""z"": 2.1}",534,294,236,4,0.5547169811320755,-0.0015094339622641589,-0.8000000000000007,-26.999999999999993,6,0.6666666666666666,0.9711858925566995,-0.028814107443300485,-0.24210300686734487,299,168,130,1,0.5637583892617449,0.014765100671140933,4.399999999999995,-17.999999999999996,6,0.6666666666666666,1.0326298907362956,0.03262989073629563,-0.16788947689085199,0.375
R149,mean_reversion,"{""adx_max"": 15, ""atr_min"": 0.0004, ""rsi_low"": 35, ""wick_min"": 0.2, ""z"": 2.1}",164,97,67,0,0.5914634146341463,0.06463414634146342,10.600000000000001,-9.999999999999979,7,0.6666666666666666,1.104662605311124,0.10466260531112392,-0.09757196317446237,117,55,61,1,0.47413793103448276,-0.14655172413793102,-17.0,-19.99999999999998,6,0.3333333333333333,0.8396071657452192,-0.1603928342547808,-0.18474242569751886,0.0
R150,mean_reversion,"{""adx_max"": 20, ""atr_min"": 0.0004, ""rsi_low"": 35, ""wick_min"": 0.0, ""z"": 2.1}",2817,1577,1224,16,0.5630132095680114,0.013423777222420562,37.59999999999998,-47.799999999999926,9,0.6666666666666666,1.30237881767821,0.30237881767821007,-0.3955314553039969,1562,867,683,12,0.5593548387096774,0.006838709677419346,10.59999999999999,-39.399999999999935,11,0.3333333333333333,1.045007119063853,0.04500711906385302,-0.3344249634406077,0.75
R151,mean_reversion,"{""adx_max"": 20, ""atr_min"": 0.0004, ""rsi_low"": 35, ""wick_min"": 0.2, ""z"": 2.1}",1117,609,503,5,0.5476618705035972,-0.01420863309352518,-15.8,-42.99999999999976,10,0.16666666666666666,0.8165202074893875,-0.18347979251061253,-0.37342886536371356,692,364,320,8,0.5321637426900585,-0.042105263157894736,-28.8,-38.59999999999988,9,0.0,0.7292827800970421,-0.27071721990295794,-0.3323699314526547,0.125
R152,mean_reversion,"{""adx_max"": 25, ""atr_min"": 0.0004, ""rsi_low"": 35, ""wick_min"": 0.0, ""z"": 2.1}",5728,3190,2503,35,0.5603372562796417,0.008607061303354993,48.999999999999964,-68.800000000002,11,0.3333333333333333,1.3001381649620334,0.3001381649620334,-0.5621398471840366,3052,1719,1312,21,0.5671395579016826,0.0208512042230287,63.19999999999999,-57.8000000000001,13,0.6666666666666666,1.6673624174722954,0.6673624174722954,-0.46618272763020274,0.375
R153,mean_reversion,"{""adx_max"": 25, ""atr_min"": 0.0004, ""rsi_low"": 35, ""wick_min"": 0.2, ""z"": 2.1}",2464,1353,1094,17,0.5529219452390682,-0.004740498569677156,-11.600000000000016,-62.39999999999988,15,0.3333333333333333,0.8072402976797787,-0.19275970232022133,-0.49407125033285004,1415,761,641,13,0.5427960057061341,-0.022967189728958632,-32.20000000000001,-73.40000000000002,13,0.3333333333333333,0.6848960671151262,-0.3151039328848738,-0.5324222108248444,0.375
R154,breakout,"{""adx_min"": 15, ""body_min"": 0.2, ""lookback"": 20, ""vol_z_min"": 0.5}",13182,6001,7121,60,0.4573235787227557,-0.1768175582990398,-2320.2,-2342.0000000000655,16,0.0,4.840318260465099e-11,-0.9999999999515968,-0.9999999999608222,5759,2543,3177,39,0.4445804195804196,-0.19975524475524478,-1142.6,-1142.800000000057,19,0.0,8.57326782084845e-06,-0.9999914267321791,-0.9999914414798271,0.0
R155,breakout,"{""adx_min"": 15, ""body_min"": 0.5, ""lookback"": 20, ""vol_z_min"": 0.5}",10356,4635,5678,43,0.449432754775526,-0.19102104140405313,-1970.0,-1988.4000000001436,16,0.0,1.8038534545120237e-09,-0.9999999981961466,-0.9999999984862528,4586,2021,2530,35,0.44407822456602947,-0.20065919578114702,-913.1999999999999,-914.400000000034,18,0.0,8.928484008561864e-05,-0.9999107151599144,-0.9999117600593187,0.0
R156,breakout,"{""adx_min"": 20, ""body_min"": 0.2, ""lookback"": 20, ""vol_z_min"": 0.5}",9819,4486,5292,41,0.4587850276130088,-0.17418695029658418,-1703.2000000000003,-1724.4000000001258,18,0.0,2.6631575120495933e-08,-0.9999999733684248,-0.9999999783404332,4348,1918,2403,27,0.44387873177505205,-0.20101828280490627,-868.6000000000001,-868.8000000000312,19,0.0,0.00014082287416983372,-0.9998591771258302,-0.9998594193679035,0.0
R157,breakout,"{""adx_min"": 20, ""body_min"": 0.5, ""lookback"": 20, ""vol_z_min"": 0.5}",7664,3447,4192,25,0.4512370729153031,-0.1877732687524545,-1434.4,-1453.4000000000776,17,0.0,4.277499174479994e-07,-0.9999995722500825,-0.9999996440492986,3453,1519,1908,26,0.4432448205427488,-0.20215932302305226,-692.8000000000001,-694.0000000000057,15,0.0,0.000848202535733907,-0.9991517974642661,-0.9991617239682893,0.0
R158,breakout,"{""adx_min"": 25, ""body_min"": 0.2, ""lookback"": 20, ""vol_z_min"": 0.5}",6624,3047,3552,25,0.4617366267616306,-0.16887407182906503,-1114.4,-1141.8000000000616,19,0.0,1.0976213555365323e-05,-0.9999890237864446,-0.9999916098656362,2982,1328,1633,21,0.4484971293481932,-0.19270516717325228,-570.6,-570.9999999999955,18,0.0,0.0029366988910077586,-0.9970633011089922,-0.9970744506147019,0.0
R159,breakout,"{""adx_min"": 25, ""body_min"": 0.5, ""lookback"": 20, ""vol_z_min"": 0.5}",5178,2325,2837,16,0.45040681906237895,-0.18926772568771794,-977.0000000000001,-1001.2000000000405,22,0.0,4.600279593864625e-05,-0.9999539972040613,-0.9999637623589573,2360,1048,1292,20,0.4478632478632479,-0.1938461538461539,-453.6,-459.79999999999137,16,0.0,0.009712008879476788,-0.9902879911205232,-0.9908588934661502,0.0
R160,breakout,"{""adx_min"": 15, ""body_min"": 0.2, ""lookback"": 20, ""vol_z_min"": 1.0}",10678,4837,5801,40,0.45469073134047755,-0.18155668358714044,-1931.4,-1950.800000000151,27,0.0,2.6203401664105236e-09,-0.9999999973796598,-0.999999997830119,4701,2075,2594,32,0.44442064681944743,-0.20004283572499465,-934.0,-934.0000000000389,18,0.0,7.216039690051525e-05,-0.9999278396030995,-0.9999278396030995,0.0
R161,breakout,"{""adx_min"": 15, ""body_min"": 0.5, ""lookback"": 20, ""vol_z_min"": 1.0}",8389,3723,4635,31,0.44544149318018667,-0.19820531227566404,-1656.6000000000001,-1672.8000000000964,22,0.0,4.4945684959259694e-08,-0.999999955054315,-0.9999999616170192,3765,1660,2077,28,0.44420658282044423,-0.20042815092320043,-749.0,-750.4000000000142,17,0.0,0.0004772901600194954,-0.9995227098399805,-0.9995287673503876,0.0
R162,breakout,"{""adx_min"": 20, ""body_min"": 0.2, ""lookback"": 20, ""vol_z_min"": 1.0}",7985,3626,4332,27,0.4556421211359638,-0.17984418195526516,-1431.2,-1451.2000000000876,19,0.0,4.360662003522657e-07,-0.9999995639337996,-0.9999996414045841,3555,1571,1962,22,0.44466459099915084,-0.19960373620152846,-705.2,-705.4000000000124,19,0.0,0.0007460153170647156,-0.9992539846829352,-0.9992552679708824,0.0
R163,breakout,"{""adx_min"": 20, ""body_min"": 0.5, ""lookback"": 20, ""vol_z_min"": 1.0}",6231,2774,3438,19,0.4465550547327753,-0.19620090148100452,-1218.8000000000002,-1235.6000000000543,16,0.0,3.920262047589491e-06,-0.9999960797379525,-0.99999667419783,2835,1256,1558,21,0.4463397299218195,-0.19658848614072497,-553.2,-556.1999999999995,17,0.0,0.003516102383086343,-0.9964838976169137,-0.9965784760461073,0.0
R164,breakout,"{""adx_min"": 25, ""body_min"": 0.2, ""lookback"": 20, ""vol_z_min"": 1.0}",5389,2457,2914,18,0.45745671197169985,-0.17657791845094023,-948.4000000000001,-971.6000000000454,16,0.0,6.074135143575747e-05,-0.9999392586485643,-0.9999516167954174,2418,1072,1330,16,0.4462947543713572,-0.19666944213155702,-472.40000000000003,-474.79999999999126,17,0.0,0.00802600149201826,-0.9919739985079817,-0.9921381149548965,0.0
R165,breakout,"{""adx_min"": 25, ""body_min"": 0.5, ""lookback"": 20, ""vol_z_min"": 1.0}",4208,1862,2333,13,0.4438617401668653,-0.20104886769964245,-843.4,-864.4000000000269,23,0.0,0.00018214606105943567,-0.9998178539389405,-0.9998517650110254,1920,855,1050,15,0.44881889763779526,-0.19212598425196853,-366.0,-373.5999999999941,15,0.0,0.023752497500122673,-0.9762475024998774,-0.9779274823423493,0.0
R166,breakout,"{""adx_min"": 15, ""body_min"": 0.2, ""lookback"": 20, ""vol_z_min"": 1.5}",8430,3820,4576,34,0.4549785612196284,-0.1810385898046689,-1520.0,-1540.2000000000878,24,0.0,1.761501984140997e-07,-0.9999998238498016,-0.999999855445648,3768,1669,2075,24,0.44577991452991456,-0.19759615384615384,-739.8000000000001,-741.6000000000176,20,0.0,0.0005231869234501532,-0.9994768130765499,-0.9994855996844139,0.0
R167,breakout,"{""adx_min"": 15, ""body_min"": 0.5, ""lookback"": 20, ""vol_z_min"": 1.5}",6645,2952,3667,26,0.4459888200634537,-0.19722012388578336,-1305.4,-1322.8000000000568,20,0.0,1.6208744499686393e-06,-0.99999837912555,-0.9999986334740892,3032,1341,1671,20,0.4452191235059761,-0.19860557768924303,-598.2,-598.600000000003,17,0.0,0.0022232266071528246,-0.9977767733928472,-0.9977828175667445,0.0
R168,breakout,"{""adx_min"": 20, ""body_min"": 0.2, ""lookback"": 20, ""vol_z_min"": 1.5}",6323,2881,3418,24,0.4573741863787903,-0.1767264645181775,-1113.2,-1131.8000000000557,16,0.0,1.124315354903008e-05,-0.9999887568464509,-0.9999906320596095,2837,1267,1555,15,0.44897236002834867,-0.19184975194897239,-541.4000000000001,-541.3999999999958,20,0.0,0.003955685742043322,-0.9960443142579567,-0.9960443142579567,0.0
R169,breakout,"{""adx_min"": 20, ""body_min"": 0.5, ""lookback"": 20, ""vol_z_min"": 1.5}",4960,2217,2726,17,0.4485130487558163,-0.19267651223953067,-952.4,-967.4000000000291,17,0.0,5.936632423579129e-05,-0.9999406336757642,-0.9999486831566808,2272,1018,1240,14,0.4508414526129318,-0.18848538529672276,-425.6,-427.39999999999264,18,0.0,0.012896236485639225,-0.9871037635143608,-0.9873066277265905,0.0
R170,breakout,"{""adx_min"": 25, ""body_min"": 0.2, ""lookback"": 20, ""vol_z_min"": 1.5}",4248,1950,2282,16,0.4607750472589792,-0.17060491493383742,-722.0,-742.000000000023,15,0.0,0.0006131287559228286,-0.9993868712440772,-0.9994961620562013,1914,856,1049,9,0.44934383202099737,-0.19118110236220476,-364.20000000000005,-366.3999999999939,18,0.0,0.024184361091033862,-0.9758156389089662,-0.9763120772152595,0.0
R171,breakout,"{""adx_min"": 25, ""body_min"": 0.5, ""lookback"": 20, ""vol_z_min"": 1.5}",3346,1497,1838,11,0.4488755622188906,-0.19202398800599702,-640.4,-658.0000000000073,18,0.0,0.0014384813586781017,-0.9985615186413219,-0.9987897684814395,1537,690,839,8,0.4512753433616743,-0.18770438194898625,-287.0,-293.39999999999577,17,0.0,0.05317352147586386,-0.9468264785241362,-0.9500742855847427,0.0
R172,breakout,"{""adx_min"": 15, ""body_min"": 0.2, ""lookback"": 40, ""vol_z_min"": 0.5}",9807,4460,5312,35,0.4564060581252558,-0.1784690953745395,-1744.0,-1777.2000000001278,17,0.0,1.770626299424814e-08,-0.999999982293737,-0.9999999872309461,4205,1848,2330,27,0.4423168980373384,-0.20382958353279082,-851.6000000000001,-851.6000000000306,19,0.0,0.00016790620685744732,-0.9998320937931425,-0.9998320937931425,0.0
R173,breakout,"{""adx_min"": 15, ""body_min"": 0.5, ""lookback"": 40, ""vol_z_min"": 0.5}",7733,3451,4258,24,0.4476585808794915,-0.19421455441691532,-1497.2000000000003,-1524.4000000000854,23,0.0,2.2748612148000268e-07,-0.9999997725138785,-0.9999998260626929,3395,1493,1879,23,0.44276393831553973,-0.20302491103202847,-684.6000000000001,-684.6000000000056,19,0.0,0.0009227946931369103,-0.9990772053068631,-0.9990772053068631,0.0
R174,breakout,"{""adx_min"": 20, ""body_min"": 0.2, ""lookback"": 40, ""vol_z_min"": 0.5}",7894,3625,4240,29,0.46090273363000633,-0.1703750794659886,-1340.0,-1369.2000000000844,16,0.0,1.0905711146140392e-06,-0.9999989094288854,-0.9999991818519518,3352,1471,1861,20,0.4414765906362545,-0.2053421368547419,-684.2,-684.2000000000062,21,0.0,0.0009279826982982809,-0.9990720173017017,-0.9990720173017017,0.0
R175,breakout,"{""adx_min"": 20, ""body_min"": 0.5, ""lookback"": 40, ""vol_z_min"": 0.5}",6180,2783,3379,18,0.4516390782213567,-0.18704965920155792,-1152.6,-1177.0000000000514,21,0.0,7.620498920162773e-06,-0.9999923795010799,-0.9999939988065201,2704,1187,1498,19,0.44208566108007447,-0.20424581005586592,-548.4000000000001,-549.3999999999954,21,0.0,0.003708285142466873,-0.9962917148575331,-0.9963208484108836,0.0
R176,breakout,"{""adx_min"": 25, ""body_min"": 0.2, ""lookback"": 40, ""vol_z_min"": 0.5}",5659,2623,3016,20,0.4651533959921972,-0.16272388721404504,-917.6,-949.2000000000481,15,0.0,8.179422266889673e-05,-0.9999182057773311,-0.9999400440811194,2453,1091,1345,17,0.4478653530377668,-0.19384236453201972,-472.20000000000005,-472.7999999999908,18,0.0,0.008031141267081283,-0.9919688587329187,-0.9920131124956021,0.0
R177,breakout,"{""adx_min"": 25, ""body_min"": 0.5, ""lookback"": 40, ""vol_z_min"": 0.5}",4424,2003,2410,11,0.4538862451846816,-0.1830047586675731,-807.6,-833.2000000000276,18,0.0,0.0002583835110966862,-0.9997416164889034,-0.9997991923487556,1968,871,1081,16,0.4462090163934426,-0.1968237704918033,-384.20000000000005,-391.59999999999366,18,0.0,0.019759175895963047,-0.9802408241040369,-0.9816332257855563,0.0
R178,breakout,"{""adx_min"": 15, ""body_min"": 0.2, ""lookback"": 40, ""vol_z_min"": 1.0}",8147,3651,4470,26,0.4495751754710011,-0.19076468415219802,-1549.2000000000003,-1578.0000000000932,25,0.0,1.329604826234162e-07,-0.9999998670395174,-0.9999998998727067,3546,1560,1964,22,0.4426787741203178,-0.20317820658342792,-716.0,-716.0000000000136,16,0.0,0.0006698110076126187,-0.9993301889923873,-0.9993301889923873,0.0
R179,breakout,"{""adx_min"": 15, ""body_min"": 0.5, ""lookback"": 40, ""vol_z_min"": 1.0}",6430,2820,3591,19,0.4398689751988769,-0.20823584464202152,-1335.0,-1360.4000000000624,25,0.0,1.2153023805620557e-06,-0.9999987846976195,-0.9999990542181819,2864,1264,1582,18,0.44413211524947294,-0.20056219255094868,-570.8000000000001,-570.8,19,0.0,0.0029443568180407076,-0.9970556431819593,-0.9970556431819593,0.0
R180,breakout,"{""adx_min"": 20, ""body_min"": 0.2, ""lookback"": 40, ""vol_z_min"": 1.0}",6522,2956,3544,22,0.45476923076923076,-0.18141538461538462,-1179.2,-1204.800000000064,23,0.0,5.760531680682784e-06,-0.9999942394683193,-0.9999955230934365,2811,1237,1558,16,0.44257602862254025,-0.20336314847942757,-568.4000000000001,-569.0,17,0.0,0.003022117894774975,-0.996977882105225,-0.9969945347930148,0.0
R181,breakout,"{""adx_min"": 20, ""body_min"": 0.5, ""lookback"": 40, ""vol_z_min"": 1.0}",5106,2260,2831,15,0.4439206442742094,-0.20094284030642312,-1023.0,-1045.0000000000398,22,0.0,2.9109749832176895e-05,-0.9999708902501678,-0.9999765720156104,2264,1003,1246,15,0.4459759893285905,-0.19724321920853713,-443.6,-447.39999999999213,19,0.0,0.010773732155067717,-0.9892262678449323,-0.989591771053694,0.0
R182,breakout,"{""adx_min"": 25, ""body_min"": 0.2, ""lookback"": 40, ""vol_z_min"": 1.0}",4645,2127,2503,15,0.4593952483801296,-0.17308855291576675,-801.4,-827.6000000000361,20,0.0,0.0002725485492036064,-0.9997274514507964,-0.9997894268098055,2036,901,1122,13,0.44537815126050423,-0.19831932773109245,-401.20000000000005,-404.3999999999927,16,0.0,0.01661987561363613,-0.9833801243863639,-0.9838840717991916,0.0
R183,breakout,"{""adx_min"": 25, ""body_min"": 0.5, ""lookback"": 40, ""vol_z_min"": 1.0}",3636,1617,2009,10,0.44594594594594594,-0.19729729729729734,-715.4000000000001,-739.6000000000129,19,0.0,0.0006710986536637997,-0.9993289013463362,-0.9994696395774287,1628,722,894,12,0.4467821782178218,-0.19579207920792077,-316.40000000000003,-323.99999999999505,19,0.0,0.03947918269714263,-0.9605208173028573,-0.9633791905244031,0.0
R184,breakout,"{""adx_min"": 15, ""body_min"": 0.2, ""lookback"": 40, ""vol_z_min"": 1.5}",6549,2942,3583,24,0.45088122605363984,-0.1884137931034483,-1229.4,-1256.60000000006,22,0.0,3.4816708321579294e-06,-0.9999965183291678,-0.9999973378927701,2905,1290,1600,15,0.4463667820069204,-0.19653979238754327,-568.0,-570.1999999999963,17,0.0,0.0030227190101574097,-0.9969772809898426,-0.9970403961988596,0.0
R185,breakout,"{""adx_min"": 15, ""body_min"": 0.5, ""lookback"": 40, ""vol_z_min"": 1.5}",5207,2292,2897,18,0.44170360377722107,-0.20493351320100214,-1063.4,-1086.8000000000388,22,0.0,1.935077414722402e-05,-0.9999806492258527,-0.9999846460032291,2361,1049,1301,11,0.44638297872340427,-0.19651063829787238,-461.80000000000007,-462.39999999999156,16,0.0,0.008943064320069248,-0.9910569356799308,-0.9911030076408109,0.0
R186,breakout,"{""adx_min"": 20, ""body_min"": 0.2, ""lookback"": 40, ""vol_z_min"": 1.5}",5230,2385,2825,20,0.45777351247600767,-0.1760076775431862,-917.0000000000001,-940.0000000000414,20,0.0,8.371317605427942e-05,-0.9999162868239457,-0.9999332760070591,2277,1015,1252,10,0.4477282752536392,-0.1940891045434495,-440.0,-443.19999999999254,17,0.0,0.011161015911571351,-0.9888389840884286,-0.9891539738197811,0.0
R187,breakout,"{""adx_min"": 20, ""body_min"": 0.5, ""lookback"": 40, ""vol_z_min"": 1.5}",4123,1838,2271,14,0.4473107812119737,-0.19484059381844734,-800.6000000000001,-819.600000000018,19,0.0,0.0002805336409479112,-0.9997194663590521,-0.9997674787252491,1843,824,1010,9,0.44929116684841874,-0.19127589967284625,-350.8,-355.39999999999435,17,0.0,0.027734797656168965,-0.9722652023438311,-0.9734379243147807,0.0
R188,breakout,"{""adx_min"": 25, ""body_min"": 0.2, ""lookback"": 40, ""vol_z_min"": 1.5}",3695,1701,1980,14,0.4621026894865526,-0.16821515892420538,-619.2,-642.800000000013,17,0.0,0.0017540841385023866,-0.9982459158614976,-0.9986101037886779,1628,729,892,7,0.4497223935842073,-0.1904996915484269,-308.8,-313.199999999995,18,0.0,0.04259135813045253,-0.9574086418695474,-0.9591392617331493,0.0
R189,breakout,"{""adx_min"": 25, ""body_min"": 0.5, ""lookback"": 40, ""vol_z_min"": 1.5}",2926,1314,1603,9,0.45046280425094276,-0.18916695234830308,-551.8,-573.3999999999932,16,0.0,0.0035510446394640426,-0.9964489553605359,-0.9971239230761275,1317,588,723,6,0.448512585812357,-0.19267734553775742,-252.6,-258.79999999999706,18,0.0,0.07569001205707881,-0.9243099879429212,-0.9288106296243676,0.0
R190,momentum,"{""atr_min"": 0.0004, ""body_min"": 0.4, ""ret3_min"": 0.0005, ""vol_z_min"": 0.0}",36099,16921,18983,195,0.4712845365418895,-0.15168783422459894,-5446.200000000001,-5467.999999998451,23,0.0,4.9953148920008975e-25,-1.0,-1.0,16310,7463,8687,160,0.46210526315789474,-0.1682105263157895,-2716.6,-2722.5999999998835,21,0.0,8.107493369391061e-13,-0.9999999999991892,-0.9999999999992304,0.0
R191,momentum,"{""atr_min"": 0.0008, ""body_min"": 0.4, ""ret3_min"": 0.0005, ""vol_z_min"": 0.0}",33885,15876,17826,183,0.4710699661741143,-0.15207406088659425,-5125.200000000001,-5142.399999998666,23,0.0,1.3563965186804114e-23,-1.0,-1.0,15749,7164,8429,156,0.45943692682613996,-0.17301353171294814,-2697.8,-2704.3999999999082,21,0.0,1.0007078238571509e-12,-0.9999999999989992,-0.999999999999056,0.0
R192,momentum,"{""atr_min"": 0.0004, ""body_min"": 0.4, ""ret3_min"": 0.0005, ""vol_z_min"": 0.5}",24357,11404,12826,127,0.4706562113082955,-0.15281881964506813,-3702.8,-3725.3999999994276,19,0.0,3.0263146832509534e-17,-1.0,-1.0,10998,5036,5859,103,0.4622303809086737,-0.16798531436438735,-1830.2000000000003,-1841.2000000001713,18,0.0,7.142411215086978e-09,-0.9999999928575888,-0.9999999935658153,0.0
R193,momentum,"{""atr_min"": 0.0008, ""body_min"": 0.4, ""ret3_min"": 0.0005, ""vol_z_min"": 0.5}",22875,10702,12054,119,0.470293548954122,-0.15347161188258043,-3492.4000000000005,-3514.199999999504,19,0.0,2.6378513291319684e-16,-0.9999999999999998,-0.9999999999999998,10644,4849,5694,101,0.4599260172626387,-0.17213316892725034,-1814.8,-1826.2000000001626,18,0.0,8.451197235166443e-09,-0.9999999915488028,-0.9999999924184436,0.0
R194,momentum,"{""atr_min"": 0.0004, ""body_min"": 0.4, ""ret3_min"": 0.0005, ""vol_z_min"": 1.0}",17227,7960,9182,85,0.46435655116089136,-0.1641582079103955,-2814.0,-2831.199999999816,17,0.0,2.938951277907169e-13,-0.9999999999997061,-0.9999999999997495,7814,3548,4204,62,0.45768833849329205,-0.17616099071207433,-1365.6000000000001,-1371.2000000000974,23,0.0,8.478636426544748e-07,-0.9999991521363574,-0.9999991966864489,0.0
R195,momentum,"{""atr_min"": 0.0008, ""body_min"": 0.4, ""ret3_min"": 0.0005, ""vol_z_min"": 1.0}",16217,7494,8643,80,0.4643985870979736,-0.16408254322364754,-2647.8,-2662.5999999998853,17,0.0,1.615156223877001e-12,-0.9999999999983848,-0.9999999999985977,7564,3417,4087,60,0.45535714285714285,-0.18035714285714288,-1353.4,-1360.2000000000921,23,0.0,9.675614091926108e-07,-0.9999990324385908,-0.9999990943330069,0.0
R196,momentum,"{""atr_min"": 0.0004, ""body_min"": 0.6, ""ret3_min"": 0.0005, ""vol_z_min"": 0.0}",25293,11721,13443,129,0.4657844539818789,-0.16158798283261802,-4066.2000000000007,-4089.599999999255,20,0.0,7.670396786188614e-19,-1.0,-1.0,11171,5075,5992,104,0.4585705249841872,-0.17457305502846301,-1932.0000000000002,-1939.4000000001688,23,0.0,2.5602742261345696e-09,-0.9999999974397258,-0.9999999976106888,0.0
R197,momentum,"{""atr_min"": 0.0008, ""body_min"": 0.6, ""ret3_min"": 0.0005, ""vol_z_min"": 0.0}",23578,10900,12560,118,0.46462063086104005,-0.1636828644501279,-3840.0000000000005,-3858.7999999993704,20,0.0,7.903949173468027e-18,-1.0,-1.0,10757,4852,5803,102,0.45537306428906615,-0.1803284842796809,-1921.4,-1927.800000000159,25,0.0,2.8942500196230646e-09,-0.9999999971057499,-0.999999997272715,0.0
R198,momentum,"{""atr_min"": 0.0004, ""body_min"": 0.6, ""ret3_min"": 0.0005, ""vol_z_min"": 0.5}",17152,7896,9170,86,0.46267432321575064,-0.1671862182116489,-2853.2000000000003,-2873.9999999998195,16,0.0,1.9911134048811644e-13,-0.9999999999998009,-0.9999999999998367,7612,3447,4098,67,0.45685884691848905,-0.1776540755467197,-1340.4,-1348.0000000000844,21,0.0,1.1002253374233672e-06,-0.9999988997746626,-0.9999989768545996,0.0
R199,momentum,"{""atr_min"": 0.0008, ""body_min"": 0.6, ""ret3_min"": 0.0005, ""vol_z_min"": 0.5}",16016,7355,8582,79,0.46150467465645983,-0.16929158561837235,-2698.0,-2717.399999999866,16,0.0,9.850396260518801e-13,-0.999999999999015,-0.9999999999991849,7348,3306,3977,65,0.453933818481395,-0.18291912673348898,-1332.2000000000003,-1339.2000000000787,21,0.0,1.206946635669131e-06,-0.9999987930533644,-0.9999988709841439,0.0
R200,momentum,"{""atr_min"": 0.0004, ""body_min"": 0.6, ""ret3_min"": 0.0005, ""vol_z_min"": 1.0}",12198,5530,6612,56,0.45544391368802506,-0.18020095536155492,-2188.0,-2204.600000000105,16,0.0,1.890815895266221e-10,-0.9999999998109184,-0.9999999998387917,5522,2468,3012,42,0.45036496350364963,-0.18934306569343065,-1037.6000000000001,-1040.800000000045,18,0.0,2.4762778563887884e-05,-0.9999752372214361,-0.9999759534280251,0.0
R201,momentum,"{""atr_min"": 0.0008, ""body_min"": 0.6, ""ret3_min"": 0.0005, ""vol_z_min"": 1.0}",11420,5175,6193,52,0.45522519352568613,-0.18059465165376495,-2053.0,-2068.600000000146,16,0.0,7.533795186673107e-10,-0.9999999992466205,-0.9999999993509573,5337,2370,2927,40,0.44742306966207285,-0.19463847460826883,-1031.0,-1034.4000000000412,18,0.0,2.66486790642696e-05,-0.9999733513209357,-0.9999741758989608,0.0
R202,momentum,"{""atr_min"": 0.0004, ""body_min"": 0.8, ""ret3_min"": 0.0005, ""vol_z_min"": 0.0}",11929,5447,6414,68,0.4592361520951016,-0.17337492622881714,-2056.4,-2070.600000000168,18,0.0,7.139315080494764e-10,-0.9999999992860685,-0.9999999993779335,4945,2183,2715,47,0.44569211923233976,-0.1977541853817885,-968.5999999999999,-970.8000000000357,18,0.0,5.0570229829494424e-05,-0.9999494297701705,-0.9999505213770293,0.0
R203,momentum,"{""atr_min"": 0.0008, ""body_min"": 0.8, ""ret3_min"": 0.0005, ""vol_z_min"": 0.0}",10877,4937,5881,59,0.4563690146052875,-0.17853577371048254,-1931.4,-1943.8000000001668,18,0.0,2.6015157098358126e-09,-0.9999999973984843,-0.9999999976920197,4708,2056,2606,46,0.441012441012441,-0.2061776061776062,-961.2,-962.0000000000307,18,0.0,5.497574689577198e-05,-0.9999450242531043,-0.9999454605685558,0.0
R204,momentum,"{""atr_min"": 0.0004, ""body_min"": 0.8, ""ret3_min"": 0.0005, ""vol_z_min"": 0.5}",8006,3649,4316,41,0.4581293157564344,-0.1753672316384181,-1396.8000000000002,-1420.800000000077,16,0.0,6.151507397640966e-07,-0.9999993848492602,-0.9999995131922964,3364,1472,1861,31,0.44164416441644166,-0.20504050405040508,-683.4000000000001,-684.8000000000034,18,0.0,0.0009354065598846633,-0.9990645934401153,-0.9990774633675562,0.0
R205,momentum,"{""atr_min"": 0.0008, ""body_min"": 0.8, ""ret3_min"": 0.0005, ""vol_z_min"": 0.5}",7330,3324,3970,36,0.4557170276939951,-0.1797093501508089,-1310.8,-1333.800000000069,16,0.0,1.4946217031147583e-06,-0.9999985053782969,-0.9999988044022106,3215,1395,1790,30,0.4379905808477237,-0.21161695447409734,-674.0,-674.8000000000022,18,0.0,0.0010338097467500655,-0.99896619025325,-0.9989743950925098,0.0
R206,momentum,"{""atr_min"": 0.0004, ""body_min"": 0.8, ""ret3_min"": 0.0005, ""vol_z_min"": 1.0}",5678,2562,3090,26,0.45329087048832273,-0.18407643312101912,-1040.4,-1065.0000000000427,16,0.0,2.3913027923754085e-05,-0.9999760869720763,-0.9999812210459859,2449,1046,1386,17,0.4300986842105263,-0.22582236842105266,-549.2,-550.599999999996,18,0.0,0.003716176209898851,-0.9962838237901012,-0.9963349533419239,0.0
R207,momentum,"{""atr_min"": 0.0008, ""body_min"": 0.8, ""ret3_min"": 0.0005, ""vol_z_min"": 1.0}",5218,2345,2850,23,0.45139557266602504,-0.18748796920115496,-974.0,-998.4000000000366,16,0.0,4.7342632116532235e-05,-0.9999526573678834,-0.9999627308007643,2344,993,1335,16,0.4265463917525773,-0.23221649484536083,-540.6000000000001,-542.1999999999956,18,0.0,0.0040671779321539685,-0.9959328220678461,-0.9959971242636744,0.0
R208,momentum,"{""atr_min"": 0.0004, ""body_min"": 0.4, ""ret3_min"": 0.001, ""vol_z_min"": 0.0}",31834,14877,16784,173,0.4698840845203879,-0.15420864786330188,-4882.400000000001,-4901.399999998796,23,0.0,1.67279344660611e-22,-1.0,-1.0,14584,6626,7821,137,0.4586419325811587,-0.17444452135391433,-2520.2,-2525.1999999999753,27,0.0,6.19930073578584e-12,-0.9999999999938007,-0.9999999999940598,0.0
R209,momentum,"{""atr_min"": 0.0008, ""body_min"": 0.4, ""ret3_min"": 0.001, ""vol_z_min"": 0.0}",30540,14272,16102,166,0.46987555145848425,-0.15422400737472838,-4684.400000000001,-4698.79999999888,23,0.0,1.2782555193280576e-21,-1.0,-1.0,14290,6476,7681,133,0.45744154835063927,-0.17660521296884935,-2500.2,-2506.3999999999915,27,0.0,7.66188527754081e-12,-0.9999999999923381,-0.9999999999927468,0.0
R210,momentum,"{""atr_min"": 0.0004, ""body_min"": 0.4, ""ret3_min"": 0.001, ""vol_z_min"": 0.5}",21916,10223,11579,114,0.4689019356022383,-0.15597651591597103,-3400.6000000000004,-3419.59999999957,19,0.0,6.869703617503838e-16,-0.9999999999999993,-0.9999999999999994,10050,4569,5393,88,0.45864284280265005,-0.1744428829552299,-1737.8000000000002,-1744.2000000001508,21,0.0,1.869716122341404e-08,-0.9999999813028387,-0.999999982375098,0.0
R211,momentum,"{""atr_min"": 0.0008, ""body_min"": 0.4, ""ret3_min"": 0.001, ""vol_z_min"": 0.5}",20992,9789,11094,109,0.46875448929751473,-0.1562419192644735,-3262.8,-3281.199999999655,19,0.0,2.8313769043072606e-15,-0.9999999999999971,-0.9999999999999977,9841,4463,5292,86,0.4575089697590979,-0.1764838544336238,-1721.6000000000001,-1729.2000000001458,20,0.0,2.217198698361186e-08,-0.999999977828013,-0.999999979351592,0.0
R212,momentum,"{""atr_min"": 0.0004, ""body_min"": 0.4, ""ret3_min"": 0.001, ""vol_z_min"": 1.0}",15791,7287,8430,74,0.4636380988738309,-0.16545142202710442,-2600.4000000000005,-2618.399999999912,16,0.0,2.639902816274068e-12,-0.9999999999973601,-0.999999999997769,7274,3286,3934,54,0.4551246537396122,-0.18077562326869806,-1305.2,-1309.400000000086,22,0.0,1.5854920130456882e-06,-0.999998414507987,-0.9999984768596263,0.0
R213,momentum,"{""atr_min"": 0.0008, ""body_min"": 0.4, ""ret3_min"": 0.001, ""vol_z_min"": 1.0}",15116,6977,8068,71,0.46374210701229646,-0.1652642073778664,-2486.4,-2501.799999999932,16,0.0,8.489508374148864e-12,-0.9999999999915105,-0.9999999999927026,7125,3209,3864,52,0.4536971582072671,-0.1833451152269193,-1296.8000000000002,-1302.200000000084,22,0.0,1.7347602583803541e-06,-0.9999982652397417,-0.9999983535586789,0.0
R214,momentum,"{""atr_min"": 0.0004, ""body_min"": 0.6, ""ret3_min"": 0.001, ""vol_z_min"": 0.0}",22528,10394,12019,115,0.4637487172623031,-0.1652523089278544,-3703.8,-3726.7999999994454,21,0.0,3.2223641273705745e-17,-1.0,-1.0,10144,4558,5491,95,0.4535774703950642,-0.18356055328888446,-1844.6,-1853.6000000001457,22,0.0,6.396742819223377e-09,-0.9999999936032572,-0.9999999941268987,0.0
R215,momentum,"{""atr_min"": 0.0008, ""body_min"": 0.6, ""ret3_min"": 0.001, ""vol_z_min"": 0.0}",21476,9895,11473,108,0.46307562710595285,-0.1664638712092849,-3557.0,-3575.399999999506,21,0.0,1.4606724608253635e-16,-0.9999999999999999,-0.9999999999999999,9908,4442,5373,93,0.45257259296994395,-0.18536933265410088,-1819.4,-1828.6000000001402,22,0.0,8.309678150454958e-09,-0.9999999916903218,-0.9999999923864267,0.0
R216,momentum,"{""atr_min"": 0.0004, ""body_min"": 0.6, ""ret3_min"": 0.001, ""vol_z_min"": 0.5}",15589,7138,8374,77,0.46015987622485816,-0.1717122227952553,-2663.6000000000004,-2680.599999999904,19,0.0,1.413831838819589e-12,-0.9999999999985861,-0.9999999999988017,7077,3179,3837,61,0.4531071835803877,-0.1844070695553022,-1293.8000000000002,-1300.800000000076,24,0.0,1.7917328116824577e-06,-0.9999982082671883,-0.9999983239567561,0.0
R217,momentum,"{""atr_min"": 0.0008, ""body_min"": 0.6, ""ret3_min"": 0.001, ""vol_z_min"": 0.5}",14843,6785,7986,72,0.45934601584185225,-0.1731771714846659,-2558.0000000000005,-2574.1999999999452,19,0.0,4.191547760047758e-12,-0.9999999999958085,-0.9999999999964192,6907,3097,3751,59,0.4522488317757009,-0.18595210280373833,-1273.4,-1280.6000000000724,24,0.0,2.212497958043084e-06,-0.9999977875020419,-0.9999979346646517,0.0
R218,momentum,"{""atr_min"": 0.0004, ""body_min"": 0.6, ""ret3_min"": 0.001, ""vol_z_min"": 1.0}",11302,5120,6133,49,0.454989780502977,-0.18101839509464146,-2037.0,-2051.4000000001597,16,0.0,8.883270104283143e-10,-0.999999999111673,-0.9999999992259156,5210,2321,2850,39,0.44884935215625604,-0.19207116611873912,-993.2,-997.400000000039,18,0.0,3.910205922574758e-05,-0.9999608979407743,-0.9999624085893947,0.0
R219,momentum,"{""atr_min"": 0.0008, ""body_min"": 0.6, ""ret3_min"": 0.001, ""vol_z_min"": 1.0}",10753,4868,5839,46,0.454655832632857,-0.1816195012608574,-1944.6,-1958.0000000001426,16,0.0,2.289662989421134e-09,-0.999999997710337,-0.9999999979868224,5088,2260,2791,37,0.4474361512571768,-0.19461492773708178,-983.0,-987.400000000037,18,0.0,4.351416851201028e-05,-0.999956485831488,-0.9999582539480186,0.0
R220,momentum,"{""atr_min"": 0.0004, ""body_min"": 0.8, ""ret3_min"": 0.001, ""vol_z_min"": 0.0}",10622,4827,5737,58,0.4569291934873154,-0.17752745172283227,-1875.4,-1890.2000000001574,18,0.0,4.603624564291376e-09,-0.9999999953963754,-0.9999999960079715,4526,1982,2500,44,0.4422132976349844,-0.20401606425702815,-914.4000000000001,-916.4000000000277,20,0.0,8.846289237428275e-05,-0.9999115371076257,-0.9999131410991277,0.0
R221,momentum,"{""atr_min"": 0.0008, ""body_min"": 0.8, ""ret3_min"": 0.001, ""vol_z_min"": 0.0}",9970,4511,5406,53,0.4548754663708783,-0.18122416053241908,-1797.2,-1809.4000000001427,18,0.0,1.0335282223979844e-08,-0.9999999896647178,-0.9999999908018192,4384,1908,2433,43,0.4395300621976503,-0.20884588804422943,-906.6,-908.8000000000239,20,0.0,9.618862592221835e-05,-0.9999038113740778,-0.999905751891708,0.0
R222,momentum,"{""atr_min"": 0.0004, ""body_min"": 0.8, ""ret3_min"": 0.001, ""vol_z_min"": 0.5}",7281,3304,3942,35,0.4559757107369583,-0.17924372067347505,-1298.8000000000002,-1319.6000000000663,16,0.0,1.6886326934508777e-06,-0.9999983113673065,-0.999998620399912,3151,1380,1743,28,0.44188280499519694,-0.20461095100864554,-639.0,-639.6000000000013,17,0.0,0.001471222962499948,-0.9985287770375001,-0.9985374112255675,0.0
R223,momentum,"{""atr_min"": 0.0008, ""body_min"": 0.8, ""ret3_min"": 0.001, ""vol_z_min"": 0.5}",6831,3086,3713,32,0.45389027798205617,-0.18299749963229892,-1244.2000000000003,-1264.2000000000635,16,0.0,2.9694747082807163e-06,-0.9999970305252918,-0.9999975527896265,3049,1331,1691,27,0.44043679682329584,-0.20721376571806752,-626.2,-627.0,17,0.0,0.0016791221947966336,-0.9983208778052034,-0.9983342041718287,0.0
R224,momentum,"{""atr_min"": 0.0004, ""body_min"": 0.8, ""ret3_min"": 0.001, ""vol_z_min"": 1.0}",5275,2380,2874,21,0.4529881994670727,-0.18462124095926913,-970.0,-991.4000000000365,15,0.0,4.916043238102464e-05,-0.999950839567619,-0.999960143913763,2328,1001,1311,16,0.4329584775086505,-0.2206747404844291,-510.20000000000005,-510.7999999999916,18,0.0,0.005517378256155443,-0.9944826217438446,-0.9945150016636236,0.0
R225,momentum,"{""atr_min"": 0.0008, ""body_min"": 0.8, ""ret3_min"": 0.001, ""vol_z_min"": 1.0}",4942,2223,2700,19,0.4515539305301645,-0.18720292504570385,-921.6,-942.8000000000328,15,0.0,8.087015822415623e-05,-0.9999191298417759,-0.9999342753801144,2258,967,1276,15,0.4311190370040125,-0.22398573339277753,-502.40000000000003,-503.19999999999203,18,0.0,0.00598195107019528,-0.9940180489298047,-0.9940655247319491,0.0
R226,momentum,"{""atr_min"": 0.0004, ""body_min"": 0.4, ""ret3_min"": 0.0015, ""vol_z_min"": 0.0}",27403,12720,14538,145,0.4666519920757209,-0.16002641426370243,-4362.0,-4378.199999999093,22,0.0,3.6511316447761984e-20,-1.0,-1.0,12823,5810,6897,116,0.45722829936255605,-0.17698906114739907,-2249.0,-2255.4000000001074,26,0.0,1.0037572508951649e-10,-0.9999999998996243,-0.99999999990521,0.0
R227,momentum,"{""atr_min"": 0.0008, ""body_min"": 0.4, ""ret3_min"": 0.0015, ""vol_z_min"": 0.0}",26804,12453,14209,142,0.4670692371164954,-0.15927537319030832,-4246.6,-4259.599999999142,22,0.0,1.187097516122999e-19,-1.0,-1.0,12689,5740,6836,113,0.45642493638676845,-0.1784351145038168,-2244.0,-2251.4000000001133,26,0.0,1.0608270308335796e-10,-0.9999999998939173,-0.9999999999008224,0.0
R228,momentum,"{""atr_min"": 0.0004, ""body_min"": 0.4, ""ret3_min"": 0.0015, ""vol_z_min"": 0.5}",19232,8886,10250,96,0.4643603678929766,-0.16415133779264213,-3141.2000000000007,-3160.399999999718,17,0.0,1.0257297455069895e-14,-0.9999999999999898,-0.9999999999999915,9017,4089,4849,79,0.45748489594987696,-0.17652718729022152,-1577.8,-1586.6000000001193,19,0.0,9.664388931791738e-08,-0.9999999033561107,-0.9999999110824928,0.0
R229,momentum,"{""atr_min"": 0.0008, ""body_min"": 0.4, ""ret3_min"": 0.0015, ""vol_z_min"": 0.5}",18758,8678,9986,94,0.46495927989712815,-0.16307329618516933,-3043.6000000000004,-3062.7999999997573,17,0.0,2.7768402606782363e-14,-0.9999999999999722,-0.999999999999977,8905,4031,4797,77,0.4566153149071137,-0.1780924331671953,-1572.2,-1582.0000000001166,18,0.0,1.0266760188484702e-07,-0.9999998973323981,-0.999999906484954,0.0
R230,momentum,"{""atr_min"": 0.0004, ""body_min"": 0.4, ""ret3_min"": 0.0015, ""vol_z_min"": 1.0}",14122,6463,7596,63,0.45970552670886977,-0.17253005192403445,-2425.6,-2440.1999999999825,16,0.0,1.623144508347498e-11,-0.9999999999837685,-0.9999999999859362,6609,2978,3583,48,0.45389422344154856,-0.18299039780521262,-1200.6000000000001,-1203.800000000067,19,0.0,4.638385764457172e-06,-0.9999953616142355,-0.9999955006375355,0.0
R231,momentum,"{""atr_min"": 0.0008, ""body_min"": 0.4, ""ret3_min"": 0.0015, ""vol_z_min"": 1.0}",13748,6305,7381,62,0.4606897559549905,-0.1707584392810171,-2337.0,-2351.600000000037,16,0.0,3.999689472776614e-11,-0.9999999999600031,-0.9999999999653445,6526,2933,3547,46,0.45262345679012345,-0.18527777777777776,-1200.6,-1204.800000000065,19,0.0,4.653459244763972e-06,-0.9999953465407553,-0.9999955311556843,0.0
R232,momentum,"{""atr_min"": 0.0004, ""body_min"": 0.6, ""ret3_min"": 0.0015, ""vol_z_min"": 0.0}",19512,8940,10478,94,0.4603975692656298,-0.1712843753218663,-3326.0,-3344.999999999691,22,0.0,1.594872802748648e-15,-0.9999999999999984,-0.9999999999999987,9060,4064,4914,82,0.4526620628202272,-0.185208286923591,-1662.8,-1672.6000000001159,21,0.0,4.120488870049143e-08,-0.9999999587951113,-0.99999996248195,0.0
R233,momentum,"{""atr_min"": 0.0008, ""body_min"": 0.6, ""ret3_min"": 0.0015, ""vol_z_min"": 0.0}",19006,8713,10202,91,0.460639703938673,-0.17084853291038857,-3231.6,-3248.1999999997315,22,0.0,4.186697222725675e-15,-0.9999999999999958,-0.9999999999999964,8944,4004,4860,80,0.4517148014440433,-0.18691335740072204,-1656.8000000000002,-1667.0000000001132,21,0.0,4.395581233680438e-08,-0.9999999560441877,-0.9999999601291184,0.0
R234,momentum,"{""atr_min"": 0.0004, ""body_min"": 0.6, ""ret3_min"": 0.0015, ""vol_z_min"": 0.5}",13792,6261,7468,63,0.45604195498579647,-0.17912448102556633,-2459.2000000000003,-2474.9999999999764,16,0.0,1.174964627023503e-11,-0.9999999999882504,-0.9999999999899241,6460,2892,3512,56,0.45159275452841974,-0.1871330418488445,-1198.4,-1205.8000000000618,24,0.0,4.7715808538076435e-06,-0.9999952284191462,-0.9999955550619397,0.0
R235,momentum,"{""atr_min"": 0.0008, ""body_min"": 0.6, ""ret3_min"": 0.0015, ""vol_z_min"": 0.5}",13393,6085,7247,61,0.4564206420642064,-0.17844284428442844,-2379.0,-2394.800000000008,16,0.0,2.66436140989299e-11,-0.9999999999733564,-0.9999999999771518,6363,2842,3467,54,0.45046758598827075,-0.18915834522111272,-1193.4,-1201.8000000000595,24,0.0,5.035608117018451e-06,-0.999994964391883,-0.9999953560178076,0.0
R236,momentum,"{""atr_min"": 0.0004, ""body_min"": 0.6, ""ret3_min"": 0.0015, ""vol_z_min"": 1.0}",10192,4585,5567,40,0.451635145784082,-0.1870567375886525,-1899.0,-1908.8000000001334,18,0.0,3.6954560930535498e-09,-0.999999996304544,-0.9999999966339844,4820,2141,2644,35,0.4474399164054336,-0.19460815047021945,-931.2,-934.800000000034,17,0.0,7.386756149208304e-05,-0.9999261324385079,-0.999928566979433,0.0
R237,momentum,"{""atr_min"": 0.0008, ""body_min"": 0.6, ""ret3_min"": 0.0015, ""vol_z_min"": 1.0}",9877,4452,5386,39,0.4525310022362269,-0.18544419597479164,-1824.4,-1832.4000000001288,18,0.0,7.896725723060593e-09,-0.9999999921032743,-0.9999999926823396,4747,2101,2613,33,0.4456936784047518,-0.19775137887144675,-932.2,-936.8000000000325,17,0.0,7.334009116478839e-05,-0.9999266599088352,-0.9999297862946415,0.0
R238,momentum,"{""atr_min"": 0.0004, ""body_min"": 0.8, ""ret3_min"": 0.0015, ""vol_z_min"": 0.0}",9232,4159,5026,47,0.4528034839412085,-0.1849537289058247,-1698.8000000000002,-1713.600000000118,17,0.0,2.8499752646728086e-08,-0.9999999715002473,-0.9999999752953753,4080,1776,2264,40,0.4396039603960396,-0.20871287128712873,-843.2,-846.6000000000196,18,0.0,0.00018364774301219983,-0.9998163522569878,-0.9998222271488109,0.0
R239,momentum,"{""atr_min"": 0.0008, ""body_min"": 0.8, ""ret3_min"": 0.0015, ""vol_z_min"": 0.0}",8912,4015,4851,46,0.45285359801488834,-0.18486352357320102,-1639.0,-1652.8000000001132,17,0.0,5.252492154477842e-08,-0.9999999474750785,-0.9999999540095788,4007,1738,2230,39,0.4380040322580645,-0.21159274193548389,-839.6,-843.0000000000181,18,0.0,0.0001909364127208712,-0.9998090635872792,-0.999815171643667,0.0
R240,momentum,"{""atr_min"": 0.0004, ""body_min"": 0.8, ""ret3_min"": 0.0015, ""vol_z_min"": 0.5}",6477,2905,3543,29,0.4505272952853598,-0.18905086848635236,-1219.0,-1237.400000000057,16,0.0,3.875611511862009e-06,-0.9999961243884882,-0.9999967640598004,2903,1260,1616,27,0.4381084840055633,-0.2114047287899861,-608.0,-607.9999999999991,19,0.0,0.0020264921586769535,-0.997973507841323,-0.997973507841323,0.0
R241,momentum,"{""atr_min"": 0.0008, ""body_min"": 0.8, ""ret3_min"": 0.0015, ""vol_z_min"": 0.5}",6227,2793,3405,29,0.4506292352371733,-0.18886737657308808,-1170.6,-1189.0000000000543,16,0.0,6.354827796458835e-06,-0.9999936451722036,-0.9999946940392078,2842,1230,1586,26,0.4367897727272727,-0.2137784090909091,-602.0,-601.9999999999986,17,0.0,0.002157114143715043,-0.997842885856285,-0.997842885856285,0.0
R242,momentum,"{""atr_min"": 0.0004, ""body_min"": 0.8, ""ret3_min"": 0.0015, ""vol_z_min"": 1.0}",4780,2134,2630,16,0.44794290512174645,-0.1937027707808564,-922.8000000000001,-940.40000000003,15,0.0,8.041504572810855e-05,-0.9999195849542719,-0.9999322959487844,2166,925,1226,15,0.4300325430032543,-0.22594142259414227,-486.0,-485.9999999999929,18,0.0,0.007075233511035281,-0.9929247664889648,-0.9929247664889648,0.0
R243,momentum,"{""atr_min"": 0.0008, ""body_min"": 0.8, ""ret3_min"": 0.0015, ""vol_z_min"": 1.0}",4581,2045,2520,16,0.447973713033954,-0.1936473165388828,-884.0000000000001,-900.8000000000274,15,0.0,0.00011953044869464156,-0.9998804695513054,-0.9998985583218745,2123,903,1206,14,0.42816500711237554,-0.22930298719772405,-483.6,-483.5999999999929,18,0.0,0.007259474424278526,-0.9927405255757215,-0.9927405255757215,0.0
R244,hybrid,"{""adx_switch"": 18, ""mr_rsi"": 28, ""mr_z"": 1.3, ""trend_rsi"": 52}",80589,38035,42038,516,0.4750040587963483,-0.14499269416657304,-11610.0,-11616.000000003216,20,0.0,1.3603456646523882e-52,-1.0,-1.0,38839,17653,20776,410,0.4593666241640428,-0.17314007650472302,-6653.599999999999,-6661.799999997976,30,0.0,2.544346691745549e-30,-1.0,-1.0,0.0
R245,hybrid,"{""adx_switch"": 18, ""mr_rsi"": 32, ""mr_z"": 1.3, ""trend_rsi"": 52}",81220,38410,42287,523,0.4759780413150427,-0.14323952563292316,-11559.0,-11563.800000003186,20,0.0,2.2106107251140336e-52,-1.0,-1.0,39214,17870,20932,412,0.46054327096541414,-0.17102211226225453,-6636.0,-6644.199999997946,30,0.0,2.9895244714926056e-30,-1.0,-1.0,0.0
R246,hybrid,"{""adx_switch"": 18, ""mr_rsi"": 36, ""mr_z"": 1.3, ""trend_rsi"": 52}",83750,39792,43416,542,0.47822324776463804,-0.1391981540236516,-11582.400000000001,-11587.20000000342,20,0.0,1.5816207305523102e-52,-1.0,-1.0,40420,18529,21470,421,0.46323658091452286,-0.16617415435385885,-6646.8,-6654.999999997856,30,0.0,2.5575696311871674e-30,-1.0,-1.0,0.0
R247,hybrid,"{""adx_switch"": 18, ""mr_rsi"": 28, ""mr_z"": 1.6, ""trend_rsi"": 52}",80587,38035,42036,516,0.4750159233680109,-0.1449713379375804,-11608.0,-11614.000000003209,20,0.0,1.3879661918706481e-52,-1.0,-1.0,38838,17652,20776,410,0.45935255542833353,-0.1731654002289997,-6654.4,-6662.599999997976,30,0.0,2.5241534640332842e-30,-1.0,-1.0,0.0
R248,hybrid,"{""adx_switch"": 18, ""mr_rsi"": 32, ""mr_z"": 1.6, ""trend_rsi"": 52}",81209,38405,42281,523,0.47598096324021516,-0.14323426616761273,-11557.0,-11561.800000003183,20,0.0,2.2563083188023838e-52,-1.0,-1.0,39206,17863,20931,412,0.460457802753003,-0.17117595504459454,-6640.6,-6648.799999997947,30,0.0,2.855901295351987e-30,-1.0,-1.0,0.0
R249,hybrid,"{""adx_switch"": 18, ""mr_rsi"": 36, ""mr_z"": 1.6, ""trend_rsi"": 52}",83585,39704,43340,541,0.4781079909445595,-0.1394056162997929,-11576.8,-11581.600000003371,20,0.0,1.68383965721507e-52,-1.0,-1.0,40352,18485,21448,419,0.46290035809981717,-0.16677935542032904,-6660.0,-6668.1999999978625,30,0.0,2.24693118837226e-30,-1.0,-1.0,0.0
R250,hybrid,"{""adx_switch"": 18, ""mr_rsi"": 28, ""mr_z"": 1.9, ""trend_rsi"": 52}",80582,38033,42033,516,0.47502060799840135,-0.14496290560287764,-11606.600000000002,-11612.600000003207,20,0.0,1.407836561626856e-52,-1.0,-1.0,38838,17652,20776,410,0.45935255542833353,-0.1731654002289997,-6654.4,-6662.599999997976,30,0.0,2.5241534640332842e-30,-1.0,-1.0,0.0
R251,hybrid,"{""adx_switch"": 18, ""mr_rsi"": 32, ""mr_z"": 1.9, ""trend_rsi"": 52}",81166,38384,42261,521,0.47596255192510384,-0.1432674065348131,-11553.800000000001,-11558.600000003175,20,0.0,2.333583677224245e-52,-1.0,-1.0,39192,17853,20927,412,0.460366168127901,-0.17134089736977826,-6644.6,-6652.799999997949,30,0.0,2.7453460438551263e-30,-1.0,-1.0,0.0
R252,hybrid,"{""adx_switch"": 18, ""mr_rsi"": 36, ""mr_z"": 1.9, ""trend_rsi"": 52}",83124,39464,43125,535,0.4778360314327574,-0.1398951434210367,-11553.8,-11558.600000003302,20,0.0,2.1587690792851858e-52,-1.0,-1.0,40156,18375,21365,416,0.4623804730749874,-0.16771514846502267,-6665.0,-6673.1999999978825,30,0.0,2.1538233892651838e-30,-1.0,-1.0,0.0
R253,hybrid,"{""adx_switch"": 18, ""mr_rsi"": 28, ""mr_z"": 1.3, ""trend_rsi"": 55}",74065,34836,38767,462,0.47329592543782184,-0.14806733421192073,-10898.2,-10901.800000001764,19,0.0,2.1912177132428826e-49,-1.0,-1.0,35841,16218,19246,377,0.457308820212046,-0.17684412361831717,-6271.6,-6279.7999999982085,29,0.0,1.3117919951814642e-28,-1.0,-1.0,0.0
R254,hybrid,"{""adx_switch"": 18, ""mr_rsi"": 32, ""mr_z"": 1.3, ""trend_rsi"": 55}",74696,35211,39016,469,0.47436916485914826,-0.14613550325353308,-10847.2,-10849.600000001616,19,0.0,3.56080774454648e-49,-1.0,-1.0,36216,16435,19402,379,0.4586042358456344,-0.17451237547785808,-6254.0,-6262.19999999818,29,0.0,1.5413128579630222e-28,-1.0,-1.0,0.0
R255,hybrid,"{""adx_switch"": 18, ""mr_rsi"": 36, ""mr_z"": 1.3, ""trend_rsi"": 55}",77226,36593,40145,488,0.4768563162970106,-0.14165863066538092,-10870.600000000002,-10873.00000000191,19,0.0,2.54764318398726e-49,-1.0,-1.0,37422,17094,19940,388,0.461575849219636,-0.16916347140465518,-6264.799999999999,-6272.999999998098,29,0.0,1.318609362550633e-28,-1.0,-1.0,0.0
R256,hybrid,"{""adx_switch"": 18, ""mr_rsi"": 28, ""mr_z"": 1.6, ""trend_rsi"": 55}",74063,34836,38765,462,0.47330878656539993,-0.14804418418228013,-10896.2,-10899.800000001758,19,0.0,2.23570830858369e-49,-1.0,-1.0,35840,16217,19246,377,0.45729351718692723,-0.17687166906353102,-6272.400000000001,-6280.599999998209,29,0.0,1.3013809476006584e-28,-1.0,-1.0,0.0
R257,hybrid,"{""adx_switch"": 18, ""mr_rsi"": 32, ""mr_z"": 1.6, ""trend_rsi"": 55}",74685,35206,39010,469,0.47437210305055516,-0.14613021450900077,-10845.2,-10847.600000001581,19,0.0,3.634416518657605e-49,-1.0,-1.0,36208,16428,19401,379,0.45851126182701163,-0.17467972871137907,-6258.6,-6266.799999998181,29,0.0,1.472420590489943e-28,-1.0,-1.0,0.0
R258,hybrid,"{""adx_switch"": 18, ""mr_rsi"": 36, ""mr_z"": 1.6, ""trend_rsi"": 55}",77061,36505,40069,487,0.4767283934494737,-0.14188889179094732,-10865.0,-10867.40000000186,19,0.0,2.7122953959596817e-49,-1.0,-1.0,37354,17050,19918,386,0.46120969487124,-0.16982254923176804,-6278.0,-6286.199999998104,29,0.0,1.158453113403386e-28,-1.0,-1.0,0.0
R259,hybrid,"{""adx_switch"": 18, ""mr_rsi"": 28, ""mr_z"": 1.9, ""trend_rsi"": 55}",74058,34834,38762,462,0.4733137670525572,-0.148035219305397,-10894.8,-10898.400000001737,19,0.0,2.2677151045839917e-49,-1.0,-1.0,35840,16217,19246,377,0.45729351718692723,-0.17687166906353102,-6272.400000000001,-6280.599999998209,29,0.0,1.3013809476006584e-28,-1.0,-1.0,0.0
R260,hybrid,"{""adx_switch"": 18, ""mr_rsi"": 32, ""mr_z"": 1.9, ""trend_rsi"": 55}",74642,35185,38990,467,0.47435119649477586,-0.14616784630940344,-10842.0,-10844.400000001575,19,0.0,3.75889012751382e-49,-1.0,-1.0,36194,16418,19397,379,0.4584112801898646,-0.17485969565824377,-6262.6,-6270.799999998182,29,0.0,1.4154214816776714e-28,-1.0,-1.0,0.0
R261,hybrid,"{""adx_switch"": 18, ""mr_rsi"": 36, ""mr_z"": 1.9, ""trend_rsi"": 55}",76600,36265,39854,481,0.4764250712699852,-0.14243487171402675,-10842.0,-10844.400000001748,19,0.0,3.47730225357047e-49,-1.0,-1.0,37158,16940,19835,383,0.46063902107409926,-0.17084976206662134,-6283.0,-6291.199999998121,29,0.0,1.1104494093665715e-28,-1.0,-1.0,0.0
R262,hybrid,"{""adx_switch"": 18, ""mr_rsi"": 28, ""mr_z"": 1.3, ""trend_rsi"": 58}",63092,29471,33243,378,0.46992697005453327,-0.1541314539018401,-9666.2,-9668.599999999535,21,0.0,7.693355580249503e-44,-1.0,-1.0,30608,13745,16560,303,0.45355551889127205,-0.18360006599571027,-5564.0,-5571.599999998644,28,0.0,1.9223673451668155e-25,-1.0,-1.0,0.0
R263,hybrid,"{""adx_switch"": 18, ""mr_rsi"": 32, ""mr_z"": 1.3, ""trend_rsi"": 58}",63723,29846,33492,385,0.47121791025924403,-0.1518077615333607,-9615.2,-9617.5999999993,21,0.0,1.2501980047961464e-43,-1.0,-1.0,30983,13962,16716,305,0.4551144142382163,-0.18079405437121068,-5546.400000000001,-5553.999999998618,28,0.0,2.2587190024924377e-25,-1.0,-1.0,0.0
R264,hybrid,"{""adx_switch"": 18, ""mr_rsi"": 36, ""mr_z"": 1.3, ""trend_rsi"": 58}",66253,31228,34621,404,0.4742365108050236,-0.14637428055095753,-9638.6,-9640.999999999498,21,0.0,8.944763812175524e-44,-1.0,-1.0,32189,14621,17254,314,0.45869803921568625,-0.17434352941176473,-5557.200000000001,-5564.799999998522,28,0.0,1.9323578653550125e-25,-1.0,-1.0,0.0
R265,hybrid,"{""adx_switch"": 18, ""mr_rsi"": 28, ""mr_z"": 1.6, ""trend_rsi"": 58}",63090,29471,33241,378,0.4699419568822554,-0.15410447761194032,-9664.200000000003,-9666.599999999535,21,0.0,7.849561861289072e-44,-1.0,-1.0,30607,13744,16560,303,0.4535374868004224,-0.18363252375923972,-5564.800000000001,-5572.3999999986445,28,0.0,1.9071104614750026e-25,-1.0,-1.0,0.0
R266,hybrid,"{""adx_switch"": 18, ""mr_rsi"": 32, ""mr_z"": 1.6, ""trend_rsi"": 58}",63712,29841,33486,385,0.4712208062911554,-0.15180254867592025,-9613.2,-9615.599999999282,21,0.0,1.2760420124290072e-43,-1.0,-1.0,30975,13955,16715,305,0.4550048907727421,-0.18099119660906424,-5551.000000000001,-5558.59999999862,28,0.0,2.1577607363868405e-25,-1.0,-1.0,0.0
R267,hybrid,"{""adx_switch"": 18, ""mr_rsi"": 36, ""mr_z"": 1.6, ""trend_rsi"": 58}",66088,31140,34545,403,0.47408084037451476,-0.1466544873258735,-9633.0,-9635.39999999949,21,0.0,9.522856991197888e-44,-1.0,-1.0,32121,14577,17232,312,0.45826652834103554,-0.175120248986136,-5570.400000000001,-5577.999999998528,28,0.0,1.6976566744527847e-25,-1.0,-1.0,0.0
R268,hybrid,"{""adx_switch"": 18, ""mr_rsi"": 28, ""mr_z"": 1.9, ""trend_rsi"": 58}",63085,29469,33238,378,0.46994753376815984,-0.15409443921731228,-9662.8,-9665.199999999535,21,0.0,7.961937578739397e-44,-1.0,-1.0,30607,13744,16560,303,0.4535374868004224,-0.18363252375923972,-5564.800000000001,-5572.3999999986445,28,0.0,1.9071104614750026e-25,-1.0,-1.0,0.0
R269,hybrid,"{""adx_switch"": 18, ""mr_rsi"": 32, ""mr_z"": 1.9, ""trend_rsi"": 58}",63669,29820,33466,383,0.4711942609739911,-0.15185033024681605,-9610.0,-9612.399999999272,21,0.0,1.3197446407666774e-43,-1.0,-1.0,30961,13945,16711,305,0.4548864822546973,-0.1812043319415449,-5555.0,-5562.59999999862,28,0.0,2.0742313156503223e-25,-1.0,-1.0,0.0
R270,hybrid,"{""adx_switch"": 18, ""mr_rsi"": 36, ""mr_z"": 1.9, ""trend_rsi"": 58}",65627,30900,34330,397,0.47370841637283456,-0.14732485052889774,-9610.0,-9612.399999999401,21,0.0,1.220879264303196e-43,-1.0,-1.0,31925,14467,17149,309,0.4575847672064777,-0.17634741902834006,-5575.4,-5582.999999998545,28,0.0,1.6273095817532921e-25,-1.0,-1.0,0.0
R271,hybrid,"{""adx_switch"": 22, ""mr_rsi"": 28, ""mr_z"": 1.3, ""trend_rsi"": 52}",60201,28407,31430,364,0.4747397095442619,-0.14546852282032857,-8704.400000000001,-8710.59999999766,20,0.0,1.3106955826095878e-39,-1.0,-1.0,29668,13484,15877,307,0.45924866319267055,-0.17335240625319304,-5089.8,-5095.7999999987405,30,0.0,2.3003800359827002e-23,-1.0,-1.0,0.0
R272,hybrid,"{""adx_switch"": 22, ""mr_rsi"": 32, ""mr_z"": 1.3, ""trend_rsi"": 52}",62073,29459,32237,377,0.4774863848547718,-0.14052450726141083,-8669.800000000001,-8674.79999999758,20,0.0,1.720218663252905e-39,-1.0,-1.0,30668,14049,16306,313,0.4628232581123373,-0.16691813539779282,-5066.8,-5072.7999999986805,30,0.0,2.7829071339822587e-23,-1.0,-1.0,0.0
R273,hybrid,"{""adx_switch"": 22, ""mr_rsi"": 36, ""mr_z"": 1.3, ""trend_rsi"": 52}",67696,32515,34757,424,0.4833363063384469,-0.12999464859079557,-8745.0,-8749.199999997625,20,0.0,6.4812708022694685e-40,-1.0,-1.0,33298,15485,17479,334,0.46975488411600536,-0.1544412085911904,-5091.0,-5096.999999998509,30,0.0,1.9674607914718484e-23,-1.0,-1.0,0.0
R274,hybrid,"{""adx_switch"": 22, ""mr_rsi"": 28, ""mr_z"": 1.6, ""trend_rsi"": 52}",60196,28407,31425,364,0.474779382270357,-0.1453971119133574,-8699.400000000001,-8705.599999997648,20,0.0,1.3782432137407066e-39,-1.0,-1.0,29667,13483,15877,307,0.4592302452316076,-0.17338555858310628,-5090.6,-5096.599999998741,30,0.0,2.282123051570129e-23,-1.0,-1.0,0.0
R275,hybrid,"{""adx_switch"": 22, ""mr_rsi"": 32, ""mr_z"": 1.6, ""trend_rsi"": 52}",62011,29429,32205,377,0.47747996235843854,-0.14053606775481065,-8661.800000000001,-8666.799999997587,20,0.0,1.8682778493728227e-39,-1.0,-1.0,30640,14028,16299,313,0.4625581165298249,-0.16739539024631517,-5076.6,-5082.599999998683,30,0.0,2.5256965884549606e-23,-1.0,-1.0,0.0
R276,hybrid,"{""adx_switch"": 22, ""mr_rsi"": 36, ""mr_z"": 1.6, ""trend_rsi"": 52}",67025,32166,34444,415,0.48290046539558623,-0.13077916228794476,-8711.2,-8715.39999999758,20,0.0,9.335090925095204e-40,-1.0,-1.0,33032,15322,17378,332,0.46856269113149845,-0.15658715596330278,-5120.400000000001,-5126.399999998522,30,0.0,1.481442153549286e-23,-1.0,-1.0,0.0
R277,hybrid,"{""adx_switch"": 22, ""mr_rsi"": 28, ""mr_z"": 1.9, ""trend_rsi"": 52}",60175,28397,31414,364,0.4747788868268379,-0.14539800371169184,-8696.400000000001,-8702.599999997648,20,0.0,1.421455934808744e-39,-1.0,-1.0,29663,13479,15877,307,0.4591565608393514,-0.1735181904891675,-5093.8,-5099.799999998741,30,0.0,2.2105326267599673e-23,-1.0,-1.0,0.0
R278,hybrid,"{""adx_switch"": 22, ""mr_rsi"": 32, ""mr_z"": 1.9, ""trend_rsi"": 52}",61784,29307,32103,374,0.4772349780166097,-0.1409770395701026,-8657.400000000001,-8662.399999997586,20,0.0,1.9700021423518365e-39,-1.0,-1.0,30561,13987,16261,313,0.46241073790002646,-0.1676606717799524,-5071.400000000001,-5077.399999998688,30,0.0,2.669082307065317e-23,-1.0,-1.0,0.0
R279,hybrid,"{""adx_switch"": 22, ""mr_rsi"": 36, ""mr_z"": 1.9, ""trend_rsi"": 52}",65558,31387,33771,400,0.48170600693698395,-0.13292918751342891,-8661.400000000001,-8665.599999997528,20,0.0,1.6288386836628743e-39,-1.0,-1.0,32376,14968,17081,327,0.4670348528815252,-0.15933726481325472,-5106.6,-5112.59999999857,30,0.0,1.745836366728679e-23,-1.0,-1.0,0.0
R280,hybrid,"{""adx_switch"": 22, ""mr_rsi"": 28, ""mr_z"": 1.3, ""trend_rsi"": 55}",56512,26618,29561,333,0.4738069385357518,-0.14714751063564677,-8266.6,-8270.799999996943,18,0.0,1.2145941611065654e-37,-1.0,-1.0,27942,12677,14978,287,0.4583981196890255,-0.17488338455975413,-4836.400000000001,-4842.399999998892,29,0.0,3.1125062653093874e-22,-1.0,-1.0,0.0
R281,hybrid,"{""adx_switch"": 22, ""mr_rsi"": 32, ""mr_z"": 1.3, ""trend_rsi"": 55}",58384,27670,30368,346,0.4767566077397567,-0.1418381060684379,-8232.0,-8234.999999996784,18,0.0,1.5940906278585084e-37,-1.0,-1.0,28942,13242,15407,293,0.4622150860413976,-0.16801284512548434,-4813.400000000001,-4819.399999998819,29,0.0,3.765384742870869e-22,-1.0,-1.0,0.0
R282,hybrid,"{""adx_switch"": 22, ""mr_rsi"": 36, ""mr_z"": 1.3, ""trend_rsi"": 55}",64007,30726,32888,393,0.48300688527682584,-0.13058760650171347,-8307.2,-8309.799999996634,18,0.0,6.006057987403548e-38,-1.0,-1.0,31572,14678,16580,314,0.4695757885981189,-0.154763580523386,-4837.6,-4843.5999999986525,29,0.0,2.6620532018269435e-22,-1.0,-1.0,0.0
R283,hybrid,"{""adx_switch"": 22, ""mr_rsi"": 28, ""mr_z"": 1.6, ""trend_rsi"": 55}",56507,26618,29556,333,0.4738491116886816,-0.14707159896037317,-8261.6,-8265.79999999693,18,0.0,1.2771891369781142e-37,-1.0,-1.0,27941,12676,14978,287,0.4583785347508498,-0.17491863744847042,-4837.200000000001,-4843.199999998892,29,0.0,3.087803834632318e-22,-1.0,-1.0,0.0
R284,hybrid,"{""adx_switch"": 22, ""mr_rsi"": 32, ""mr_z"": 1.6, ""trend_rsi"": 55}",58322,27640,30336,346,0.4767489995860356,-0.14185180074513593,-8224.0,-8226.999999996766,18,0.0,1.7312939764815655e-37,-1.0,-1.0,28914,13221,15400,293,0.4619335452989064,-0.1685196184619685,-4823.200000000001,-4829.199999998823,29,0.0,3.4173685794827024e-22,-1.0,-1.0,0.0
R285,hybrid,"{""adx_switch"": 22, ""mr_rsi"": 36, ""mr_z"": 1.6, ""trend_rsi"": 55}",63336,30377,32575,384,0.482542254416063,-0.13142394205108657,-8273.400000000001,-8275.99999999661,18,0.0,8.650633359459946e-38,-1.0,-1.0,31306,14515,16479,312,0.46831644834484093,-0.1570303929792863,-4867.0,-4872.9999999986585,29,0.0,2.0044505309948748e-22,-1.0,-1.0,0.0
R286,hybrid,"{""adx_switch"": 22, ""mr_rsi"": 28, ""mr_z"": 1.9, ""trend_rsi"": 55}",56486,26608,29545,333,0.47384823606931065,-0.1470731750752409,-8258.6,-8262.79999999693,18,0.0,1.3172334610691755e-37,-1.0,-1.0,27937,12672,14978,287,0.4583001808318264,-0.17505967450271245,-4840.4,-4846.399999998892,29,0.0,2.9909391243356214e-22,-1.0,-1.0,0.0
R287,hybrid,"{""adx_switch"": 22, ""mr_rsi"": 32, ""mr_z"": 1.9, ""trend_rsi"": 55}",58095,27518,30234,343,0.4764856628341876,-0.1423258068984624,-8219.600000000002,-8222.599999996757,18,0.0,1.8255597495064202e-37,-1.0,-1.0,28835,13180,15362,293,0.4617756288977647,-0.16880386798402355,-4818.0,-4823.999999998831,29,0.0,3.61137519601984e-22,-1.0,-1.0,0.0
R288,hybrid,"{""adx_switch"": 22, ""mr_rsi"": 36, ""mr_z"": 1.9, ""trend_rsi"": 55}",61869,29598,31902,369,0.4812682926829268,-0.13371707317073175,-8223.6,-8226.199999996516,18,0.0,1.5094107135254111e-37,-1.0,-1.0,30650,14161,16182,307,0.4666974260949807,-0.15994463302903472,-4853.200000000001,-4859.19999999871,29,0.0,2.362186484254834e-22,-1.0,-1.0,0.0
R289,hybrid,"{""adx_switch"": 22, ""mr_rsi"": 28, ""mr_z"": 1.3, ""trend_rsi"": 58}",49945,23393,26266,286,0.4710727159225921,-0.15206911133933426,-7551.6,-7553.999999997122,21,0.0,2.02417910257185e-34,-1.0,-1.0,24670,11147,13281,242,0.4563206156869167,-0.17862289176355,-4363.400000000001,-4369.399999999152,28,0.0,4.0324674896547874e-20,-1.0,-1.0,0.0
R290,hybrid,"{""adx_switch"": 22, ""mr_rsi"": 32, ""mr_z"": 1.3, ""trend_rsi"": 58}",51817,24445,27073,299,0.47449435148880004,-0.14591016732015993,-7517.000000000001,-7519.399999996999,23,0.0,2.6566280654413118e-34,-1.0,-1.0,25670,11712,13710,248,0.4607033278262922,-0.17073400991267404,-4340.4,-4346.399999999098,28,0.0,4.8783167863470325e-20,-1.0,-1.0,0.0
R291,hybrid,"{""adx_switch"": 22, ""mr_rsi"": 36, ""mr_z"": 1.3, ""trend_rsi"": 58}",57440,27501,29593,346,0.48167933583213646,-0.13297719550215437,-7592.200000000001,-7594.599999996604,22,0.0,1.0009382109873813e-34,-1.0,-1.0,28300,13148,14883,269,0.46905212086618386,-0.15570618244086906,-4364.6,-4370.599999998931,28,0.0,3.4488743401876454e-20,-1.0,-1.0,0.0
R292,hybrid,"{""adx_switch"": 22, ""mr_rsi"": 28, ""mr_z"": 1.6, ""trend_rsi"": 58}",49940,23393,26261,286,0.4711201514480203,-0.15198372739356347,-7546.6,-7548.999999997123,21,0.0,2.1284966154847937e-34,-1.0,-1.0,24669,11146,13281,242,0.4562983583739305,-0.1786629549269251,-4364.200000000001,-4370.199999999152,28,0.0,4.000463779419417e-20,-1.0,-1.0,0.0
R293,hybrid,"{""adx_switch"": 22, ""mr_rsi"": 32, ""mr_z"": 1.6, ""trend_rsi"": 58}",51755,24415,27041,299,0.47448305348258707,-0.14593050373134328,-7509.000000000001,-7511.3999999970065,23,0.0,2.885283990176406e-34,-1.0,-1.0,25642,11691,13703,248,0.46038434275813184,-0.17130818303536272,-4350.200000000001,-4356.1999999991,28,0.0,4.427437737402285e-20,-1.0,-1.0,0.0
R294,hybrid,"{""adx_switch"": 22, ""mr_rsi"": 36, ""mr_z"": 1.6, ""trend_rsi"": 58}",56769,27152,29280,337,0.48114544939041676,-0.1339381910972498,-7558.400000000001,-7560.7999999966505,22,0.0,1.4416693107002167e-34,-1.0,-1.0,28034,12985,14782,267,0.46764144488061365,-0.1582453992148954,-4394.0,-4399.999999998933,28,0.0,2.5969045238387315e-20,-1.0,-1.0,0.0
R295,hybrid,"{""adx_switch"": 22, ""mr_rsi"": 28, ""mr_z"": 1.9, ""trend_rsi"": 58}",49919,23383,26250,286,0.47111800616525296,-0.15198758890254468,-7543.6,-7545.999999997125,21,0.0,2.1952323915961263e-34,-1.0,-1.0,24665,11142,13281,242,0.4562093108954674,-0.1788232403881587,-4367.4,-4373.39999999915,28,0.0,3.874968836800473e-20,-1.0,-1.0,0.0
R296,hybrid,"{""adx_switch"": 22, ""mr_rsi"": 32, ""mr_z"": 1.9, ""trend_rsi"": 58}",51528,24293,26939,296,0.4741762960649594,-0.1464826670830731,-7504.6,-7506.999999997021,21,0.0,3.0423823971627357e-34,-1.0,-1.0,25563,11650,13665,248,0.46020146158404107,-0.1716373691487261,-4345.0,-4350.999999999106,28,0.0,4.678786749188526e-20,-1.0,-1.0,0.0
R297,hybrid,"{""adx_switch"": 22, ""mr_rsi"": 36, ""mr_z"": 1.9, ""trend_rsi"": 58}",55302,26373,28607,322,0.4796835212804656,-0.13656966169516185,-7508.6,-7510.99999999674,21,0.0,2.5155049491862134e-34,-1.0,-1.0,27378,12631,14485,262,0.46581354182032747,-0.16153562472341051,-4380.200000000001,-4386.199999998972,28,0.0,3.060376233913441e-20,-1.0,-1.0,0.0
R298,hybrid,"{""adx_switch"": 26, ""mr_rsi"": 28, ""mr_z"": 1.3, ""trend_rsi"": 52}",44249,21009,23000,240,0.47737962689449887,-0.1407166715899021,-6192.800000000001,-6203.999999997735,20,0.0,2.050193405521526e-28,-1.0,-1.0,21897,10101,11572,224,0.4660637659760993,-0.16108522124302127,-3491.2000000000003,-3497.599999999473,32,0.0,2.7880895648885444e-16,-0.9999999999999997,-0.9999999999999998,0.0
R299,hybrid,"{""adx_switch"": 26, ""mr_rsi"": 32, ""mr_z"": 1.3, ""trend_rsi"": 52}",47732,22950,24518,264,0.48348361001095475,-0.12972950198028146,-6158.0,-6168.79999999751,20,0.0,2.5287916913248e-28,-1.0,-1.0,23708,11140,12330,238,0.47464848743076266,-0.14563272262462718,-3418.0,-3425.1999999994196,32,0.0,5.398549498302741e-16,-0.9999999999999994,-0.9999999999999994,0.0
R300,hybrid,"{""adx_switch"": 26, ""mr_rsi"": 36, ""mr_z"": 1.3, ""trend_rsi"": 52}",56566,27682,28555,329,0.4922382061632022,-0.11397122890623612,-6409.400000000001,-6419.599999996807,20,0.0,1.436916687326391e-29,-1.0,-1.0,27812,13393,14145,274,0.4863461398794393,-0.12457694821700924,-3430.6000000000004,-3439.3999999992993,32,0.0,4.0432828617891507e-16,-0.9999999999999996,-0.9999999999999997,0.0
R301,hybrid,"{""adx_switch"": 26, ""mr_rsi"": 28, ""mr_z"": 1.6, ""trend_rsi"": 52}",44239,21008,22991,240,0.47746539694083956,-0.14056228550648878,-6184.6,-6195.79999999774,20,0.0,2.2264735941109044e-28,-1.0,-1.0,21894,10100,11570,224,0.4660821412090448,-0.16105214582371943,-3490.0,-3496.399999999473,32,0.0,2.8221220997133383e-16,-0.9999999999999997,-0.9999999999999998,0.0
R302,hybrid,"{""adx_switch"": 26, ""mr_rsi"": 32, ""mr_z"": 1.6, ""trend_rsi"": 52}",47524,22844,24417,263,0.48335837159603057,-0.12995493112714504,-6141.800000000001,-6152.599999997525,20,0.0,2.9987619935643855e-28,-1.0,-1.0,23607,11077,12293,237,0.4739837398373984,-0.14682926829268295,-3431.4,-3438.599999999423,32,0.0,4.739814712455595e-16,-0.9999999999999996,-0.9999999999999996,0.0
R303,hybrid,"{""adx_switch"": 26, ""mr_rsi"": 36, ""mr_z"": 1.6, ""trend_rsi"": 52}",54977,26861,27798,318,0.49142867597284984,-0.11542838324887028,-6309.200000000001,-6319.399999996917,20,0.0,4.17342310574694e-29,-1.0,-1.0,27131,12997,13868,266,0.4837893169551461,-0.12917922948073704,-3470.4000000000005,-3479.1999999993004,32,0.0,2.7887816110339286e-16,-0.9999999999999997,-0.9999999999999998,0.0
R304,hybrid,"{""adx_switch"": 26, ""mr_rsi"": 28, ""mr_z"": 1.9, ""trend_rsi"": 52}",44151,20955,22956,240,0.4772152763544442,-0.1410125025620004,-6192.0,-6203.199999997736,20,0.0,2.074806195072425e-28,-1.0,-1.0,21867,10082,11562,223,0.465810386250231,-0.1615413047495842,-3496.3999999999996,-3502.7999999994745,32,0.0,2.6497485606483557e-16,-0.9999999999999998,-0.9999999999999998,0.0
R305,hybrid,"{""adx_switch"": 26, ""mr_rsi"": 32, ""mr_z"": 1.9, ""trend_rsi"": 52}",46879,22494,24126,259,0.4824967824967825,-0.1315057915057915,-6130.8,-6141.599999997567,20,0.0,3.4349002667989894e-28,-1.0,-1.0,23327,10914,12178,235,0.4726312142733414,-0.14926381430798547,-3446.8,-3453.9999999994297,32,0.0,4.1081590772224025e-16,-0.9999999999999996,-0.9999999999999997,0.0
R306,hybrid,"{""adx_switch"": 26, ""mr_rsi"": 36, ""mr_z"": 1.9, ""trend_rsi"": 52}",52062,25321,26444,297,0.48915290254032645,-0.11952477542741236,-6187.2,-6195.799999997168,20,0.0,1.5893497664157747e-28,-1.0,-1.0,25814,12265,13295,254,0.4798513302034429,-0.13626760563380283,-3483.0000000000005,-3490.1999999993322,32,0.0,2.590231004750135e-16,-0.9999999999999998,-0.9999999999999998,0.0
R307,hybrid,"{""adx_switch"": 26, ""mr_rsi"": 28, ""mr_z"": 1.3, ""trend_rsi"": 55}",42260,20047,21990,223,0.47688940695101933,-0.14159906748816517,-5952.400000000001,-5961.199999997916,17,0.0,2.4615938567540178e-27,-1.0,-1.0,20969,9669,11086,214,0.4658636473139003,-0.16144543483497953,-3350.8,-3356.7999999995122,31,0.0,1.1793759715037268e-15,-0.9999999999999988,-0.9999999999999989,0.0
R308,hybrid,"{""adx_switch"": 26, ""mr_rsi"": 32, ""mr_z"": 1.3, ""trend_rsi"": 55}",45743,21988,23508,247,0.48329523474591174,-0.13006857745735892,-5917.6,-5925.999999997704,17,0.0,3.0362296920920328e-27,-1.0,-1.0,22780,10708,11844,228,0.4748137637460092,-0.14533522525718343,-3277.6000000000004,-3283.9999999994666,31,0.0,2.283613711500804e-15,-0.9999999999999977,-0.9999999999999979,0.0
R309,hybrid,"{""adx_switch"": 26, ""mr_rsi"": 36, ""mr_z"": 1.3, ""trend_rsi"": 55}",54577,26720,27545,312,0.49239841518474153,-0.11368285266746522,-6169.000000000001,-6176.599999996978,17,0.0,1.725254447050675e-28,-1.0,-1.0,26884,12961,13659,264,0.4868895567242675,-0.12359879789631859,-3290.2000000000003,-3298.199999999344,31,0.0,1.7103290773865727e-15,-0.9999999999999983,-0.9999999999999984,0.0
R310,hybrid,"{""adx_switch"": 26, ""mr_rsi"": 28, ""mr_z"": 1.6, ""trend_rsi"": 55}",42250,20046,21981,223,0.4769790848740096,-0.1414376472267828,-5944.200000000001,-5952.999999997919,17,0.0,2.6732471710854527e-27,-1.0,-1.0,20966,9668,11084,214,0.46588280647648417,-0.16141094834232844,-3349.6000000000004,-3355.599999999513,31,0.0,1.1937719056685453e-15,-0.9999999999999988,-0.9999999999999989,0.0
R311,hybrid,"{""adx_switch"": 26, ""mr_rsi"": 32, ""mr_z"": 1.6, ""trend_rsi"": 55}",45535,21882,23407,246,0.48316368213031863,-0.1303053721654265,-5901.400000000001,-5909.799999997715,17,0.0,3.6005062163136405e-27,-1.0,-1.0,22679,10645,11807,227,0.474122572599323,-0.1465793693212186,-3291.0,-3297.399999999469,31,0.0,2.0049655691292075e-15,-0.999999999999998,-0.9999999999999981,0.0
R312,hybrid,"{""adx_switch"": 26, ""mr_rsi"": 36, ""mr_z"": 1.6, ""trend_rsi"": 55}",52988,25899,26788,301,0.491563383756904,-0.11518590923757284,-6068.8,-6076.3999999971165,17,0.0,5.01087977898776e-28,-1.0,-1.0,26203,12565,13382,256,0.48425636875168615,-0.12833853624696498,-3330.0,-3337.999999999344,31,0.0,1.1796687105194713e-15,-0.9999999999999988,-0.9999999999999989,0.0
R313,hybrid,"{""adx_switch"": 26, ""mr_rsi"": 28, ""mr_z"": 1.9, ""trend_rsi"": 55}",42162,19993,21946,223,0.4767161830277308,-0.14191087055008467,-5951.6,-5960.399999997912,17,0.0,2.4911455524100642e-27,-1.0,-1.0,20939,9650,11076,213,0.4655987648364373,-0.1619222232944128,-3356.0,-3361.999999999513,31,0.0,1.120857027805055e-15,-0.9999999999999989,-0.9999999999999989,0.0
R314,hybrid,"{""adx_switch"": 26, ""mr_rsi"": 32, ""mr_z"": 1.9, ""trend_rsi"": 55}",44890,21532,23116,242,0.48226124350474825,-0.13192976169145312,-5890.4,-5898.799999997761,17,0.0,4.1241618339730486e-27,-1.0,-1.0,22399,10482,11692,225,0.47271579327139895,-0.14911157211148193,-3306.4000000000005,-3312.7999999994736,31,0.0,1.7377720442724307e-15,-0.9999999999999982,-0.9999999999999983,0.0
R315,hybrid,"{""adx_switch"": 26, ""mr_rsi"": 36, ""mr_z"": 1.9, ""trend_rsi"": 55}",50073,24359,25434,280,0.489205309983331,-0.11943044203000422,-5946.800000000001,-5952.7999999973545,17,0.0,1.9082753903635747e-27,-1.0,-1.0,24886,11833,12809,244,0.48019641262884505,-0.13564645726807892,-3342.6000000000004,-3348.99999999938,31,0.0,1.095680800974687e-15,-0.9999999999999989,-0.999999999999999,0.0
R316,hybrid,"{""adx_switch"": 26, ""mr_rsi"": 28, ""mr_z"": 1.3, ""trend_rsi"": 58}",38500,18221,20075,204,0.4757938165865887,-0.14357113014414039,-5498.200000000001,-5503.599999998146,21,0.0,2.697038295794443e-25,-1.0,-1.0,19068,8768,10112,188,0.46440677966101696,-0.16406779661016951,-3097.6,-3103.5999999996247,30,0.0,1.60336835026447e-14,-0.999999999999984,-0.9999999999999849,0.0
R317,hybrid,"{""adx_switch"": 26, ""mr_rsi"": 32, ""mr_z"": 1.3, ""trend_rsi"": 58}",41983,20162,21593,228,0.4828643276254341,-0.13084421027421864,-5463.4,-5468.399999997946,18,0.0,3.326636411580359e-25,-1.0,-1.0,20879,9807,10870,202,0.4742951105092615,-0.14626880108332932,-3024.4,-3030.3999999996036,30,0.0,3.104585846854167e-14,-0.9999999999999689,-0.9999999999999708,0.0
R318,hybrid,"{""adx_switch"": 26, ""mr_rsi"": 36, ""mr_z"": 1.3, ""trend_rsi"": 58}",50817,24894,25630,293,0.49271633283192146,-0.11311060090254137,-5714.8,-5719.799999997332,20,0.0,1.8902701194669118e-26,-1.0,-1.0,24983,12060,12685,238,0.4873711860982017,-0.12273186502323702,-3037.0,-3044.1999999994923,30,0.0,2.325202121696848e-14,-0.9999999999999768,-0.9999999999999784,0.0
R319,hybrid,"{""adx_switch"": 26, ""mr_rsi"": 28, ""mr_z"": 1.6, ""trend_rsi"": 58}",38490,18220,20066,204,0.4758919709554406,-0.14339445228020686,-5490.0,-5495.399999998147,21,0.0,2.92893564661757e-25,-1.0,-1.0,19065,8767,10110,188,0.46442761031943636,-0.16403030142501457,-3096.3999999999996,-3102.399999999625,30,0.0,1.6229397047520314e-14,-0.9999999999999838,-0.9999999999999847,0.0
R320,hybrid,"{""adx_switch"": 26, ""mr_rsi"": 32, ""mr_z"": 1.6, ""trend_rsi"": 58}",41775,20056,21492,227,0.4827187830942524,-0.13110619043034563,-5447.200000000001,-5452.199999997957,18,0.0,3.944884377656438e-25,-1.0,-1.0,20778,9744,10833,201,0.47353841667881613,-0.14763084997813092,-3037.8,-3043.7999999996,30,0.0,2.725762110290471e-14,-0.9999999999999727,-0.9999999999999744,0.0
R321,hybrid,"{""adx_switch"": 26, ""mr_rsi"": 36, ""mr_z"": 1.6, ""trend_rsi"": 58}",49228,24073,24873,282,0.49182772851714135,-0.1147100886691456,-5614.6,-5619.599999997448,20,0.0,5.490156153287319e-26,-1.0,-1.0,24302,11664,12408,230,0.48454636091724823,-0.12781655034895315,-3076.8,-3083.99999999949,30,0.0,1.6037663306236546e-14,-0.999999999999984,-0.999999999999985,0.0
R322,hybrid,"{""adx_switch"": 26, ""mr_rsi"": 28, ""mr_z"": 1.9, ""trend_rsi"": 58}",38402,18167,20031,204,0.4756008167966909,-0.14391852976595632,-5497.400000000001,-5502.7999999981475,21,0.0,2.7294165269439775e-25,-1.0,-1.0,19038,8749,10102,187,0.464113309638746,-0.1645960426502573,-3102.8,-3108.7999999996237,30,0.0,1.5238115130179955e-14,-0.9999999999999848,-0.9999999999999857,0.0
R323,hybrid,"{""adx_switch"": 26, ""mr_rsi"": 32, ""mr_z"": 1.9, ""trend_rsi"": 58}",41130,19706,21201,223,0.48172684381646175,-0.1328916811303689,-5436.200000000001,-5441.199999997993,18,0.0,4.518626163191188e-25,-1.0,-1.0,20498,9581,10718,199,0.47199369427065374,-0.1504113503128233,-3053.2,-3059.1999999995887,30,0.0,2.362510991476561e-14,-0.9999999999999764,-0.9999999999999778,0.0
R324,hybrid,"{""adx_switch"": 26, ""mr_rsi"": 36, ""mr_z"": 1.9, ""trend_rsi"": 58}",46313,22533,23519,261,0.4892947103274559,-0.11926952141057935,-5492.6,-5495.999999997632,18,0.0,2.0907964945604444e-25,-1.0,-1.0,22985,10932,11835,218,0.4801686651732771,-0.1356964026881012,-3089.4,-3095.399999999524,30,0.0,1.489584289253731e-14,-0.9999999999999851,-0.999999999999986,0.0
ML_LOGIT_T0.55,ml,"{""model"": ""ML_LOGIT"", ""threshold"": 0.55, ""features"": [""ret1"", ""ret2"", ""ret3"", ""ret6"", ""ret12"", ""ema_spread_8_30"", ""ema_spread_20_50"", ""rsi14"", ""bb_z20"", ""vol_z20"", ""vol_ratio20"", ""adx14"", ""atr_pct"", ""body_frac"", ""signed_body"", ""upper_wick"", ""lower_wick"", ""hour_sin"", ""hour_cos"", ""dow_sin"", ""dow_cos"", ""sym_BNBUSDT"", ""sym_BTCUSDT"", ""sym_ETHUSDT"", ""sym_SOLUSDT""]}",6794,3750,3044,0,0.5519576096555785,-0.006476302619958796,-44.00000000000006,-114.20000000000194,19,0.5,0.4903743727162844,-0.5096256272837156,-0.713759259314251,3742,2157,1585,0,0.5764297167290219,0.03757349011223943,140.59999999999994,-49.60000000000036,17,1.0,3.5168285574025697,2.5168285574025697,-0.4009509344734985,0.0
ML_LOGIT_T0.56,ml,"{""model"": ""ML_LOGIT"", ""threshold"": 0.56, ""features"": [""ret1"", ""ret2"", ""ret3"", ""ret6"", ""ret12"", ""ema_spread_8_30"", ""ema_spread_20_50"", ""rsi14"", ""bb_z20"", ""vol_z20"", ""vol_ratio20"", ""adx14"", ""atr_pct"", ""body_frac"", ""signed_body"", ""upper_wick"", ""lower_wick"", ""hour_sin"", ""hour_cos"", ""dow_sin"", ""dow_cos"", ""sym_BNBUSDT"", ""sym_BTCUSDT"", ""sym_ETHUSDT"", ""sym_SOLUSDT""]}",3114,1696,1418,0,0.5446371226718048,-0.019653179190751456,-61.20000000000003,-76.40000000000096,15,0.16666666666666666,0.47837491388064457,-0.5216250861193554,-0.5576152141808677,1812,1052,760,0,0.5805739514348786,0.04503311258278145,81.59999999999998,-31.400000000000315,12,0.6666666666666666,2.1048816078963233,1.1048816078963233,-0.2767614255298053,0.0
ML_LOGIT_T0.57,ml,"{""model"": ""ML_LOGIT"", ""threshold"": 0.57, ""features"": [""ret1"", ""ret2"", ""ret3"", ""ret6"", ""ret12"", ""ema_spread_8_30"", ""ema_spread_20_50"", ""rsi14"", ""bb_z20"", ""vol_z20"", ""vol_ratio20"", ""adx14"", ""atr_pct"", ""body_frac"", ""signed_body"", ""upper_wick"", ""lower_wick"", ""hour_sin"", ""hour_cos"", ""dow_sin"", ""dow_cos"", ""sym_BNBUSDT"", ""sym_BTCUSDT"", ""sym_ETHUSDT"", ""sym_SOLUSDT""]}",1528,857,671,0,0.5608638743455497,0.009554973821989525,14.599999999999994,-36.40000000000008,15,0.6666666666666666,1.0886583120148365,0.08865831201483654,-0.31295074771714115,922,540,382,0,0.5856832971800434,0.05422993492407808,49.999999999999986,-23.400000000000176,12,0.6666666666666666,1.5897604023287977,0.5897604023287977,-0.21485885504339752,0.0
ML_LOGIT_T0.58,ml,"{""model"": ""ML_LOGIT"", ""threshold"": 0.58, ""features"": [""ret1"", ""ret2"", ""ret3"", ""ret6"", ""ret12"", ""ema_spread_8_30"", ""ema_spread_20_50"", ""rsi14"", ""bb_z20"", ""vol_z20"", ""vol_ratio20"", ""adx14"", ""atr_pct"", ""body_frac"", ""signed_body"", ""upper_wick"", ""lower_wick"", ""hour_sin"", ""hour_cos"", ""dow_sin"", ""dow_cos"", ""sym_BNBUSDT"", ""sym_BTCUSDT"", ""sym_ETHUSDT"", ""sym_SOLUSDT""]}",802,449,353,0,0.559850374064838,0.007730673316708222,6.199999999999994,-32.399999999999984,12,0.5,1.0303923130658539,0.030392313065853882,-0.28063041823722157,472,292,180,0,0.6186440677966102,0.11355932203389826,53.59999999999998,-13.200000000000003,12,1.0,1.6780712760477243,0.6780712760477243,-0.1249353613727201,0.0
ML_LOGIT_T0.59,ml,"{""model"": ""ML_LOGIT"", ""threshold"": 0.59, ""features"": [""ret1"", ""ret2"", ""ret3"", ""ret6"", ""ret12"", ""ema_spread_8_30"", ""ema_spread_20_50"", ""rsi14"", ""bb_z20"", ""vol_z20"", ""vol_ratio20"", ""adx14"", ""atr_pct"", ""body_frac"", ""signed_body"", ""upper_wick"", ""lower_wick"", ""hour_sin"", ""hour_cos"", ""dow_sin"", ""dow_cos"", ""sym_BNBUSDT"", ""sym_BTCUSDT"", ""sym_ETHUSDT"", ""sym_SOLUSDT""]}",437,244,193,0,0.5583524027459954,0.005034324942791771,2.2000000000000037,-19.799999999999983,8,0.6666666666666666,1.0045287988256475,0.004528798825647495,-0.18340359895622527,276,174,102,0,0.6304347826086957,0.13478260869565217,37.2,-13.2,12,1.0,1.4352330811344995,0.43523308113449954,-0.12430422072886993,0.0
ML_LOGIT_T0.60,ml,"{""model"": ""ML_LOGIT"", ""threshold"": 0.6, ""features"": [""ret1"", ""ret2"", ""ret3"", ""ret6"", ""ret12"", ""ema_spread_8_30"", ""ema_spread_20_50"", ""rsi14"", ""bb_z20"", ""vol_z20"", ""vol_ratio20"", ""adx14"", ""atr_pct"", ""body_frac"", ""signed_body"", ""upper_wick"", ""lower_wick"", ""hour_sin"", ""hour_cos"", ""dow_sin"", ""dow_cos"", ""sym_BNBUSDT"", ""sym_BTCUSDT"", ""sym_ETHUSDT"", ""sym_SOLUSDT""]}",250,135,115,0,0.54,-0.028,-7.0,-19.599999999999994,8,0.16666666666666666,0.9230372197705737,-0.07696278022942626,-0.18163541303685726,145,89,56,0,0.6137931034482759,0.10482758620689656,15.200000000000001,-12.2,12,0.6666666666666666,1.157599299241871,0.1575992992418711,-0.11545880881704018,0.0
ML_LOGIT_T0.61,ml,"{""model"": ""ML_LOGIT"", ""threshold"": 0.61, ""features"": [""ret1"", ""ret2"", ""ret3"", ""ret6"", ""ret12"", ""ema_spread_8_30"", ""ema_spread_20_50"", ""rsi14"", ""bb_z20"", ""vol_z20"", ""vol_ratio20"", ""adx14"", ""atr_pct"", ""body_frac"", ""signed_body"", ""upper_wick"", ""lower_wick"", ""hour_sin"", ""hour_cos"", ""dow_sin"", ""dow_cos"", ""sym_BNBUSDT"", ""sym_BTCUSDT"", ""sym_ETHUSDT"", ""sym_SOLUSDT""]}",158,80,78,0,0.5063291139240507,-0.08860759493670889,-14.000000000000004,-18.4,7,0.16666666666666666,0.8637493774621678,-0.13625062253783216,-0.17074979071836016,77,44,33,0,0.5714285714285714,0.028571428571428574,2.2,-9.2,9,0.6666666666666666,1.0191188500040762,0.019118850004076204,-0.0883828683911253,0.0
ML_LOGIT_T0.62,ml,"{""model"": ""ML_LOGIT"", ""threshold"": 0.62, ""features"": [""ret1"", ""ret2"", ""ret3"", ""ret6"", ""ret12"", ""ema_spread_8_30"", ""ema_spread_20_50"", ""rsi14"", ""bb_z20"", ""vol_z20"", ""vol_ratio20"", ""adx14"", ""atr_pct"", ""body_frac"", ""signed_body"", ""upper_wick"", ""lower_wick"", ""hour_sin"", ""hour_cos"", ""dow_sin"", ""dow_cos"", ""sym_BNBUSDT"", ""sym_BTCUSDT"", ""sym_ETHUSDT"", ""sym_SOLUSDT""]}",101,47,54,0,0.46534653465346537,-0.1623762376237624,-16.400000000000002,-17.39999999999998,8,0.16666666666666666,0.84517281091325,-0.15482718908674997,-0.16297722891314936,52,32,20,0,0.6153846153846154,0.1076923076923077,5.6000000000000005,-6.4,6,1.0,1.0554579110851356,0.05545791108513565,-0.06277026249956941,0.0
ML_LOGIT_T0.63,ml,"{""model"": ""ML_LOGIT"", ""threshold"": 0.63, ""features"": [""ret1"", ""ret2"", ""ret3"", ""ret6"", ""ret12"", ""ema_spread_8_30"", ""ema_spread_20_50"", ""rsi14"", ""bb_z20"", ""vol_z20"", ""vol_ratio20"", ""adx14"", ""atr_pct"", ""body_frac"", ""signed_body"", ""upper_wick"", ""lower_wick"", ""hour_sin"", ""hour_cos"", ""dow_sin"", ""dow_cos"", ""sym_BNBUSDT"", ""sym_BTCUSDT"", ""sym_ETHUSDT"", ""sym_SOLUSDT""]}",73,35,38,0,0.4794520547945205,-0.136986301369863,-10.0,-13.200000000000003,6,0.16666666666666666,0.9021027745099547,-0.09789722549004531,-0.12619627834136082,39,23,16,0,0.5897435897435898,0.061538461538461556,2.400000000000001,-7.0,6,0.6666666666666666,1.022716710487141,0.02271671048714108,-0.06827059659048151,0.0
ML_LOGIT_T0.64,ml,"{""model"": ""ML_LOGIT"", ""threshold"": 0.64, ""features"": [""ret1"", ""ret2"", ""ret3"", ""ret6"", ""ret12"", ""ema_spread_8_30"", ""ema_spread_20_50"", ""rsi14"", ""bb_z20"", ""vol_z20"", ""vol_ratio20"", ""adx14"", ""atr_pct"", ""body_frac"", ""signed_body"", ""upper_wick"", ""lower_wick"", ""hour_sin"", ""hour_cos"", ""dow_sin"", ""dow_cos"", ""sym_BNBUSDT"", ""sym_BTCUSDT"", ""sym_ETHUSDT"", ""sym_SOLUSDT""]}",54,26,28,0,0.48148148148148145,-0.1333333333333333,-7.199999999999998,-11.2,4,0.16666666666666666,0.928451631210177,-0.07154836878982296,-0.10748980827801868,29,16,13,0,0.5517241379310345,-0.006896551724137907,-0.1999999999999993,-5.2,5,0.5,0.9968413473642136,-0.0031586526357864075,-0.05098800940379211,0.0
ML_LOGIT_T0.65,ml,"{""model"": ""ML_LOGIT"", ""threshold"": 0.65, ""features"": [""ret1"", ""ret2"", ""ret3"", ""ret6"", ""ret12"", ""ema_spread_8_30"", ""ema_spread_20_50"", ""rsi14"", ""bb_z20"", ""vol_z20"", ""vol_ratio20"", ""adx14"", ""atr_pct"", ""body_frac"", ""signed_body"", ""upper_wick"", ""lower_wick"", ""hour_sin"", ""hour_cos"", ""dow_sin"", ""dow_cos"", ""sym_BNBUSDT"", ""sym_BTCUSDT"", ""sym_ETHUSDT"", ""sym_SOLUSDT""]}",43,19,24,0,0.4418604651162791,-0.20465116279069764,-8.799999999999999,-13.0,5,0.16666666666666666,0.9141022552453374,-0.08589774475466261,-0.12311143315368012,18,10,8,0,0.5555555555555556,2.4671622769447922e-17,4.440892098500626e-16,-4.2,4,0.5,0.9992792695148363,-0.0007207304851637453,-0.04140202970080009,0.0
ML_HGB_T0.55,ml,"{""model"": ""ML_HGB"", ""threshold"": 0.55, ""features"": [""ret1"", ""ret2"", ""ret3"", ""ret6"", ""ret12"", ""ema_spread_8_30"", ""ema_spread_20_50"", ""rsi14"", ""bb_z20"", ""vol_z20"", ""vol_ratio20"", ""adx14"", ""atr_pct"", ""body_frac"", ""signed_body"", ""upper_wick"", ""lower_wick"", ""hour_sin"", ""hour_cos"", ""dow_sin"", ""dow_cos"", ""sym_BNBUSDT"", ""sym_BTCUSDT"", ""sym_ETHUSDT"", ""sym_SOLUSDT""]}",10771,6974,3797,0,0.647479342679417,0.1654628168229505,1782.1999999999998,-23.400000000000773,13,1.0,36356730.3046222,36356729.3046222,-0.2105379718713064,5800,3292,2508,0,0.5675862068965517,0.021655172413793094,125.59999999999995,-44.40000000000014,13,1.0,2.787017881474009,1.787017881474009,-0.36739872672168816,0.0
ML_HGB_T0.56,ml,"{""model"": ""ML_HGB"", ""threshold"": 0.56, ""features"": [""ret1"", ""ret2"", ""ret3"", ""ret6"", ""ret12"", ""ema_spread_8_30"", ""ema_spread_20_50"", ""rsi14"", ""bb_z20"", ""vol_z20"", ""vol_ratio20"", ""adx14"", ""atr_pct"", ""body_frac"", ""signed_body"", ""upper_wick"", ""lower_wick"", ""hour_sin"", ""hour_cos"", ""dow_sin"", ""dow_cos"", ""sym_BNBUSDT"", ""sym_BTCUSDT"", ""sym_ETHUSDT"", ""sym_SOLUSDT""]}",5398,3629,1769,0,0.6722860318636532,0.21011485735457575,1134.1999999999998,-16.999999999999986,12,1.0,68695.81312422486,68694.81312422486,-0.15827143846064717,3021,1726,1295,0,0.5713339953657729,0.028401191658391254,85.79999999999998,-28.40000000000015,13,1.0,2.0914882296876876,1.0914882296876876,-0.25280005359929236,0.0
ML_HGB_T0.57,ml,"{""model"": ""ML_HGB"", ""threshold"": 0.57, ""features"": [""ret1"", ""ret2"", ""ret3"", ""ret6"", ""ret12"", ""ema_spread_8_30"", ""ema_spread_20_50"", ""rsi14"", ""bb_z20"", ""vol_z20"", ""vol_ratio20"", ""adx14"", ""atr_pct"", ""body_frac"", ""signed_body"", ""upper_wick"", ""lower_wick"", ""hour_sin"", ""hour_cos"", ""dow_sin"", ""dow_cos"", ""sym_BNBUSDT"", ""sym_BTCUSDT"", ""sym_ETHUSDT"", ""sym_SOLUSDT""]}",2994,2082,912,0,0.6953907815631263,0.25170340681362724,753.5999999999999,-19.19999999999998,10,1.0,1675.426286349662,1674.426286349662,-0.17703451997513608,1735,1023,712,0,0.5896253602305476,0.06132564841498558,106.39999999999998,-20.40000000000005,12,1.0,2.706343396047999,1.7063433960479988,-0.18637241909072022,0.0
ML_HGB_T0.58,ml,"{""model"": ""ML_HGB"", ""threshold"": 0.58, ""features"": [""ret1"", ""ret2"", ""ret3"", ""ret6"", ""ret12"", ""ema_spread_8_30"", ""ema_spread_20_50"", ""rsi14"", ""bb_z20"", ""vol_z20"", ""vol_ratio20"", ""adx14"", ""atr_pct"", ""body_frac"", ""signed_body"", ""upper_wick"", ""lower_wick"", ""hour_sin"", ""hour_cos"", ""dow_sin"", ""dow_cos"", ""sym_BNBUSDT"", ""sym_BTCUSDT"", ""sym_ETHUSDT"", ""sym_SOLUSDT""]}",1657,1204,453,0,0.7266143633071817,0.3079058539529269,510.19999999999993,-10.599999999999994,8,1.0,154.6050987641707,153.6050987641707,-0.10157347592803612,1019,585,434,0,0.5740922473012757,0.033366045142296345,33.99999999999998,-27.800000000000107,11,0.6666666666666666,1.349229224182092,0.349229224182092,-0.2472436492164226,0.0
ML_HGB_T0.59,ml,"{""model"": ""ML_HGB"", ""threshold"": 0.59, ""features"": [""ret1"", ""ret2"", ""ret3"", ""ret6"", ""ret12"", ""ema_spread_8_30"", ""ema_spread_20_50"", ""rsi14"", ""bb_z20"", ""vol_z20"", ""vol_ratio20"", ""adx14"", ""atr_pct"", ""body_frac"", ""signed_body"", ""upper_wick"", ""lower_wick"", ""hour_sin"", ""hour_cos"", ""dow_sin"", ""dow_cos"", ""sym_BNBUSDT"", ""sym_BTCUSDT"", ""sym_ETHUSDT"", ""sym_SOLUSDT""]}",831,617,214,0,0.7424789410348978,0.33646209386281584,279.59999999999997,-8.800000000000011,5,1.0,15.88839233660214,14.88839233660214,-0.08490862165136592,505,292,213,0,0.5782178217821782,0.040792079207920766,20.599999999999987,-21.599999999999934,9,0.6666666666666666,1.2044029906955995,0.20440299069559953,-0.20224634769081407,0.0
ML_HGB_T0.60,ml,"{""model"": ""ML_HGB"", ""threshold"": 0.6, ""features"": [""ret1"", ""ret2"", ""ret3"", ""ret6"", ""ret12"", ""ema_spread_8_30"", ""ema_spread_20_50"", ""rsi14"", ""bb_z20"", ""vol_z20"", ""vol_ratio20"", ""adx14"", ""atr_pct"", ""body_frac"", ""signed_body"", ""upper_wick"", ""lower_wick"", ""hour_sin"", ""hour_cos"", ""dow_sin"", ""dow_cos"", ""sym_BNBUSDT"", ""sym_BTCUSDT"", ""sym_ETHUSDT"", ""sym_SOLUSDT""]}",350,274,76,0,0.7828571428571428,0.40914285714285703,143.19999999999996,-7.199999999999999,7,1.0,4.134857884694939,3.134857884694939,-0.06987334801665668,202,120,82,0,0.594059405940594,0.06930693069306929,13.999999999999996,-15.399999999999995,7,0.6666666666666666,1.141168591820152,0.14116859182015196,-0.1444415417439585,0.0
ML_HGB_T0.61,ml,"{""model"": ""ML_HGB"", ""threshold"": 0.61, ""features"": [""ret1"", ""ret2"", ""ret3"", ""ret6"", ""ret12"", ""ema_spread_8_30"", ""ema_spread_20_50"", ""rsi14"", ""bb_z20"", ""vol_z20"", ""vol_ratio20"", ""adx14"", ""atr_pct"", ""body_frac"", ""signed_body"", ""upper_wick"", ""lower_wick"", ""hour_sin"", ""hour_cos"", ""dow_sin"", ""dow_cos"", ""sym_BNBUSDT"", ""sym_BTCUSDT"", ""sym_ETHUSDT"", ""sym_SOLUSDT""]}",130,106,24,0,0.8153846153846154,0.46769230769230763,60.79999999999999,-3.2,2,1.0,1.8283573162319355,0.8283573162319355,-0.031719221920000096,78,45,33,0,0.5769230769230769,0.03846153846153845,2.999999999999999,-4.6,4,0.6666666666666666,1.0272718008041093,0.027271800804109292,-0.0453856499789862,0.0
ML_HGB_T0.62,ml,"{""model"": ""ML_HGB"", ""threshold"": 0.62, ""features"": [""ret1"", ""ret2"", ""ret3"", ""ret6"", ""ret12"", ""ema_spread_8_30"", ""ema_spread_20_50"", ""rsi14"", ""bb_z20"", ""vol_z20"", ""vol_ratio20"", ""adx14"", ""atr_pct"", ""body_frac"", ""signed_body"", ""upper_wick"", ""lower_wick"", ""hour_sin"", ""hour_cos"", ""dow_sin"", ""dow_cos"", ""sym_BNBUSDT"", ""sym_BTCUSDT"", ""sym_ETHUSDT"", ""sym_SOLUSDT""]}",51,41,10,0,0.803921568627451,0.4470588235294118,22.8,-4.199999999999999,3,0.8333333333333334,1.2538158697272654,0.25381586972726544,-0.04174753735660208,31,21,10,0,0.6774193548387096,0.21935483870967742,6.8,-2.0,2,1.0,1.0691117933717018,0.06911179337170181,-0.01990000000000003,0.0
ML_HGB_T0.63,ml,"{""model"": ""ML_HGB"", ""threshold"": 0.63, ""features"": [""ret1"", ""ret2"", ""ret3"", ""ret6"", ""ret12"", ""ema_spread_8_30"", ""ema_spread_20_50"", ""rsi14"", ""bb_z20"", ""vol_z20"", ""vol_ratio20"", ""adx14"", ""atr_pct"", ""body_frac"", ""signed_body"", ""upper_wick"", ""lower_wick"", ""hour_sin"", ""hour_cos"", ""dow_sin"", ""dow_cos"", ""sym_BNBUSDT"", ""sym_BTCUSDT"", ""sym_ETHUSDT"", ""sym_SOLUSDT""]}",17,14,3,0,0.8235294117647058,0.48235294117647065,8.200000000000001,-2.0,2,0.8333333333333334,1.0848083848030559,0.08480838480305586,-0.019899999999999918,5,2,3,0,0.4,-0.28,-1.4000000000000001,-3.0,3,0.3333333333333333,0.9858858831360001,-0.014114116863999882,-0.029700999999999977,0.0
ML_HGB_T0.64,ml,"{""model"": ""ML_HGB"", ""threshold"": 0.64, ""features"": [""ret1"", ""ret2"", ""ret3"", ""ret6"", ""ret12"", ""ema_spread_8_30"", ""ema_spread_20_50"", ""rsi14"", ""bb_z20"", ""vol_z20"", ""vol_ratio20"", ""adx14"", ""atr_pct"", ""body_frac"", ""signed_body"", ""upper_wick"", ""lower_wick"", ""hour_sin"", ""hour_cos"", ""dow_sin"", ""dow_cos"", ""sym_BNBUSDT"", ""sym_BTCUSDT"", ""sym_ETHUSDT"", ""sym_SOLUSDT""]}",5,4,1,0,0.8,0.44000000000000006,2.2,-1.0,1,0.75,1.02206219157504,0.02206219157504008,-0.010000000000000009,3,2,1,0,0.6666666666666666,0.20000000000000004,0.6000000000000001,-1.0,1,0.5,1.00590336,0.005903360000000024,-0.010000000000000009,0.0
ML_HGB_T0.65,ml,"{""model"": ""ML_HGB"", ""threshold"": 0.65, ""features"": [""ret1"", ""ret2"", ""ret3"", ""ret6"", ""ret12"", ""ema_spread_8_30"", ""ema_spread_20_50"", ""rsi14"", ""bb_z20"", ""vol_z20"", ""vol_ratio20"", ""adx14"", ""atr_pct"", ""body_frac"", ""signed_body"", ""upper_wick"", ""lower_wick"", ""hour_sin"", ""hour_cos"", ""dow_sin"", ""dow_cos"", ""sym_BNBUSDT"", ""sym_BTCUSDT"", ""sym_ETHUSDT"", ""sym_SOLUSDT""]}",0,0,0,0,,,0.0,0.0,0,0.0,1.0,0.0,0.0,2,1,1,0,0.5,-0.09999999999999998,-0.19999999999999996,-1.0,1,0.0,0.99792,-0.0020799999999999708,-0.010000000000000009,0.0
