period,start_equity,end_equity,return_pct
2026,10000,9967.380234580005,-0.3261976541999556