period,start_equity,end_equity,return_pct
2023-02,10000,9638.263802800002,-3.617361971999977
2023-03,9638.263802800002,9631.789973350002,-0.06716800434658499
2023-04,9632.902774900003,9510.038687750006,-1.2754627553196007
2023-05,9510.038687750006,9359.351039630006,-1.5845114101807223
2023-06,9359.351039630006,9257.49527175001,-1.0882781022820143
2023-07,9069.00863315001,12656.560048320012,39.55836365682133
2023-08,12656.560048320012,12677.719748480016,0.1671836587447295
2023-09,12677.719748480016,12884.01301313002,1.6272111132188183
2023-10,12884.01301313002,19203.903379130028,49.05218862756073
2023-11,18939.946731830023,30570.976770080037,61.410046199882814
2023-12,31210.02473744003,54715.27619920005,75.3131458866252
2024-01,54919.845444800056,55286.295367720064,0.6672450003311292
2024-02,55286.295367720064,66273.95030276009,19.874102364716183
2024-03,66441.68278119009,106709.25046193009,60.6058817223996
2024-04,104708.01662873008,97779.22452913011,-6.617250830151655
2024-05,97779.22452913011,90782.58680920015,-7.155546337806696
2024-06,91379.84311879016,88785.20108693014,-2.839403027303389
2024-07,88785.20108693014,89759.89995413013,1.0978168154911927
2024-08,87886.10983933014,85761.08529573015,-2.417929918032402
2024-09,85761.08529573015,82171.69454841017,-4.185337364776432
2024-10,83599.13344611017,78804.99705951019,-5.734672345246716
2024-11,77108.5754381102,94956.72784189023,23.1467801115137
2024-12,95248.99113373023,77314.61623519026,-18.828939482791984
2025-01,77314.61623519026,75364.93645409026,-2.521747990275336
2025-02,75364.93645409026,74942.99003319028,-0.5598709967161164
2025-03,74942.99003319028,74942.99003319028,0
2025-04,74942.99003319028,124423.88320634293,66.02471178590402
2025-05,124423.88320634293,162315.62268917632,30.453750924968514
2025-06,162315.62268917632,170013.34164458644,4.74243873009732
2025-07,170013.34164458644,269105.54140597366,58.28495505284512
2025-08,271627.8893359012,291397.9412172119,7.278358613928115
2025-09,291397.9412172119,272528.76866771193,-6.4753966588372736
2025-10,272528.76866771193,258841.034161012,-5.022491597350987
2025-11,258841.034161012,258841.034161012,0
2025-12,258841.034161012,258841.034161012,0
2026-01,258841.034161012,240227.5343224341,-7.191093135178628
2026-02,240227.5343224341,240227.5343224341,0
2026-03,240227.5343224341,209979.96914453412,-12.59121493429709
2026-04,209979.96914453412,225830.94215672524,7.548802429473889