period,start_equity,end_equity,return_pct
2023-02,10000,10000,0
2023-03,10000,10000,0
2023-04,10000,10000,0
2023-05,10000,10000,0
2023-06,10000,10000,0
2023-07,10000,10000,0
2023-08,10000,10000,0
2023-09,10000,10000,0
2023-10,10000,10093.531862800002,0.9353186280000259
2023-11,10093.531862800002,10093.531862800002,0
2023-12,10093.531862800002,10093.531862800002,0
2024-01,10093.531862800002,10093.531862800002,0
2024-02,10093.531862800002,10093.531862800002,0
2024-03,10093.531862800002,10093.531862800002,0
2024-04,10093.531862800002,10093.531862800002,0
2024-05,10093.531862800002,10093.531862800002,0
2024-06,10093.531862800002,10093.531862800002,0
2024-07,10093.531862800002,10093.531862800002,0
2024-08,10093.531862800002,10093.531862800002,0
2024-09,10093.531862800002,10093.531862800002,0
2024-10,10093.531862800002,10093.531862800002,0
2024-11,10093.531862800002,11132.734467800004,10.295728186384512
2024-12,11132.734467800004,11132.734467800004,0
2025-01,11132.734467800004,11132.734467800004,0
2025-02,11132.734467800004,11132.734467800004,0
2025-03,11132.734467800004,11132.734467800004,0
2025-04,11132.734467800004,11132.734467800004,0
2025-05,11132.734467800004,11132.734467800004,0
2025-06,11132.734467800004,11132.734467800004,0
2025-07,11132.734467800004,11132.734467800004,0
2025-08,11132.734467800004,10448.144303700006,-6.149344225177444
2025-09,10448.144303700006,10448.144303700006,0
2025-10,10448.144303700006,10448.144303700006,0
2025-11,10448.144303700006,10448.144303700006,0
2025-12,10448.144303700006,10448.144303700006,0
2026-01,10448.144303700006,10448.144303700006,0
2026-02,10448.144303700006,10448.144303700006,0
2026-03,10448.144303700006,10448.144303700006,0
2026-04,10448.144303700006,10448.144303700006,0