period,start_equity,end_equity,return_pct
2023,10000,40173.97468132978,301.73974681329787
2024,41280.73241732979,68546.10231139396,66.04865829032161
2025,68546.10231139396,139386.5055613603,103.34709175461172