period,start_equity,end_equity,return_pct
2023,10000,24435.489490820022,144.3548949082002
2024,24804.00920502002,33605.894854120095,35.48573771420263
2025,33605.894854120095,31972.131889120148,-4.861536858613502