period,start_equity,end_equity,return_pct
2023,10000,56385.61193805009,463.85611938050084
2024,57583.8304660501,57280.7850561205,-0.5262682379357675
2025,57280.7850561205,50822.27203144077,-11.275182451413745