period,start_equity,end_equity,return_pct
2023,10000,10000,0
2024,10000,10169.425930180001,1.6942593018000052
2025,10169.425930180001,10209.817260960004,0.3971839812523914