period,start_equity,end_equity,return_pct
2023,10000,27594.08773466002,175.9408773466002
2024,28354.268330660027,49752.66251578013,75.46798222961586
2025,49752.66251578013,74098.22506685028,48.933185321184425