period,start_equity,end_equity,return_pct
2023,10000,49814.162994560065,398.1416299456007
2024,51186.485638560065,65749.60023076023,28.451092921349954
2025,65749.60023076023,82036.17072838027,24.770600034767277