period,start_equity,end_equity,return_pct
2023,10000,37242.85275337002,272.42852753370016
2024,38268.849501370016,55384.17679238013,44.72391387255421
2025,55384.17679238013,59143.063120300205,6.786931837970789