period,start_equity,end_equity,return_pct
2023,10000,40443.29494870004,304.43294948700037
2024,41557.450424700044,49558.06268450019,19.2519323924764
2025,49558.06268450019,71267.36010806025,43.805783050413474