period,start_equity,end_equity,return_pct
2023,10000,51003.533511910035,410.03533511910035
2024,52408.62953991004,66164.17756526021,26.246723385268233
2025,66164.17756526021,82553.59178097031,24.770827385475492