period,start_equity,end_equity,return_pct
2023-02,10000,9700.1681617,-2.9983183830000093
2023-03,9700.1681617,9716.672210587241,0.17014188426554
2023-04,9671.185315645962,11474.407043206846,18.645302191073164
2023-05,11474.407043206846,11373.327870506848,-0.8809097700594459
2023-06,11373.327870506848,11398.122086186848,0.21800317340974207
2023-07,11356.15955258685,10834.501449226851,-4.5936137207685634
2023-08,10834.501449226851,10768.732095746855,-0.6070362700878129
2023-09,10768.732095746855,10943.950378496858,1.6271022548625558
2023-10,10943.950378496858,9283.53814331062,-15.171964215487376
2023-11,9198.624182278938,8017.413956821063,-12.841161917816635
2023-12,8164.769161021062,15402.02454900632,88.64004903575484
2024-01,15428.405169006317,15932.733020086325,3.2688268525196573
2024-02,15932.733020086325,21178.022297529213,32.92146595835237
2024-03,21638.309845871092,28016.96642165001,29.47853423494653
2024-04,27339.32464411001,29214.327570610014,6.858263512021168
2024-05,29214.327570610014,31829.099085811027,8.950305321528296
2024-06,32096.77456305103,31128.78336478103,-3.015851939790626
2024-07,31128.78336478103,30112.655495646166,-3.2642710678005726
2024-08,30112.655495646166,30112.655495646166,0
2024-09,30112.655495646166,31407.27252869029,4.299245655140926
2024-10,31899.855203043404,37608.60558995975,17.895850468850092
2024-11,37199.4976906636,116576.86974147953,213.3829136911658
2024-12,116389.21982515953,94917.89084362958,-18.447867434616615
2025-01,94917.89084362958,72240.14214562165,-23.89196440886776
2025-02,72240.14214562165,76726.24857062165,6.209991137554671
2025-03,76726.24857062165,76726.24857062165,0
2025-04,76726.24857062165,111381.4768689581,45.16736963418522
2025-05,111381.4768689581,143603.7353534513,28.929638383591527
2025-06,143603.7353534513,139169.53550922134,-3.087802579310406
2025-07,139169.53550922134,212585.86557368748,52.75316167136419
2025-08,217525.94715600673,242525.39550125154,11.49262820003516
2025-09,242525.39550125154,215407.12497188803,-11.18162098996497
2025-10,215407.12497188803,211791.43022713135,-1.6785399950110969
2025-11,211791.43022713135,211791.43022713135,0
2025-12,211791.43022713135,211791.43022713135,0
2026-01,211791.43022713135,195757.70163924055,-7.570527556613483
2026-02,195757.70163924055,195757.70163924055,0
2026-03,195757.70163924055,171109.32089052055,-12.591269994650933
2026-04,171109.32089052055,184025.98298669475,7.548777605422541