period,start_equity,end_equity,return_pct
2023,10000,15418.887397810024,54.18887397810024
2024,15418.887397810024,16817.494380380052,9.070738675792356
2025,16817.494380380052,15584.312452980068,-7.332732804945441