period,start_equity,end_equity,return_pct
2023,10000,10000,0
2024,10000,10026.7417499,0.2674174990000111
2025,10026.7417499,9425.496475160004,-5.996417278284771