period,start_equity,end_equity,return_pct
2023,10000,10000,0
2024,10000,15510.081186580019,55.10081186580018
2025,15510.081186580019,20531.26194435003,32.37365876662561