period,start_equity,end_equity,return_pct
2023,10000,51782.09152268006,417.8209152268006
2024,53208.62703868006,78497.12890698026,47.527070844952824
2025,78497.12890698026,121243.58623274037,54.4560774654765