period,start_equity,end_equity,return_pct
2023-02,10000,9512.540108800004,-4.874598911999961
2023-03,9512.540108800004,9506.150323420003,-0.06717223062312483
2023-04,9526.182226880004,9772.024305400004,2.5806988850823
2023-05,9772.024305400004,9685.944737100004,-0.8808775501349508
2023-06,9685.944737100004,9580.535463310005,-1.088270443937711
2023-07,9426.534855310007,13120.04064875001,39.18200961575435
2023-08,13120.04064875001,13120.04064875001,0
2023-09,13120.04064875001,13120.04064875001,0
2023-10,13120.04064875001,19325.085075950017,47.29439941019682
2023-11,19675.905447950012,30447.724447960023,54.746242954386126
2023-12,30447.724447960023,53193.26922028004,74.70359504598036
2024-01,54658.69172428005,53748.439455680054,-1.6653385580314706
2024-02,53748.439455680054,64430.24692190006,19.87370717065753
2024-03,65295.26755140006,103740.07844576008,58.8784031922321
2024-04,101135.74056896009,92355.10733216007,-8.682027923464785
2024-05,92355.10733216007,85746.5963270901,-7.155544718606743
2024-06,86467.6870655301,83785.3026329301,-3.1021813160876266
2024-07,83785.3026329301,84705.10065533011,1.0978035448886647
2024-08,84230.9338361301,82418.23360023012,-2.152060001408229
2024-09,82418.23360023012,80249.93017137013,-2.6308540405965863
2024-10,81241.95613837014,79241.85816367014,-2.4619027775420133
2024-11,79505.01671247014,95482.90636127019,20.096706232493577
2024-12,95329.21203167019,77743.07814437021,-18.44779109414806
2025-01,77743.07814437021,73356.51173359023,-5.642388384254682
2025-02,73356.51173359023,73356.51173359023,0
2025-03,73356.51173359023,73356.51173359023,0
2025-04,73356.51173359023,74242.75976939025,1.2081381936734026
2025-05,76305.65845139025,103699.37331234023,35.89997834616796
2025-06,103699.37331234023,95928.00984188025,-7.4941277099648484
2025-07,95928.00984188025,118548.00778151028,23.580180571779774
2025-08,117940.61322817029,119011.81874142027,0.9082583886329321
2025-09,119011.81874142027,111305.43463392029,-6.475309922154726
2025-10,111305.43463392029,87727.44309652032,-21.18314493353102
2025-11,87727.44309652032,87727.44309652032,0
2025-12,87727.44309652032,87727.44309652032,0
2026-01,87727.44309652032,87025.35862312035,-0.8003019905954756
2026-02,87025.35862312035,87025.35862312035,0
2026-03,87025.35862312035,76616.91084547037,-11.960246923802664
2026-04,76616.91084547037,82622.65460689037,7.838666027051211