period,start_equity,end_equity,return_pct
2023,10000,41522.90289940002,315.22902899400015
2024,40692.04457460001,61183.34216997009,50.35701157213603
2025,61183.34216997009,54321.82643490017,-11.214679505425384