period,start_equity,end_equity,return_pct
2023-02,10000,10000,0
2023-03,10000,10000,0
2023-04,10000,10000,0
2023-05,10000,10000,0
2023-06,10000,10000,0
2023-07,10000,10000,0
2023-08,10000,10000,0
2023-09,10000,10000,0
2023-10,10000,10000,0
2023-11,10000,10000,0
2023-12,10000,10000,0
2024-01,10000,10000,0
2024-02,10000,10000,0
2024-03,10000,10000,0
2024-04,10000,10000,0
2024-05,10000,10000,0
2024-06,10000,10000,0
2024-07,10000,10000,0
2024-08,10000,10000,0
2024-09,10000,10000,0
2024-10,10000,10000,0
2024-11,10000,10000,0
2024-12,10000,10000,0
2025-01,10000,10000,0
2025-02,10000,10000,0
2025-03,10000,10000,0
2025-04,10000,22498.751004326667,124.98751004326665
2025-05,22659.16934702915,24114.965807054155,6.4247565201055234
2025-06,24114.965807054155,24114.965807054155,0
2025-07,24114.965807054155,50531.9353309733,109.5459547207469
2025-08,51703.86207826147,51641.94326815991,-0.1197566441126563
2025-09,51641.94326815991,46677.169122100095,-9.613840672647322
2025-10,46677.169122100095,44321.538573085,-5.046643987455912
2025-11,44321.538573085,44321.538573085,0
2025-12,44321.538573085,44321.538573085,0