period,start_equity,end_equity,return_pct
2023,10000,10000,0
2024,10000,10000,0
2025,10000,44321.538573085,343.21538573085