period,start_equity,end_equity,return_pct
2023-02,10000,9638.263802800002,-3.617361971999977
2023-03,9638.263802800002,9631.789973350002,-0.06716800434658499
2023-04,9652.085354000003,9824.997687250005,1.791450519843818
2023-05,9824.997687250005,9738.447279350006,-0.880920389552009
2023-06,9738.447279350006,9632.465428890006,-1.0882828383199317
2023-07,9477.630331890008,13200.254440810015,39.27800492908282
2023-08,13200.254440810015,13160.264587270016,-0.3029475963460704
2023-09,13160.264587270016,13267.340985670016,0.8136340853175161
2023-10,13267.340985670016,19341.556426070023,45.78321644827501
2023-11,19692.676895070017,30789.917894150036,56.352120426340655
2023-12,31355.821793990035,55107.22601871004,75.7479883026776
2024-01,56625.381846710035,55682.34061265004,-1.6654037523541887
2024-02,55682.34061265004,66748.54607437005,19.87381518083304
2024-03,67644.69553637007,107473.13010073008,58.87887327831305
2024-04,104775.05946833007,97847.78275803008,-6.6115702968356445
2024-05,97847.78275803008,90846.19758463012,-7.155588993482187
2024-06,91610.17555423014,88847.41238343013,-3.015781985009458
2024-07,88847.41238343013,89822.79820743013,1.097821307153679
2024-08,89319.97521543012,85821.16522943015,-3.9171640806675456
2024-09,85821.16522943015,83563.33958551016,-2.6308494389280623
2024-10,84596.32031851017,83142.3698332102,-1.7186923495321693
2024-11,83418.4814060102,100183.10298587022,20.09701123455376
2024-12,100021.84198459022,81569.93247487028,-18.44788012658547
2025-01,81569.93247487028,76967.52112877028,-5.6422890230023
2025-02,76967.52112877028,75903.94238297029,-1.3818539693133403
2025-03,75903.94238297029,75903.94238297029,0
2025-04,75903.94238297029,78064.80825247029,2.8468427352527303
2025-05,80233.90538047029,109037.9200262203,35.90005311241049
2025-06,109037.9200262203,104899.22599987032,-3.7956465286156815
2025-07,104899.22599987032,129634.41141481034,23.579950356326364
2025-08,128970.21962589036,130671.25872118036,1.3189394421629252
2025-09,130671.25872118036,122209.85776668038,-6.475334390521548
2025-10,122209.85776668038,112994.06828238038,-7.540954267285482
2025-11,112994.06828238038,112994.06828238038,0
2025-12,112994.06828238038,112994.06828238038,0