period,start_equity,end_equity,return_pct
2023,10000,55107.22601871004,451.0722601871004
2024,56625.381846710035,81569.93247487028,44.051889478974935
2025,81569.93247487028,112994.06828238038,38.524165527771046