period,start_equity,end_equity,return_pct
2023,10000,54537.40344710003,445.37403447100024
2024,56039.84256710004,73262.6771149402,30.733195810138447
2025,73262.6771149402,95233.17843611032,29.988668427582944