period,start_equity,end_equity,return_pct
2023,10000,50911.99294037004,409.11992940370044
2024,52314.54861237005,79909.46428232026,52.748071811567264
2025,79909.46428232026,125863.1176541104,57.507147350451284