period,start_equity,end_equity,return_pct
2023,10000,55107.22601871004,451.0722601871004
2024,56625.381846710035,86198.11285912021,52.225221354738416
2025,86198.11285912021,205620.37141063818,138.54393627700225